Interface,Description,Used
Gi1/0/1,Data_VLAN_10.60.38,yes
Gi1/0/2,Data_VLAN_10.60.38,yes
Gi1/0/3,Data_VLAN_10.60.38,no
Gi1/0/4,Data_VLAN_10.60.38,no
Gi1/0/5,Data_VLAN_10.60.38,yes
Gi1/0/6,Data_VLAN_10.60.38,yes
Gi1/0/7,Data_VLAN_10.60.38,yes
Gi1/0/8,Data_VLAN_10.60.38,yes
Gi1/0/9,Data_VLAN_10.60.38,yes
Gi1/0/10,Data_VLAN_10.60.38,no
Gi1/0/11,Data_VLAN_10.60.38,yes
Gi1/0/13,Data_VLAN_10.60.38,yes
Gi1/0/14,Data_VLAN_10.60.38,yes
Gi1/0/15,Data_VLAN_10.60.38,no
Gi1/0/16,Data_VLAN_10.60.38,yes
Gi1/0/17,Data_VLAN_10.60.38,yes
Gi1/0/18,Data_VLAN_10.60.38,yes
Gi1/0/19,Data_VLAN_10.60.38,yes
Gi1/0/21,Data_VLAN_10.60.38,yes
Gi1/0/22,Data_VLAN_10.60.38,yes
Gi1/0/23,Data_VLAN_10.60.38,yes
Gi1/0/24,Data_VLAN_10.60.38,yes
Gi1/0/25,Data_VLAN_10.60.38,yes
Gi1/0/26,Data_VLAN_10.60.38,no
Gi1/0/27,Data_VLAN_10.60.38,no
Gi1/0/28,Data_VLAN_10.60.38,no
Gi1/0/29,Data_VLAN_10.60.38,no
Gi1/0/30,Data_VLAN_10.60.38,no
Gi1/0/31,Data_VLAN_10.60.38,yes
Gi1/0/32,Data_VLAN_10.60.38,yes
Gi1/0/34,Data_VLAN_10.60.38,yes
Gi1/0/35,Data_VLAN_10.60.38,yes
Gi1/0/36,Data_VLAN_10.60.38,yes
Gi1/0/37,Data_VLAN_10.60.38,yes
Gi1/0/38,Data_VLAN_10.60.38,yes
Gi1/0/39,Data_VLAN_10.60.38,no
Gi1/0/40,Data_VLAN_10.60.38,yes
Gi1/0/41,Data_VLAN_10.60.38,yes
Gi1/0/42,Data_VLAN_10.60.38,yes
Gi1/0/43,Data_VLAN_10.60.38,yes
Gi1/0/44,SERVER_10.60.48.0,no
Gi1/0/45,Wireless_AP_10.60.,yes
Gi1/0/46,Wireless_AP_10.60.,no
Gi2/0/3,Data_VLAN_10.60.38,yes
Gi2/0/17,Data_VLAN_10.60.38,yes
Gi2/0/25,Data_VLAN_10.60.38,yes
Gi2/0/27,Data_VLAN_10.60.38,no
Gi2/0/29,Data_VLAN_10.60.38,no
Gi2/0/31,Data_VLAN_10.60.38,no
Gi2/0/32,Data_VLAN_10.60.38,no
Gi2/0/33,Data_VLAN_10.60.38,yes
Gi2/0/34,Data_VLAN_10.60.38,yes
Gi2/0/35,Data_VLAN_10.60.38,no
Gi2/0/36,Data_VLAN_10.60.38,yes
Gi2/0/45,Wireless_AP_10.60.,no
Gi2/0/48,Wireless_AP_10.60.,no
Gi3/0/34,Data_VLAN_10.60.38,no
Gi3/0/44,SERVER_10.60.48.0,no
Gi3/0/45,Wireless_AP_10.60.,no
Gi3/0/47,Wireless_AP_10.60.,no
Gi4/0/3,Data_VLAN_10.60.38,no
Gi4/0/10,Data_VLAN_10.60.38,yes
Gi4/0/14,Data_VLAN_10.60.38,yes
Gi4/0/44,SERVER_10.60.48.0,no
Gi4/0/46,Wireless_AP_10.60.,no
Gi4/0/47,Wireless_AP_10.60.,no
Gi5/0/1,Data_VLAN_10.60.38,yes
Gi5/0/2,Data_VLAN_10.60.38,yes
Gi5/0/4,Data_VLAN_10.60.38,yes
Gi5/0/5,Data_VLAN_10.60.38,yes
Gi5/0/6,Data_VLAN_10.60.38,yes
Gi5/0/7,Data_VLAN_10.60.38,no
Gi5/0/8,Data_VLAN_10.60.38,yes
Gi5/0/9,Data_VLAN_10.60.38,no
Gi5/0/10,Data_VLAN_10.60.38,no
Gi5/0/11,Data_VLAN_10.60.38,no
Gi5/0/12,Data_VLAN_10.60.38,yes
Gi5/0/13,Data_VLAN_10.60.38,no
Gi5/0/14,Data_VLAN_10.60.38,yes
Gi5/0/15,Data_VLAN_10.60.38,no
Gi5/0/16,Data_VLAN_10.60.38,yes
Gi5/0/17,Data_VLAN_10.60.38,no
Gi5/0/18,Data_VLAN_10.60.38,yes
Gi5/0/19,Data_VLAN_10.60.38,no
Gi5/0/20,Data_VLAN_10.60.38,no
Gi5/0/21,Data_VLAN_10.60.38,no
Gi5/0/22,Data_VLAN_10.60.38,no
Gi5/0/23,Data_VLAN_10.60.38,no
Gi5/0/24,Data_VLAN_10.60.38,no
Gi5/0/25,Data_VLAN_10.60.38,no
Gi5/0/26,Data_VLAN_10.60.38,no
Gi5/0/27,Data_VLAN_10.60.38,no
Gi5/0/28,Data_VLAN_10.60.38,no
Gi5/0/29,Data_VLAN_10.60.38,no
Gi5/0/30,Data_VLAN_10.60.38,no
Gi5/0/31,Data_VLAN_10.60.38,no
Gi5/0/32,Data_VLAN_10.60.38,no
Gi5/0/33,Data_VLAN_10.60.38,no
Gi5/0/34,Data_VLAN_10.60.38,no
Gi5/0/35,Data_VLAN_10.60.38,no
Gi5/0/36,Data_VLAN_10.60.38,no
Gi5/0/37,Data_VLAN_10.60.38,no
Gi5/0/38,Data_VLAN_10.60.38,no
Gi5/0/39,Data_VLAN_10.60.38,no
Gi5/0/40,Data_VLAN_10.60.38,no
Gi5/0/41,Data_VLAN_10.60.38,no
Gi5/0/42,Data_VLAN_10.60.38,no
Gi5/0/43,Data_VLAN_10.60.38,no
Gi5/0/44,Data_VLAN_10.60.38,no
Gi5/0/45,Wireless_AP_10.60.,no
Gi5/0/46,Wireless_AP_10.60.,no
Gi5/0/47,Wireless_AP_10.60.,no
Gi5/0/48,Wireless_AP_10.60.,no
