Interface,Description,Status,Vlan,Duplex,Speed,Type,Used
Te1/1/1,WanprimaryrAWPRaib01Gi0/0/0,connected,trunk,full,a-1000,['1000BaseT'],yes
Te1/1/2,InternetL2L+VoiceGatewayrAWPRaib09Gi0/0/0,connected,trunk,full,a-1000,['1000BaseT'],yes
Te1/1/3,OOBRouterGi0/0/0,connected,trunk,full,a-1000,['1000BaseT'],yes
Te1/1/4,,notconnect,1,full,auto,"['No', 'XCVR']",no
Te1/1/5,,notconnect,1,full,auto,"['No', 'XCVR']",no
Te1/1/6,VSLlink,connected,trunk,full,a-10G,"['10GBase-CU', '1M']",yes
Te1/1/7,VSSfast-hello,connected,1,full,a-10G,"['10GBase-CU', '1M']",yes
Te1/1/8,WLCPrimaryzALPRaib01Gi0/1,connected,trunk,full,a-1000,['1000BaseT'],yes
Te1/1/9,WLCPrimaryzALPRaib01Gi0/1,connected,trunk,full,a-1000,['1000BaseT'],yes
Te1/1/10,sALPRaib10Te1/1/3,connected,trunk,full,a-10G,['10GBase-SR'],yes
Te1/1/11,sALPRaib11Te1/1/3,connected,trunk,full,a-10G,['10GBase-SR'],yes
Te1/1/12,sALPRaib12Te1/1/3,connected,trunk,full,a-10G,['10GBase-SR'],yes
Te1/1/13,sALPRaib13Te1/1/3,connected,trunk,full,a-10G,['10GBase-SR'],yes
Te1/1/14,sALPRaib14Te1/1/3,connected,trunk,full,a-10G,['10GBase-SR'],yes
Te1/1/15,sALPRaib15Te1/1/3,connected,trunk,full,a-10G,['10GBase-SR'],yes
Te1/1/16,sALPRaib16Te1/1/3,connected,trunk,full,a-10G,['10GBase-SR'],yes
Te1/1/17,sALPRaib17Te1/1/3,connected,trunk,full,a-10G,['10GBase-SR'],yes
Te1/1/18,,notconnect,1,full,auto,"['No', 'XCVR']",no
Te1/1/19,,notconnect,1,full,auto,"['No', 'XCVR']",no
Te1/1/20,connectedtoMNP-gMLPRai01-PG0/0(Po29),connected,trunk,full,a-1000,[ '1000BaseT'],yes
Te1/1/21,connectedtogMLPRai01-PG0/1(Po29),connected,trunk,full,a-1001,[1000BaseT'],yes
Te1/1/22,,notconnect,1,full,auto,"['No', 'XCVR']",no
Te1/1/23,,notconnect,1,full,auto,"['No', 'XCVR']",no
Te1/1/24,,notconnect,1,full,auto,"['No', 'XCVR']",no
Te1/1/25,,notconnect,1,full,auto,"['No', 'XCVR']",no
Te1/1/26,,notconnect,1,full,auto,"['No', 'XCVR']",no
Te1/1/27,,notconnect,1,full,auto,"['No', 'XCVR']",no
Te1/1/28,,notconnect,1,full,auto,"['No', 'XCVR']",no
Te1/1/29,,notconnect,1,full,auto,"['No', 'XCVR']",no
Te1/1/30,,notconnect,1,full,auto,"['No', 'XCVR']",no
Te1/1/31,,notconnect,1,full,auto,"['No', 'XCVR']",no
Te1/1/32,,notconnect,100,full,auto,"['No', 'XCVR']",no
Te1/2/1,sALPRaib100MGMT,notconnect,203,full,auto,"['No', 'XCVR']",no
Te1/2/2,,notconnect,1,full,auto,"['No', 'XCVR']",no
Te1/2/3,sALPRaib100E1/48,connected,trunk,full,a-10G,['10GBase-SR'],yes
Te1/2/4,sALPRaib101E1/48,connected,trunk,full,a-10G,['10GBase-SR'],yes
Te1/2/5,gMLPRaib01-PMGMT,connected,808,full,a-1000,['1000BaseT'],yes
Te1/2/6,,notconnect,1,full,auto,"['No', 'XCVR']",no
Te1/2/7,,notconnect,1,full,auto,"['No', 'XCVR']",no
Te1/2/8,VSLlink,connected,trunk,full,a-10G,"['10GBase-CU', '1M']",yes
Te2/1/1,WanprimaryrAWPRaib01Gi0/0/1,connected,trunk,full,a-1000,['1000BaseT'],yes
Te2/1/2,InternetL2L+VoiceGatewayrAWPRaib09Gi0/0/1,connected,trunk,full,a-1000,['1000BaseT'],yes
Te2/1/3,OOBRouterGi0/0/1,connected,trunk,full,a-1000,['1000BaseT'],yes
Te2/1/4,,notconnect,1,full,auto,"['No', 'XCVR']",no
Te2/1/5,,notconnect,1,full,auto,"['No', 'XCVR']",no
Te2/1/6,VSLlink,connected,trunk,full,a-10G,"['10GBase-CU', '1M']",yes
Te2/1/7,VSSfast-hello,connected,1,full,a-10G,"['10GBase-CU', '1M']",yes
Te2/1/8,WLCPrimaryzALPRaib01Gi0/2,connected,trunk,full,a-1000,['1000BaseT'],yes
Te2/1/9,WLCPrimaryzALPRaib01Gi0/2,connected,trunk,full,a-1000,['1000BaseT'],yes
Te2/1/10,sALPRaib10Te2/1/3,connected,trunk,full,a-10G,['10GBase-SR'],yes
Te2/1/11,sALPRaib11Te4/1/3,connected,trunk,full,a-10G,['10GBase-SR'],yes
Te2/1/12,sALPRaib12Te1/1/4,connected,trunk,full,a-10G,['10GBase-SR'],yes
Te2/1/13,sALPRaib13Te2/1/3,connected,trunk,full,a-10G,['10GBase-SR'],yes
Te2/1/14,sALPRaib14Te2/1/3,connected,trunk,full,a-10G,['10GBase-SR'],yes
Te2/1/15,sALPRaib15Te2/1/3,connected,trunk,full,a-10G,['10GBase-SR'],yes
Te2/1/16,sALPRaib16Te2/1/3,connected,trunk,full,a-10G,['10GBase-SR'],yes
Te2/1/17,sALPRaib17Te2/1/3,connected,trunk,full,a-10G,['10GBase-SR'],yes
Te2/1/18,,notconnect,1,full,auto,"['No', 'XCVR']",no
Te2/1/19,,notconnect,1,full,auto,"['No', 'XCVR']",no
Te2/1/20,Connectedto-gMLPRai01-FOG0/0(Po27),connected,trunk,full,a-1000,['1000BaseT'],yes
Te2/1/21,Connectedto-gMLPRai01-FOG0/1(Po27),connected,trunk,full,a-1000,['1000BaseT'],yes
Te2/1/22,,notconnect,1,full,auto,"['No', 'XCVR']",no
Te2/1/23,,notconnect,1,full,auto,['1000BaseT'],no
Te2/1/24,,notconnect,112,full,auto,['1000BaseT'],no
Te2/1/25,,notconnect,1,full,auto,"['No', 'XCVR']",no
Te2/1/26,,notconnect,1,full,auto,"['No', 'XCVR']",no
Te2/1/27,,notconnect,1,full,auto,"['No', 'XCVR']",no
Te2/1/28,,notconnect,1,full,auto,"['No', 'XCVR']",no
Te2/1/29,,notconnect,1,full,auto,"['No', 'XCVR']",no
Te2/1/30,,notconnect,1,full,auto,"['No', 'XCVR']",no
Te2/1/31,,notconnect,1,full,auto,"['No', 'XCVR']",no
Te2/1/32,,notconnect,1,full,auto,"['No', 'XCVR']",no
Te2/2/1,sALPRaib101MGMT,notconnect,203,full,auto,"['No', 'XCVR']",no
Te2/2/2,,notconnect,1,full,auto,"['No', 'XCVR']",no
Te2/2/3,sALPRaib100E1/47,connected,trunk,full,a-10G,['10GBase-SR'],yes
Te2/2/4,sALPRaib101E1/47,connected,trunk,full,a-10G,['10GBase-SR'],yes
Te2/2/5,gMLPRaib01-FOMGMT,connected,808,full,a-1000,['1000BaseT'],yes
Te2/2/6,,notconnect,1,full,auto,"['No', 'XCVR']",no
Te2/2/7,,notconnect,1,full,auto,"['No', 'XCVR']",no
Te2/2/8,VSLlink,connected,trunk,full,a-10G,"['10GBase-CU', '1M']",yes
Po1,VSLlink,connected,trunk,a-full,a-10G,[],yes
Po2,VSLlink,connected,trunk,a-full,a-10G,[],yes
Po3,sALPRaib100-101vPC,connected,trunk,a-full,a-10G,[],yes
Po27,"ConnectedtogMLPRai01-FO(G0/0,G0/1)",connected,trunk,a-full,a-1000,[],yes
Po29,"ConnectedtogMLPRai01-P(G0/0,G0/1)",connected,trunk,a-full,a-1000,[],yes
Po41,WLCPrimaryzALPRaib01,connected,trunk,a-full,a-1000,[],yes
Po42,WLCSecondaryzALPRaib02,connected,trunk,a-full,a-1000,[],yes
Po110,sALPRaib10Po110,connected,trunk,a-full,a-10G,[],yes
Po111,sALPRaib11Po111,connected,trunk,a-full,a-10G,[],yes
Po112,sALPRaib12Po112,connected,trunk,a-full,a-10G,[],yes
Po113,sALPRaib13Po113,connected,trunk,a-full,a-10G,[],yes
Po114,sALPRaib14Po114,connected,trunk,a-full,a-10G,[],yes
Po115,sALPRaib15Po115,connected,trunk,a-full,a-10G,[],yes
Po116,sALPRaib16Po116,connected,trunk,a-full,a-10G,[],yes
Po117,sALPRaib17Po117,connected,trunk,a-full,a-10G,[],yes
