Interface,Description,Used
Gi1/0/1,Voice_Gateway_10.6,no
Gi1/0/3,Data_VLAN_10.60.34,yes
Gi1/0/6,Data_VLAN_10.60.34,no
Gi1/0/8,Data_VLAN_10.60.34,no
Gi1/0/12,Data_VLAN_10.60.34,no
Gi1/0/14,Data_VLAN_10.60.34,no
Gi1/0/15,Data_VLAN_10.60.34,no
Gi1/0/16,Data_VLAN_10.60.34,no
Gi1/0/17,Data_VLAN_10.60.34,no
Gi1/0/18,Data_VLAN_10.60.34,no
Gi1/0/20,Data_VLAN_10.60.34,yes
Gi1/0/25,Data_VLAN_10.60.34,no
Gi1/0/34,Wireless_AP_10.60.,yes
Gi1/0/35,Wireless_AP_10.60.,yes
Gi2/0/2,Data_VLAN_10.60.34,yes
Gi2/0/5,Data_VLAN_10.60.34,yes
Gi2/0/6,Data_VLAN_10.60.34,no
Gi2/0/12,Data_VLAN_10.60.34,yes
Gi2/0/14,Data_VLAN_10.60.34,no
Gi2/0/15,Data_VLAN_10.60.34,no
Gi2/0/33,Wireless_AP_10.60.,yes
Gi2/0/35,Wireless_AP_10.60.,no
Gi2/0/38,Wireless_AP_10.60.,no
Gi2/0/39,Wireless_AP_10.60.,no
Gi2/0/40,Wireless_AP_10.60.,no
Gi2/0/41,Wireless_AP_10.60.,no
Gi2/0/42,Wireless_AP_10.60.,no
Gi2/0/43,Wireless_AP_10.60.,no
Gi2/0/44,Wireless_AP_10.60.,no
Gi2/0/45,Wireless_AP_10.60.,no
Gi2/0/46,Wireless_AP_10.60.,no
Gi2/0/47,Wireless_AP_10.60.,no
Gi2/0/48,Wireless_AP_10.60.,no
