Interface,Description,Used
Gi1/0/1,Voice_Gateway_10.6,no
Gi1/0/2,Data_VLAN_10.60.42,no
Gi1/0/4,Data_VLAN_10.60.42,no
Gi1/0/34,Data_VLAN_10.60.42,yes
Gi1/0/39,Data_VLAN_10.60.42,yes
Gi2/0/2,Data_VLAN_10.60.42,no
Gi2/0/3,Data_VLAN_10.60.42,yes
Gi2/0/4,Data_VLAN_10.60.42,no
Gi2/0/5,Data_VLAN_10.60.42,yes
Gi2/0/6,Data_VLAN_10.60.42,no
Gi2/0/10,Data_VLAN_10.60.42,no
Gi2/0/11,Data_VLAN_10.60.42,no
Gi2/0/12,Data_VLAN_10.60.42,no
Gi2/0/27,Data_VLAN_10.60.42,no
Gi2/0/29,Data_VLAN_10.60.42,yes
Gi2/0/32,Data_VLAN_10.60.42,no
Gi2/0/35,Data_VLAN_10.60.42,no
Gi2/0/36,Data_VLAN_10.60.42,no
Gi2/0/37,Data_VLAN_10.60.42,no
Gi2/0/38,Data_VLAN_10.60.42,no
Gi2/0/40,Data_VLAN_10.60.42,no
Gi2/0/41,Data_VLAN_10.60.42,no
Gi2/0/42,Data_VLAN_10.60.42,no
Gi2/0/43,Data_VLAN_10.60.42,no
Gi2/0/44,Data_VLAN_10.60.42,no
Gi2/0/45,Wireless_AP_10.60.,no
Gi2/0/46,Wireless_AP_10.60.,no
Gi2/0/47,Wireless_AP_10.60.,no
Gi2/0/48,Wireless_AP_10.60.,no
