Interface,Description,Status,Vlan,Duplex,Speed,Type,Used
Eth1/1,eth10G**HostsConnections**,connected,30,full,1000,['SFP-1000BAS'],yes
Eth1/2,eth10G**HostsConnections**,connected,30,full,1000,['SFP-1000BAS'],yes
Eth1/3,eth10G**HostsConnections**,connected,30,full,1000,['SFP-1000BAS'],yes
Eth1/4,eth10G**HostsConnections**,connected,30,full,1000,['SFP-1000BAS'],yes
Eth1/5,eth10G**HostsConnections**,connected,30,full,1000,['SFP-1000BAS'],yes
Eth1/6,eth10G**HostsConnections**,connected,30,full,1000,['SFP-1000BAS'],yes
Eth1/17,eth10G**HostsConnections**,connected,122,full,1000,['SFP-1000BAS'],yes
Eth1/18,eth10G**HostsConnections**,connected,122,full,1000,['SFP-1000BAS'],yes
Eth1/19,eth10G**HostsConnections**,connected,122,full,1000,['SFP-1000BAS'],yes
Eth1/21,eth10G**HostsConnections**,connected,60,full,1000,['SFP-1000BAS'],yes
Eth1/22,eth10G**HostsConnections**,connected,60,full,1000,['SFP-1000BAS'],yes
Eth1/23,eth10G**HostsConnections**,connected,60,full,1000,['SFP-1000BAS'],yes
Eth1/47,eth10G**uplinksDLPRaib01Ten2/2/4**,connected,trunk,full,10G,['10Gbase-SR'],yes
Eth1/48,eth10G**uplinksDLPRaib01Ten1/2/4**,connected,trunk,full,10G,['10Gbase-SR'],yes
Eth2/1,eth40G**vPCPeer-LinksALPRaib1002/1,connected,trunk,full,40G,['QSFP-H40G-C'],yes
Eth2/2,eth40G**vPCPeer-LinksALPRaib1002/2,connected,trunk,full,40G,['QSFP-H40G-C'],yes
Po203,Peer-Link**,connected,trunk,full,a-40G,['--'],yes
Po256,,connected,trunk,full,10G,['--'],yes
mgmt0,,connected,routed,full,a-1000,['--'],yes
