Interface,Description,Used
Te1/1/4,notconnect,no
Te1/1/5,notconnect,no
Te1/1/18,notconnect,no
Te1/1/19,notconnect,no
Te1/1/22,notconnect,no
Te1/1/23,notconnect,no
Te1/1/24,notconnect,no
Te1/1/25,notconnect,no
Te1/1/26,notconnect,no
Te1/1/27,notconnect,no
Te1/1/28,notconnect,no
Te1/1/29,notconnect,no
Te1/1/30,notconnect,no
Te1/1/31,notconnect,no
Te1/1/32,notconnect,no
Te1/2/1,sALPRaib100,no
Te1/2/2,notconnect,no
Te1/2/6,notconnect,no
Te1/2/7,notconnect,no
Te2/1/4,notconnect,no
Te2/1/5,notconnect,no
Te2/1/18,notconnect,no
Te2/1/19,notconnect,no
Te2/1/22,notconnect,no
Te2/1/23,notconnect,no
Te2/1/24,notconnect,no
Te2/1/25,notconnect,no
Te2/1/26,notconnect,no
Te2/1/27,notconnect,no
Te2/1/28,notconnect,no
Te2/1/29,notconnect,no
Te2/1/30,notconnect,no
Te2/1/31,notconnect,no
Te2/1/32,notconnect,no
Te2/2/1,sALPRaib101,no
Te2/2/2,notconnect,no
Te2/2/6,notconnect,no
Te2/2/7,notconnect,no
