Interface,Description,Used
Gi1/0/5,**AccessVLAN100**,yes
Gi1/0/6,**AccessVLAN100**,no
Gi1/0/7,**AccessVLAN100**,no
Gi1/0/8,**AccessVLAN100**,no
Gi1/0/9,**AccessVLAN100**,no
Gi1/0/10,**AccessVLAN100**,no
Gi1/0/11,**AccessVLAN100**,no
Gi1/0/12,**AccessVLAN100**,no
Gi1/0/13,**AccessVLAN100**,no
Gi1/0/14,**AccessVLAN100**,yes
Gi1/0/15,**AccessVLAN100**,no
Gi1/0/16,**AccessVLAN100**,no
Gi1/0/17,**AccessVLAN100**,no
Gi1/0/18,**AccessVLAN100**,no
Gi1/0/19,**AccessVLAN100**,no
Gi1/0/20,**AccessVLAN100**,no
Gi1/0/21,**AccessVLAN100**,no
Gi1/0/22,**AccessVLAN100**,no
Gi1/0/23,**AccessVLAN100**,no
Gi1/0/24,**AccessVLAN100**,no
Gi1/0/25,**AccessVLAN100**,no
Gi1/0/26,**AccessVLAN100**,no
Gi1/0/27,**AccessVLAN100**,no
Gi1/0/28,**AccessVLAN100**,no
Gi1/0/29,**AccessVLAN100**,no
Gi1/0/30,**AccessVLAN100**,no
Gi1/0/31,**AccessVLAN100**,no
Gi1/0/32,**AccessVLAN100**,yes
Gi1/0/33,**AccessVLAN100**,no
Gi1/0/34,**AccessVLAN100**,no
Gi1/0/35,**AccessVLAN100**,no
Gi1/0/36,**AccessVLAN100**,no
Gi1/0/37,**AccessVLAN100**,yes
Gi1/0/43,**AccessVLAN100**,no
Gi1/0/44,**AccessVLAN100**,no
Gi1/0/45,**AccessVLAN100**,no
Gi1/0/46,**AccessVLAN100**,no
Gi1/0/47,**AccessVLAN100**,no
Gi1/0/48,**AccessVLAN100**,no
Gi1/0/49,,no
Gi1/0/50,,no
Gi1/0/51,,no
Gi1/0/52,,no
Fa0,,no
