Interface,Description,Used
Gi1/0/14,**AccessVLAN100**,no
Gi1/0/18,**AccessVLAN100**,yes
Gi1/0/19,**AccessVLAN100**,no
Gi1/0/20,**AccessVLAN100**,no
Gi1/0/21,**AccessVLAN100**,no
Gi1/0/22,**AccessVLAN100**,no
Gi1/0/23,**AccessVLAN100**,no
Gi1/0/24,**AccessVLAN100**,no
Gi1/0/25,**AccessVLAN100**,no
Gi1/0/26,**AccessVLAN100**,no
Gi1/0/27,**AccessVLAN100**,no
Gi1/0/28,**AccessVLAN100**,no
Gi1/0/29,**AccessVLAN100**,no
Gi1/0/30,**AccessVLAN100**,no
Gi1/0/31,**AccessVLAN100**,no
Gi1/0/32,**AccessVLAN100**,no
Gi1/0/33,**AccessVLAN100**,yes
Gi1/0/34,**AccessVLAN100**,yes
Gi1/0/35,**AccessVLAN100**,no
Gi1/0/36,**AccessVLAN100**,no
Gi1/0/37,**AccessVLAN100**,no
Gi1/0/38,**AccessVLAN100**,no
Gi1/0/39,**AccessVLAN100**,no
Gi1/0/40,**AccessVLAN100**,yes
Gi1/0/42,**AccessVLAN100**,yes
Gi1/0/43,**AccessVLAN100**,no
Gi1/0/44,**AccessVLAN100**,no
Gi1/0/45,**AccessVLAN100**,yes
Gi1/0/50,,no
Gi1/0/51,,no
Gi1/0/52,,no
