Interface,Description,Used
Gi1/0/6,**AccessVLAN100**,yes
Gi1/0/9,**AccessVLAN100**,yes
Gi1/0/10,**AccessVLAN100**,yes
Gi1/0/14,**AccessVLAN100**,yes
Gi1/0/16,**AccessVLAN100**,yes
Gi1/0/20,**AccessVLAN100**,yes
Gi1/0/26,**AccessVLAN100**,no
Gi1/0/29,**AccessVLAN100**,yes
Gi1/0/33,**AccessVLAN100**,no
Gi1/0/38,**AccessVLAN100**,yes
Gi1/0/40,**AccessVLAN100**,no
Gi1/0/41,**AccessVLAN100**,no
Gi1/0/42,**AccessVLAN100**,no
Gi1/0/43,**AccessVLAN100**,no
Gi1/0/44,**AccessVLAN100**,no
Gi1/0/45,**AccessVLAN100**,no
Gi1/0/46,**AccessVLAN100**,no
Gi1/0/47,**AccessVLAN100**,no
Gi1/0/48,**AccessVLAN100**,no
Gi1/0/50,,no
Gi1/0/51,,no
Gi1/0/52,,no
Fa0,,no
