Interface,Description,Used
Gi1/0/4,UVxx:User0/2,yes
Gi1/0/12,UVxx:User0/2,no
Gi1/0/14,UVxx:User0/2,no
Gi1/0/15,UVxx:User0/2,no
Gi1/0/16,UVxx:User0/2,no
Gi1/0/17,UVxx:User0/2,no
Gi1/0/18,UVxx:User0/2,no
Gi1/0/20,UVxx:User0/2,no
Gi1/0/22,UVxx:User0/2,no
Gi1/0/23,UVxx:User0/2,no
Gi1/0/24,UVxx:User0/2,no
Gi1/0/25,UVxx:User0/2,no
Gi1/0/26,UVxx:User0/2,no
Gi1/0/27,UVxx:User0/2,no
Gi1/0/28,UVxx:User0/2,no
Gi1/0/29,UVxx:User0/2,no
Gi1/0/30,UVxx:User0/2,no
Gi1/0/31,UVxx:User0/2,no
Gi1/0/32,UVxx:User0/2,no
Gi1/0/35,UVxx:User0/2,yes
Gi1/0/40,UVxx:User0/2,no
Gi1/0/47,**APFlexConnect**,no
