Interface,Description,Used
Gi1/0/6,**Accvlan101,yes
Gi1/0/12,**Accvlan101,yes
Gi1/0/13,**Accvlan101,no
Gi1/0/14,**Accvlan101,no
Gi1/0/16,**Accvlan101,no
Gi1/0/26,**Accvlan101,no
Gi1/0/29,**Accvlan101,yes
Gi1/0/30,**Accvlan101,yes
Gi1/0/31,**Accvlan101,yes
Gi1/0/32,**Accvlan101,yes
Gi1/0/33,**Accvlan101,yes
Gi1/0/34,**Accvlan101,no
Gi1/0/35,**Accvlan101,yes
Gi1/0/36,**Accvlan101,yes
Gi1/0/37,**Accvlan101,no
Gi1/0/38,**Accvlan101,no
Gi1/0/39,**Accvlan101,no
Gi1/0/40,**Accvlan101,yes
Gi1/0/41,**Accvlan101,no
Gi1/0/42,**Accvlan101,no
Gi1/0/43,**Accvlan101,no
Gi1/0/44,**Accvlan101,no
Gi1/0/45,**Accvlan101,no
Gi1/0/46,**Accvlan101,no
Gi1/0/47,**Accvlan101,no
Gi1/0/48,**Accvlan101,yes
Gi1/0/50,,no
Gi1/0/51,,no
Gi1/0/52,,no
