Interface,Description,Used
Gi1/0/9,**AccessVLAN101**,no
Gi1/0/10,**AccessVLAN101**,no
Gi1/0/11,**AccessVLAN101**,no
Gi1/0/12,**AccessVLAN101**,no
Gi1/0/13,**AccessVLAN101**,no
Gi1/0/14,**AccessVLAN101**,no
Gi1/0/15,**AccessVLAN101**,no
Gi1/0/16,**AccessVLAN101**,no
Gi1/0/17,**AccessVLAN101**,no
Gi1/0/18,**AccessVLAN101**,no
Gi1/0/19,**AccessVLAN101**,no
Gi1/0/20,**AccessVLAN101**,no
Gi1/0/21,**AccessVLAN101**,no
Gi1/0/22,**AccessVLAN101**,no
Gi1/0/23,**AccessVLAN101**,no
Gi1/0/24,**AccessVLAN101**,no
Gi1/0/26,,no
Gi1/0/27,,no
Gi1/0/28,,no
