Interface,Description,Used
Gi1/0/4,**AccessVLAN100**,no
Gi1/0/6,**AccessVLAN100**,yes
Gi1/0/7,**AccessVLAN100**,no
Gi1/0/8,**AccessVLAN100**,yes
Gi1/0/9,**AccessVLAN100**,yes
Gi1/0/10,**AccessVLAN100**,no
Gi1/0/11,**AccessVLAN100**,yes
Gi1/0/12,**AccessVLAN100**,yes
Gi1/0/13,**AccessVLAN100**,no
Gi1/0/14,**AccessVLAN100**,no
Gi1/0/15,**AccessVLAN100**,no
Gi1/0/17,**AccessVLAN100**,no
Gi1/0/18,**AccessVLAN100**,no
Gi1/0/19,**AccessVLAN100**,no
Gi1/0/20,**AccessVLAN100**,no
Gi1/0/21,**AccessVLAN100**,no
Gi1/0/22,**AccessVLAN100**,no
Gi1/0/23,**AccessVLAN100**,no
Gi1/0/24,**AccessVLAN100**,no
Gi1/0/25,,no
Gi1/0/26,,no
Gi1/0/27,,no
Gi1/0/28,,no
