Interface,Description,Used
Gi1/0/3,**AccessVLAN100**,no
Gi1/0/4,**AccessVLAN100**,yes
Gi1/0/10,**AccessVLAN100**,yes
Gi1/0/11,**AccessVLAN100**,yes
Gi1/0/15,**AccessVLAN100**,yes
Gi1/0/16,**AccessVLAN100**,no
Gi1/0/19,**AccessVLAN100**,no
Gi1/0/22,**AccessVLAN100**,yes
Gi1/0/24,**AccessVLAN100**,yes
Gi1/0/25,**AccessVLAN100**,yes
Gi1/0/34,**AccessVLAN100**,no
Gi1/0/35,**AccessVLAN100**,no
Gi1/0/36,**AccessVLAN100**,no
Gi1/0/37,**AccessVLAN100**,yes
Gi1/0/38,**AccessVLAN100**,no
Gi1/0/39,**AccessVLAN100**,yes
Gi1/0/40,**AccessVLAN100**,no
Gi1/0/41,**AccessVLAN100**,no
Gi1/0/42,**AccessVLAN100**,no
Gi1/0/43,**AccessVLAN100**,yes
Gi1/0/44,**AccessVLAN100**,no
Gi1/0/45,**AccessVLAN100**,no
Gi1/0/46,**AccessVLAN100**,no
Gi1/0/47,**AccessVLAN100**,yes
Gi1/0/50,,no
Gi1/0/51,,no
Gi1/0/52,,no
