Interface,Description,Used
Gi1/0/3,**AccessVLAN100**,no
Gi1/0/5,**AccessVLAN100**,no
Gi1/0/6,**AccessVLAN100**,no
Gi1/0/7,**AccessVLAN100**,no
Gi1/0/8,**AccessVLAN100**,no
Gi1/0/9,**AccessVLAN100**,no
Gi1/0/10,**AccessVLAN100**,no
Gi1/0/11,**AccessVLAN100**,yes
Gi1/0/12,**AccessVLAN100**,yes
Gi1/0/13,**AccessVLAN100**,yes
Gi1/0/14,**AccessVLAN100**,yes
Gi1/0/15,**AccessVLAN100**,yes
Gi1/0/16,**AccessVLAN100**,yes
Gi1/0/17,**AccessVLAN100**,yes
Gi1/0/18,**AccessVLAN100**,yes
Gi1/0/19,**AccessVLAN100**,yes
Gi1/0/20,**AccessVLAN100**,yes
Gi1/0/21,**AccessVLAN100**,yes
Gi1/0/22,**AccessVLAN100**,yes
Gi1/0/39,**AccessVLAN100**,yes
Gi1/0/40,**AccessVLAN100**,yes
Gi1/0/43,**AccessVLAN100**,no
Gi1/0/44,**AccessVLAN100**,yes
Gi1/0/45,**AccessVLAN100**,no
Gi1/0/46,**AccessVLAN100**,no
Gi1/0/47,**AccessVLAN100**,no
Gi1/0/48,**AccessVLAN100**,no
Gi1/0/50,,no
Gi1/0/51,,no
Gi1/0/52,,no
