Interface,Description,Used
Gi1/0/3,UVxx:User,yes
Gi1/0/5,UVxx:User,no
Gi1/0/13,UVxx:User,no
Gi1/0/27,UVxx:User,no
Gi1/0/28,UVxx:User,no
Gi1/0/29,UVxx:User,yes
Gi1/0/31,UVxx:User,no
Gi1/0/32,UVxx:User,no
Gi1/0/33,UVxx:User,no
Gi1/0/34,UVxx:User,no
Gi1/0/35,UVxx:User,no
Gi1/0/36,UVxx:User,yes
Gi1/0/37,UVxx:User,no
Gi1/0/38,UVxx:User,no
Gi1/0/39,UVxx:User,no
Gi1/0/40,UVxx:User,no
Gi1/0/41,UVxx:User,no
Gi1/0/42,UVxx:User,no
Gi1/0/43,UVxx:User,no
Gi1/0/44,UVxx:User,no
Gi1/0/47,forAPs,no
Fa0,,no
