Interface,Description,Used
Gi1/0/10,**AccessVLAN100**,no
Gi1/0/16,**AccessVLAN100**,no
Gi1/0/18,**AccessVLAN100**,no
Gi1/0/20,**AccessVLAN100**,no
Gi1/0/21,**AccessVLAN100**,no
Gi1/0/22,**AccessVLAN100**,no
Gi1/0/23,**AccessVLAN100**,no
Gi1/0/25,**AccessVLAN100**,no
Gi1/0/27,**AccessVLAN100**,no
Gi1/0/28,**AccessVLAN100**,yes
Gi1/0/31,**AccessVLAN100**,no
Gi1/0/33,**AccessVLAN100**,no
Gi1/0/34,**AccessVLAN100**,yes
Gi1/0/35,**AccessVLAN100**,no
Gi1/0/41,**AccessVLAN100**,no
Gi1/0/42,**AccessVLAN100**,no
Gi1/0/43,**AccessVLAN100**,no
Gi1/0/44,**AccessVLAN100**,no
Gi1/0/45,**AccessVLAN100**,no
Gi1/0/48,**AccessVLAN100**,no
Gi1/0/50,,no
Gi1/0/51,,no
Gi1/0/52,,no
