Interface,Description,Used
Gi1/0/5,**AccessVLAN100**,no
Gi1/0/20,**AccessVLAN100**,yes
Gi1/0/27,**AccessVLAN100**,no
Gi1/0/31,**AccessVLAN100**,no
Gi1/0/32,**AccessVLAN100**,no
Gi1/0/33,**AccessVLAN100**,no
Gi1/0/34,**AccessVLAN100**,no
Gi1/0/36,**AccessVLAN100**,yes
Gi1/0/38,**AccessVLAN100**,no
Gi1/0/40,**AccessVLAN100**,no
Gi1/0/41,**AccessVLAN100**,yes
Gi1/0/42,**AccessVLAN100**,yes
Gi1/0/43,**AccessVLAN100**,no
Gi1/0/44,**AccessVLAN100**,no
Gi1/0/45,**AccessVLAN100**,yes
Gi1/0/46,**AccessVLAN100**,no
Gi1/0/47,**AccessVLAN100**,yes
Gi1/0/48,**AccessVLAN100**,no
Gi1/0/50,,no
Gi1/0/51,,no
Gi1/0/52,,no
Fa0,,no
