Interface,Description,Used
Gi1/0/3,**AccessVLAN100**,no
Gi1/0/6,**AccessVLAN100**,no
Gi1/0/7,**AccessVLAN100**,yes
Gi1/0/10,**AccessVLAN100**,no
Gi1/0/11,**AccessVLAN100**,no
Gi1/0/12,**AccessVLAN100**,no
Gi1/0/13,**AccessVLAN100**,no
Gi1/0/14,**AccessVLAN100**,no
Gi1/0/16,**AccessVLAN100**,no
Gi1/0/20,**AccessVLAN100**,no
Gi1/0/27,**AccessVLAN100**,no
Gi1/0/28,**AccessVLAN100**,no
Gi1/0/30,**AccessVLAN100**,no
Gi1/0/33,**AccessVLAN100**,no
Gi1/0/35,**AccessVLAN100**,no
Gi1/0/39,**AccessVLAN100**,yes
Gi1/0/40,**AccessVLAN100**,no
Gi1/0/41,**AccessVLAN100**,no
Gi1/0/44,**AccessVLAN100**,no
Gi1/0/45,**AccessVLAN100**,no
Gi1/0/46,**AccessVLAN100**,no
Gi1/0/50,,no
Gi1/0/51,,no
Gi1/0/52,,no
Fa0,,no
