Interface,Description,Used
Gi1/0/12,**AccessVLAN100**,no
Gi1/0/16,**AccessVLAN100**,yes
Gi1/0/17,**AccessVLAN100**,yes
Gi1/0/20,**AccessVLAN100**,yes
Gi1/0/22,**AccessVLAN100**,yes
Gi1/0/26,**AccessVLAN100**,no
Gi1/0/27,**AccessVLAN100**,yes
Gi1/0/28,**AccessVLAN100**,no
Gi1/0/29,**AccessVLAN100**,no
Gi1/0/30,**AccessVLAN100**,no
Gi1/0/31,**AccessVLAN100**,yes
Gi1/0/32,**AccessVLAN100**,no
Gi1/0/33,**AccessVLAN100**,no
Gi1/0/34,**AccessVLAN100**,no
Gi1/0/35,**AccessVLAN100**,no
Gi1/0/36,**AccessVLAN100**,no
Gi1/0/37,**AccessVLAN100**,no
Gi1/0/38,**AccessVLAN100**,no
Gi1/0/39,**AccessVLAN100**,no
Gi1/0/40,**AccessVLAN100**,yes
Gi1/0/41,**AccessVLAN100**,yes
Gi1/0/44,**AccessVLAN100**,yes
Gi1/0/46,**AccessVLAN100**,yes
Gi1/0/51,,no
Gi1/0/52,,no
