Interface,Description,Status,Vlan,Duplex,Speed,Type,Used
Te1/1/1,,connected,routed,full,10G,['10Gbase-SR'],yes
Te1/1/2,down,disabled,1,full,10G,['unknown'],no
Te1/1/3,down,disabled,1,full,10G,['unknown'],no
Te1/1/4,down,disabled,1,full,10G,['unknown'],no
Te1/1/5,NetApp_1e0a,notconnect,50,full,10G,['10Gbase-SR'],no
Te1/1/6,NetApp_2e0a,notconnect,50,full,10G,['10Gbase-SR'],no
Te1/1/7,,notconnect,50,full,10G,['10Gbase-SR'],no
Te1/1/8,,connected,trunk,full,10G,['unknown'],yes
Te1/1/9,,connected,50,full,10G,['10Gbase-SR'],yes
Te1/1/10,,connected,50,full,10G,['10Gbase-SR'],yes
Te1/1/11,,connected,50,full,10G,['10Gbase-SR'],yes
Te1/1/12,,notconnect,routed,full,10G,"['No', 'Connector']",no
Te1/1/13,NetApp_1New_x,connected,trunk,full,10G,['10Gbase-SR'],yes
Te1/1/14,NetApp_2New_x,connected,trunk,full,10G,['10Gbase-SR'],yes
Te1/1/15,down,disabled,routed,full,10G,['Connector'],no
Te1/1/16,down,disabled,routed,full,10G,['Connector'],no
Gi1/2/1,,notconnect,1,full,1000,['1000BaseSX'],no
Gi1/2/2,ConnectiontozALMXcue01,notconnect,1,full,1000,"['No', 'Transceiver']",no
Gi1/2/3,ConnectiontozALMXcue02(WLC),connected,trunk,full,1000,['1000BaseSX'],yes
Gi1/2/4,downlinktoAccessMDF-sALMXcue121/0/1,connected,trunk,full,1000,['1000BaseSX'],yes
Gi1/2/5,downlinktoSACS-sALMXcue036/1,notconnect,1,full,1000,"['No', 'Transceiver']",no
Gi1/2/6,downlinktoSelladoViaflex-sALMXcue11(Gi1/1/1),connected,trunk,full,1000,['1000BaseSX'],yes
Gi1/2/7,downlinktoCREM-sALMXcue131/0/1,connected,trunk,full,1000,['1000BaseSX'],yes
Gi1/2/8,downlink to Paloma,notconnect,1,full,1000,['No Transceiver'],no
Gi1/2/9,downlink to Labora,notconnect,1,full,1000,['No Transceiver'],no
Gi1/2/10,downlinktoServicioMedico-sALMXcue07Gi1/0/1,connected,trunk,full,1000,['1000BaseSX'],yes
Gi1/2/11,downlinktoAlmacendeProductoTerminado-sALMXcue08Gi1/0/1,notconnect,1,full,1000,['1000BaseSX'],no
Gi1/2/12,downlinktoAuditorio-sALMXcue041/1/2,connected,trunk,full,1000,['1000BaseSX'],yes
Gi1/2/13,downlinktosDLMXcue20,connected,trunk,full,1000,['1000BaseSX'],yes
Gi1/2/14,tosALMXcue14G1/1/1,notconnect,1,full,1000,"['No', 'Transceiver']",no
Gi1/2/15,downlinktoDataCenter-sALMXcue12(Gi1/1/1),connected,trunk,full,1000,['1000BaseSX'],yes
Gi1/2/16,downlinktosALMXcue03Gi1/1/1,connected,trunk,full,1000,['1000BaseSX'],yes
Gi1/2/17,DownlinktosALMXcue16(Gi1/1/1),connected,trunk,full,1000,['1000BaseSX'],yes
Gi1/2/18,DownlinktosALMXcue05(Gi1/1/1),connected,trunk,full,1000,['1000BaseSX'],yes
Gi1/2/19,DownlinktosALMXcue21(Gi0/1),connected,trunk,full,1000,['1000BaseSX'],yes
Gi1/2/20,downlinktoDataCenter-sALMXcue06(Gi1/1/1),connected,trunk,full,1000,['1000BaseSX'],yes
Gi1/2/21,DownlinktosALMXcue19(Gi2/0/1),notconnect,1,full,1000,"['No', 'Transceiver']",no
Gi1/2/22,,disabled,routed,full,1000,['No Transceiver'],no
Gi1/2/23,,disabled,routed,full,1000,['1000BaseSX'],no
Gi1/2/24,VSSfast-hello,connected,routed,full,1000,['1000BaseSX'],yes
Gi1/3/1,,disabled,routed,full,auto,['1000BaseSX'],no
Gi1/3/2,,notconnect,50,full,auto,['10/100/1000BaseT'],no
Gi1/3/3,,notconnect,309,full,auto,['10/100/1000BaseT'],no
Gi1/3/4,down,disabled,routed,auto,auto,['10/100/1000BaseT'],no
Gi1/3/5,down,disabled,routed,auto,auto,['10/100/1000BaseT'],no
Gi1/3/6,ConnectiontozALMXcue01,connected,trunk,a-full,a-1000,['10/100/1000BaseT'],yes
Gi1/3/7,**RESERVED**,disabled,routed,auto,auto,['10/100/1000BaseT'],no
Gi1/3/8,,disabled,routed,auto,auto,['10/100/1000BaseT'],no
Gi1/3/9,,disabled,routed,auto,auto,['10/100/1000BaseT'],no
Gi1/3/10,,disabled,routed,auto,auto,['10/100/1000BaseT'],no
Gi1/3/11,,disabled,routed,auto,auto,['10/100/1000BaseT'],no
Gi1/3/12,,disabled,routed,auto,auto,['10/100/1000BaseT'],no
Gi1/3/13,,notconnect,70,full,auto,['10/100/1000BaseT'],no
Gi1/3/14,,notconnect,70,full,auto,['10/100/1000BaseT'],no
Gi1/3/15,connectiontomxcuvms11,notconnect,50,full,auto,['10/100/1000BaseT'],no
Gi1/3/16,,disabled,routed,auto,auto,['10/100/1000BaseT'],no
Gi1/3/17,,disabled,routed,auto,auto,['10/100/1000BaseT'],no
Gi1/3/18,,disabled,routed,auto,auto,['10/100/1000BaseT'],no
Gi1/3/19,,notconnect,1,full,auto,['10/100/1000BaseT'],no
Gi1/3/20,down,disabled,routed,auto,auto,['10/100/1000BaseT'],no
Gi1/3/21,down,disabled,routed,auto,auto,['10/100/1000BaseT'],no
Gi1/3/22,down,disabled,routed,auto,auto,['10/100/1000BaseT'],no
Gi1/3/23,down,disabled,routed,auto,auto,['10/100/1000BaseT'],no
Gi1/3/24,down,disabled,routed,a-full,a-1000,['10/100/1000BaseT'],no
Gi1/3/25,ESXHostAuxilaryNetworkUplink1,connected,60,a-full,a-1000,['10/100/1000BaseT'],yes
Gi1/3/26,ESXHostAuxilaryNetworkUplink1,connected,50,a-full,a-1000,['10/100/1000BaseT'],yes
Gi1/3/27,ESXHostAuxilaryNetworkUplink1,connected,60,a-full,a-1000,['10/100/1000BaseT'],yes
Gi1/3/28,ESXInterHostNetworkUplink1,connected,50,a-full,a-1000,['10/100/1000BaseT'],yes
Gi1/3/29,ESXInterHostNetworkUplink1,connected,50,a-full,a-1000,['10/100/1000BaseT'],yes
Gi1/3/30,ESXInterHostNetworkUplink1,connected,50,a-full,a-1000,['10/100/1000BaseT'],yes
Gi1/3/31,uplinktorAWMXcue01gi0/0/0,connected,trunk,a-full,a-1000,['10/100/1000BaseT'],yes
Gi1/3/32,uplinktorAWMXcue09gi0/0/0,connected,trunk,a-full,a-1000,['10/100/1000BaseT'],yes
Gi1/3/33,,disabled,routed,auto,auto,['10/100/1000BaseT'],no
Gi1/3/34,,disabled,routed,a-full,a-1000,['10/100/1000BaseT'],no
Gi1/3/35,,notconnect,routed,auto,auto,['10/100/1000BaseT'],no
Gi1/3/36,,notconnect,104,full,auto,['10/100/1000BaseT'],no
Gi1/3/37,,notconnect,120,full,auto,['10/100/1000BaseT'],no
Gi1/3/38,VLAN30_Servers,connected,30,a-full,a-1000,['10/100/1000BaseT'],yes
Gi1/3/39,WAE612(WAAS)GEth(2/0),connected,40,a-full,a-1000,['10/100/1000BaseT'],yes
Gi1/3/40,,disabled,routed,auto,auto,['10/100/1000BaseT'],no
Gi1/3/41,,disabled,routed,auto,auto,['10/100/1000BaseT'],no
Gi1/3/42,,disabled,routed,auto,auto,['10/100/1000BaseT'],no
Gi1/3/43,,disabled,routed,auto,auto,['10/100/1000BaseT'],no
Gi1/3/44,,disabled,routed,a-full,a-1000,['10/100/1000BaseT'],no
Gi1/3/45,,notconnect,250,full,auto,['10/100/1000BaseT'],no
Gi1/3/46,,connected,trunk,a-full,a-1000,['10/100/1000BaseT'],yes
Gi1/3/47,VoiceGateway,connected,74,a-full,a-1000,['10/100/1000BaseT'],yes
Gi1/3/48,toASAMNP,connected,trunk,a-full,a-1000,['10/100/1000BaseT'],yes
Gi1/4/1,VLAN30_Servers,connected,30,a-full,a-1000,['10/100/1000BaseT'],yes
Gi1/4/2,VLAN30_Servers,connected,30,a-full,a-1000,['10/100/1000BaseT'],yes
Gi1/4/3,VLAN30_Servers,connected,30,a-full,a-100,['10/100/1000BaseT'],yes
Gi1/4/4,VLAN30_Servers,connected,30,a-full,a-1000,['10/100/1000BaseT'],yes
Gi1/4/5,VLAN30_Servers,connected,30,a-full,a-1000,['10/100/1000BaseT'],yes
Gi1/4/6,VLAN30_Servers,connected,30,a-full,a-1000,['10/100/1000BaseT'],yes
Gi1/4/7,VLAN30_Servers,connected,30,a-full,a-1000,['10/100/1000BaseT'],yes
Gi1/4/8,VLAN30_Servers,connected,30,a-full,a-1000,['10/100/1000BaseT'],yes
Gi1/4/9,VLAN30_Servers,notconnect,30,full,auto,['10/100/1000BaseT'],no
Gi1/4/10,VLAN30_Servers,notconnect,30,full,auto,['10/100/1000BaseT'],no
Gi1/4/11,VLAN30_Servers,connected,30,a-full,a-1000,['10/100/1000BaseT'],yes
Gi1/4/12,VLAN30_Servers,connected,30,a-full,a-1000,['10/100/1000BaseT'],yes
Gi1/4/13,VLAN30_Servers,connected,30,a-full,a-1000,['10/100/1000BaseT'],yes
Gi1/4/14,**PXEServer**,connected,30,a-full,a-1000,['10/100/1000BaseT'],yes
Gi1/4/15,VLAN30_Servers,notconnect,30,full,auto,['10/100/1000BaseT'],no
Gi1/4/16,VLAN30_Servers,notconnect,30,full,auto,['10/100/1000BaseT'],no
Gi1/4/17,VLAN30_Servers,notconnect,30,full,auto,['10/100/1000BaseT'],no
Gi1/4/18,VLAN30_Servers,notconnect,30,full,auto,['10/100/1000BaseT'],no
Gi1/4/19,VLAN30_Servers,notconnect,30,full,auto,['10/100/1000BaseT'],no
Gi1/4/20,VLAN30_Servers,notconnect,30,full,auto,['10/100/1000BaseT'],no
Gi1/4/21,VLAN30_Servers,connected,30,a-full,a-1000,['10/100/1000BaseT'],yes
Gi1/4/22,VLAN30_Servers,notconnect,30,full,auto,['10/100/1000BaseT'],no
Gi1/4/23,VLAN30_Servers,notconnect,30,full,auto,['10/100/1000BaseT'],no
Gi1/4/24,VLAN30_Servers,notconnect,30,full,auto,['10/100/1000BaseT'],no
Gi1/4/25,VLAN30_Servers,connected,30,a-full,a-1000,['10/100/1000BaseT'],yes
Gi1/4/26,VLAN30_Servers,connected,30,a-full,a-1000,['10/100/1000BaseT'],yes
Gi1/4/27,VLAN30_Servers,notconnect,30,full,auto,['10/100/1000BaseT'],no
Gi1/4/28,VLAN30_Servers,connected,30,a-full,a-1000,['10/100/1000BaseT'],yes
Gi1/4/29,VLAN30_Servers,connected,30,a-full,a-100,['10/100/1000BaseT'],yes
Gi1/4/30,VLAN30_Servers,connected,30,a-full,a-1000,['10/100/1000BaseT'],yes
Gi1/4/31,VLAN30_Servers,notconnect,30,full,auto,['10/100/1000BaseT'],no
Gi1/4/32,VLAN30_Servers,notconnect,30,full,auto,['10/100/1000BaseT'],no
Gi1/4/33,VLAN30_Servers,connected,30,a-full,a-10,['10/100/1000BaseT'],yes
Gi1/4/34,VLAN30_Servers,notconnect,30,full,auto,['10/100/1000BaseT'],no
Gi1/4/35,VLAN30_Servers,connected,30,a-full,a-1000,['10/100/1000BaseT'],yes
Gi1/4/36,VLAN30_Servers,connected,30,a-full,a-1000,['10/100/1000BaseT'],yes
Gi1/4/37,VLAN30_Servers,connected,30,a-full,a-1000,['10/100/1000BaseT'],yes
Gi1/4/38,VLAN30_Servers,notconnect,30,full,auto,['10/100/1000BaseT'],no
Gi1/4/39,VLAN30_Servers,connected,30,a-full,a-1000,['10/100/1000BaseT'],yes
Gi1/4/40,VLAN30_Servers,connected,30,a-full,a-1000,['10/100/1000BaseT'],yes
Gi1/4/41,VLAN30_Servers,notconnect,30,full,auto,['10/100/1000BaseT'],no
Gi1/4/42,VLAN30_Servers,notconnect,30,full,auto,['10/100/1000BaseT'],no
Gi1/4/43,VLAN30_Servers,connected,30,a-full,a-1000,['10/100/1000BaseT'],yes
Gi1/4/44,VLAN30_Servers,connected,30,a-full,a-1000,['10/100/1000BaseT'],yes
Gi1/4/45,VLAN30_Servers,connected,30,a-full,a-1000,['10/100/1000BaseT'],yes
Gi1/4/46,VLAN30_Servers,notconnect,30,full,auto,['10/100/1000BaseT'],no
Gi1/4/47,VLAN30_Servers,connected,30,a-full,a-100,['10/100/1000BaseT'],yes
Gi1/4/48,Switch_Blade_0,connected,trunk,full,auto,['10/100/1000BaseT'],yes
Gi1/5/1,down,disabled,routed,auto,auto,['Transceiver'],no
Gi1/5/2,down,disabled,,a-full,a-1000,['Transceiver'],no
Gi1/5/3,down,disabled,,a-full,a-1000,['Transceiver'],no
Te1/5/4,,connected,,full,auto,['10Gbase-SR'],yes
Te1/5/5,,notconnect,,full,auto,"['No', 'Connector']",no
Te2/1/1,,connected,,full,auto,['10Gbase-SR'],yes
Te2/1/2,down,disabled,,full,auto,['10Gbase-CU7M'],no
Te2/1/3,down,disabled,,full,auto,['10Gbase-CU7M'],no
Te2/1/4,down,disabled,,full,auto,['10Gbase-CU7M'],no
Te2/1/5,NetApp_1e0b,notconnect,,full,auto,['10Gbase-SR'],no
Te2/1/6,NetApp_2e0b,notconnect,,full,auto,['10Gbase-SR'],no
Te2/1/7,,notconnect,,full,auto,['10Gbase-SR'],no
Te2/1/8,,connected,,full,auto,['10Gbase-CU7M'],yes
Te2/1/9,,connected,,full,auto,['10Gbase-SR'],yes
Te2/1/10,,connected,,full,auto,['10Gbase-SR'],yes
Te2/1/11,,connected,,full,auto,['10Gbase-SR'],yes
Te2/1/12,down,disabled,,full,auto,"['No', 'Connector']",no
Te2/1/13,NetApp_1New_x,connected,,full,auto,['10Gbase-SR'],yes
Te2/1/14,NetApp_2New_x,connected,,full,auto,['10Gbase-SR'],yes
Te2/1/15,down,disabled,,full,10G,['Connector'],no
Te2/1/16,down,disabled,,full,10G,['Connector'],no
Gi2/2/1,down,disabled,,full,1000,['Transceiver'],no
Gi2/2/2,down,disabled,,full,1000,['Transceiver'],no
Gi2/2/3,down,disabled,,full,1000,['Transceiver'],no
Gi2/2/4,down,disabled,,full,1000,['Transceiver'],no
Gi2/2/5,downlinktoSACS-sALMXcue036/1,notconnect,,full,auto,"['No', 'Transceiver']",no
Gi2/2/6,downlinktoSelladoViaflex-sALMXcue11(Gi1/1/2),connected,,full,auto,['1000BaseSX'],yes
Gi2/2/7,,notconnect,,full,auto,"['No', 'Transceiver']",no
Gi2/2/8,,notconnect,,full,auto,"['No', 'Transceiver']",no
Gi2/2/9,down,disabled,,full,auto,"['No', 'Transceiver']",no
Gi2/2/10,downlinktosALMXcue03Gi3/1/1,notconnect,,full,auto,['1000BaseSX'],no
Gi2/2/11,downlinktoAlmacendeProductoTerminado-sALMXcue08Gi3/0/1,connected,,full,auto,['1000BaseSX'],yes
Gi2/2/12,,disabled,,full,auto,['No Transceiver'],no
Gi2/2/13,downlinktossALMXcue20,connected,,full,auto,['1000BaseSX'],yes
Gi2/2/14,tosALMXcue14G2/1/1,connected,,full,auto,['1000BaseSX'],yes
Gi2/2/15,downlinktoDataCenter-sALMXcue12(Gi1/1/2),notconnect,,full,auto,"['No', 'Transceiver']",no
Gi2/2/16,downlinktosALMXcue15Gi1/1/1,notconnect,,full,auto,"['No', 'Transceiver']",no
Gi2/2/17,DownlinktosALMXcue16(Gi3/1/1),connected,,full,auto,['1000BaseSX'],yes
Gi2/2/18,DownlinktosALMXcue05(Gi3/1/1),notconnect,,full,auto,['1000BaseSX'],no
Gi2/2/19,,notconnect,,full,auto,['1000BaseSX'],no
Gi2/2/20,downlinktoDataCenter-sALMXcue06(Gi2/1/1),notconnect,,full,auto,"['No', 'Transceiver']",no
Gi2/2/21,DownlinktosALMXcue19(Gix/0/x),notconnect,,full,auto,"['No', 'Transceiver']",no
Gi2/2/22,,disabled,,full,auto,['No Transceiver'],no
Gi2/2/23,downlinktoMDFDataCenter-sALMXcue14Gi1/0/1,notconnect,,full,auto,"['No', 'Transceiver']",no
Gi2/2/24,VSSfast-hello,connected,,full,auto,['1000BaseSX'],yes
Gi2/3/1,,notconnect,,full,auto,['10/100/1000BaseT'],no
Gi2/3/2,,notconnect,,full,auto,['10/100/1000BaseT'],no
Gi2/3/3,,notconnect,,full,auto,['10/100/1000BaseT'],no
Gi2/3/4,ConnectiontozALMXcue02(WLC-HA),connected,,a-full,a-1000,['10/100/1000BaseT'],yes
Gi2/3/5,,disabled,,auto,auto,['10/100/1000BaseT'],no
Gi2/3/6,ConnectiontozALMXcue01,connected,,a-full,a-1000,['10/100/1000BaseT'],yes
Gi2/3/7,,disabled,,auto,auto,['10/100/1000BaseT'],no
Gi2/3/8,,disabled,,auto,auto,['10/100/1000BaseT'],no
Gi2/3/9,,disabled,,auto,auto,['10/100/1000BaseT'],no
Gi2/3/10,,disabled,,auto,auto,['10/100/1000BaseT'],no
Gi2/3/11,,disabled,,auto,auto,['10/100/1000BaseT'],no
Gi2/3/12,,disabled,,a-full,a-1000,['10/100/1000BaseT'],no
Gi2/3/13,,notconnect,,full,auto,['10/100/1000BaseT'],no
Gi2/3/14,down,disabled,,auto,auto,['10/100/1000BaseT'],no
Gi2/3/15,connectiontomxcuvms11,notconnect,,full,auto,['10/100/1000BaseT'],no
Gi2/3/16,,disabled,,auto,auto,['10/100/1000BaseT'],no
Gi2/3/17,,disabled,,auto,auto,['10/100/1000BaseT'],no
Gi2/3/18,,disabled,,auto,auto,['10/100/1000BaseT'],no
Gi2/3/19,,disabled,,auto,auto,['10/100/1000BaseT'],no
Gi2/3/20,,disabled,,auto,auto,['10/100/1000BaseT'],no
Gi2/3/21,,disabled,,auto,auto,['10/100/1000BaseT'],no
Gi2/3/22,,disabled,,auto,auto,['10/100/1000BaseT'],no
Gi2/3/23,,disabled,,auto,auto,['10/100/1000BaseT'],no
Gi2/3/24,,disabled,,auto,auto,['10/100/1000BaseT'],no
Gi2/3/25,ESXHostAuxilaryNetworkUplink2,connected,,a-full,a-1000,['10/100/1000BaseT'],yes
Gi2/3/26,ESXHostAuxilaryNetworkUplink2,connected,,a-full,a-1000,['10/100/1000BaseT'],yes
Gi2/3/27,ESXHostAuxilaryNetworkUplink2,connected,,a-full,a-1000,['10/100/1000BaseT'],yes
Gi2/3/28,ESXInterHostNetworkUplink2,connected,,a-full,a-1000,['10/100/1000BaseT'],yes
Gi2/3/29,ESXInterHostNetworkUplink2,connected,,a-full,a-1000,['10/100/1000BaseT'],yes
Gi2/3/30,ESXInterHostNetworkUplink2,connected,,a-full,a-1000,['10/100/1000BaseT'],yes
Gi2/3/31,uplinktorAWMXcue01gi0/0/1,connected,,a-full,a-1000,['10/100/1000BaseT'],yes
Gi2/3/32,uplinktorAWMXcue09gi0/0/1,connected,,a-full,a-1000,['10/100/1000BaseT'],yes
Gi2/3/33,,disabled,,auto,auto,['10/100/1000BaseT'],no
Gi2/3/34,,disabled,,auto,auto,['10/100/1000BaseT'],no
Gi2/3/35,,disabled,,a-full,a-1000,['10/100/1000BaseT'],no
Gi2/3/36,Llibreria,connected,,a-full,a-100,['10/100/1000BaseT'],yes
Gi2/3/37,down,disabled,routed,auto,auto,['10/100/1000BaseT'],no
Gi2/3/38,down,disabled,routed,auto,auto,['10/100/1000BaseT'],no
Gi2/3/39,WAE694(WAAS)GEth(1/0),connected,40,a-full,a-1000,['10/100/1000BaseT'],yes
Gi2/3/40,,disabled,routed,auto,auto,['10/100/1000BaseT'],no
Gi2/3/41,,disabled,routed,auto,auto,['10/100/1000BaseT'],no
Gi2/3/42,,disabled,routed,auto,auto,['10/100/1000BaseT'],no
Gi2/3/43,,connected,808,a-full,a-1000,['10/100/1000BaseT'],yes
Gi2/3/44,down,disabled,routed,a-full,a-1000,['10/100/1000BaseT'],no
Gi2/3/45,,notconnect,104,full,auto,['10/100/1000BaseT'],no
Gi2/3/46,,connected,routed,a-full,a-1000,['10/100/1000BaseT'],yes
Gi2/3/47,toAccessSwitchGigabitEthernet1/0/48,connected,74,a-full,a-1000,['10/100/1000BaseT'],yes
Gi2/3/48,,connected,trunk,a-full,a-1000,['10/100/1000BaseT'],yes
Gi2/4/1,VLAN30_Servers,notconnect,30,auto,auto,['10/100/1000BaseT'],no
Gi2/4/2,VLAN30_Servers,notconnect,30,auto,auto,['10/100/1000BaseT'],no
Gi2/4/3,VLAN30_Servers,notconnect,30,auto,auto,['10/100/1000BaseT'],no
Gi2/4/4,VLAN30_Servers,notconnect,30,auto,auto,['10/100/1000BaseT'],no
Gi2/4/5,VLAN30_Servers,notconnect,30,auto,auto,['10/100/1000BaseT'],no
Gi2/4/6,VLAN30_Servers,notconnect,30,auto,auto,['10/100/1000BaseT'],no
Gi2/4/7,VLAN30_Servers,notconnect,30,auto,auto,['10/100/1000BaseT'],no
Gi2/4/8,VLAN30_Servers,connected,30,a-full,a-1000,['10/100/1000BaseT'],yes
Gi2/4/9,VLAN30_Servers,notconnect,30,auto,auto,['10/100/1000BaseT'],no
Gi2/4/10,VLAN30_Servers,notconnect,30,auto,auto,['10/100/1000BaseT'],no
Gi2/4/11,VLAN30_Servers,notconnect,30,full,auto,['10/100/1000BaseT'],no
Gi2/4/12,VLAN30_Servers,notconnect,30,auto,auto,['10/100/1000BaseT'],no
Gi2/4/13,VLAN30_Servers,notconnect,30,auto,auto,['10/100/1000BaseT'],no
Gi2/4/14,VLAN30_Servers,notconnect,30,auto,auto,['10/100/1000BaseT'],no
Gi2/4/15,VLAN30_Servers,notconnect,30,auto,auto,['10/100/1000BaseT'],no
Gi2/4/16,VLAN30_Servers,notconnect,30,auto,auto,['10/100/1000BaseT'],no
Gi2/4/17,VLAN30_Servers,notconnect,30,auto,auto,['10/100/1000BaseT'],no
Gi2/4/18,VLAN30_Servers,notconnect,30,auto,auto,['10/100/1000BaseT'],no
Gi2/4/19,VLAN30_Servers,notconnect,30,auto,auto,['10/100/1000BaseT'],no
Gi2/4/20,VLAN30_Servers,notconnect,30,auto,auto,['10/100/1000BaseT'],no
Gi2/4/21,VLAN30_Servers,connected,30,a-full,a-1000,['10/100/1000BaseT'],yes
Gi2/4/22,VLAN30_Servers,notconnect,30,auto,auto,['10/100/1000BaseT'],no
Gi2/4/23,VLAN30_Servers,notconnect,30,full,auto,['10/100/1000BaseT'],no
Gi2/4/24,VLAN30_Servers,notconnect,30,auto,auto,['10/100/1000BaseT'],no
Gi2/4/25,VLAN30_Servers,connected,30,a-full,a-1000,['10/100/1000BaseT'],yes
Gi2/4/26,VLAN30_Servers,notconnect,30,auto,auto,['10/100/1000BaseT'],no
Gi2/4/27,VLAN30_Servers,notconnect,30,full,auto,['10/100/1000BaseT'],no
Gi2/4/28,VLAN30_Servers,notconnect,30,auto,auto,['10/100/1000BaseT'],no
Gi2/4/29,VLAN30_Servers,notconnect,30,full,auto,['10/100/1000BaseT'],no
Gi2/4/30,VLAN30_Servers,notconnect,30,auto,auto,['10/100/1000BaseT'],no
Gi2/4/31,VLAN30_Servers,notconnect,30,auto,auto,['10/100/1000BaseT'],no
Gi2/4/32,VLAN30_Servers,notconnect,30,full,auto,['10/100/1000BaseT'],no
Gi2/4/33,VLAN30_Servers,notconnect,30,auto,auto,['10/100/1000BaseT'],no
Gi2/4/34,VLAN30_Servers,connected,30,a-full,a-1000,['10/100/1000BaseT'],yes
Gi2/4/35,VLAN30_Servers,notconnect,30,auto,auto,['10/100/1000BaseT'],no
Gi2/4/36,VLAN30_Servers,connected,30,a-full,a-1000,['10/100/1000BaseT'],yes
Gi2/4/37,VLAN30_Servers,connected,30,a-full,a-1000,['10/100/1000BaseT'],yes
Gi2/4/38,VLAN30_Servers,notconnect,30,auto,auto,['10/100/1000BaseT'],no
Gi2/4/39,VLAN30_Servers,notconnect,30,auto,auto,['10/100/1000BaseT'],no
Gi2/4/40,VLAN30_Servers,notconnect,30,auto,auto,['10/100/1000BaseT'],no
Gi2/4/41,VLAN30_Servers,notconnect,30,auto,auto,['10/100/1000BaseT'],no
Gi2/4/42,VLAN30_Servers,notconnect,30,auto,auto,['10/100/1000BaseT'],no
Gi2/4/43,VLAN30_Servers,connected,808,a-full,a-1000,['10/100/1000BaseT'],yes
Gi2/4/44,VLAN30_Servers,notconnect,30,full,auto,['10/100/1000BaseT'],no
Gi2/4/45,VLAN30_Servers,notconnect,30,auto,auto,['10/100/1000BaseT'],no
Gi2/4/46,VLAN30_Servers,notconnect,30,auto,auto,['10/100/1000BaseT'],no
Gi2/4/47,VLAN30_Servers,notconnect,30,auto,auto,['10/100/1000BaseT'],no
Gi2/4/48,VLAN30_Servers,notconnect,30,full,auto,['10/100/1000BaseT'],no
Gi2/5/1,down,disabled,routed,auto,auto,['Transceiver'],no
Gi2/5/2,down,disabled,routed,auto,auto,['Transceiver'],no
Gi2/5/3,down,disabled,routed,a-full,a-1000,['Transceiver'],no
Te2/5/4,,connected,routed,full,10G,['10Gbase-SR'],yes
Te2/5/5,down,disabled,routed,full,10G,"['No', 'Connector']",no
Po1,toAccessSwitch,notconnect,1,full,auto,[],no
Po10,,connected,routed,a-full,10G,[],yes
Po11,,connected,routed,a-full,10G,[],yes
Po18,downdownlinktoAlmacendeProductoTerminado,disabled,unassigne,auto,auto,[],no
Po20,ConnectiontozALMXcue01,connected,trunk,a-full,a-1000,[],yes
Po27,,connected,trunk,a-full,a-1000,[],yes
Po29,,connected,trunk,a-full,a-1000,[],yes
Po40,WAASPortChannel,connected,40,a-full,a-1000,[],yes
Po100,,notconnect,unassigne,auto,auto,[],no
Po103,downlink to SACs (,connected,trunk,a-full,a-1000,[],no
Po106,EtherChanneltosALMXcue06,connected,trunk,a-full,a-1000,[],yes
Po107,downlinktoServicoMedico,connected,trunk,a-full,a-1000,[],yes
Po111,EtherChanneltosALMXcue11,connected,trunk,a-full,a-1000,[],yes
Po112,EtherChanneltosALMXcue12,connected,trunk,a-full,a-1000,[],yes
Po114,EtherChanneltosALMXcue04,notconnect,unassigne,auto,auto,[],no
Po116,downlinktoSACs(StackRack2),connected,trunk,a-full,a-1000,[],yes
Po118,downlinktoManufactura,notconnect,1,auto,auto,[],no
Po119,EtherChanneltosALMXcue19,connected,trunk,a-full,a-1000,[],yes
Po120,downlinktossALMXcue20,connected,trunk,a-full,a-1000,[],yes
Po200,NetApp_1,notconnect,50,auto,auto,[],no
Po201,NetApp_2,notconnect,50,auto,auto,[],no
Po202,,notconnect,50,full,auto,[],no
Po203,connectiontomxcuvms11,notconnect,50,full,auto,[],no
Po204,VMWare65,notconnect,50,auto,auto,[],no
Po205,VMWare65,notconnect,50,auto,auto,[],no
Po206,VMWare65,notconnect,50,auto,auto,[],no
Po208,NetApp_1New,connected,trunk,a-full,10G,[],yes
Po209,NetApp_2New,connected,trunk,a-full,10G,[],yes
Po250,MECtosDLMXcue02(Temp),notconnect,routed,auto,auto,[],no
