Port     ,Name              ,Status      ,Vlan      ,Duplex ,Speed,Type,Used
Gi1/0/1,  Connected to gMLCR,connected,trunk,     a-full,a-1000,10/100/1000BaseTX SPF,Yes
Gi1/0/2,  Connected to gMLCR,connected,trunk,     a-full,a-1000,10/100/1000BaseTX SPF,Yes
Gi1/0/3,  Connected to Strat,disabled,800,         auto,100,unknown,No
Gi1/0/4,  Connected to Strat,notconnect,800,         auto,100,unknown,No
Gi1/0/5,  Connected to Strat,notconnect,800,         auto,100,unknown,No
Gi1/0/6,  Connected to Strat,notconnect,800,         auto,100,unknown,No
Gi1/0/7,  Connected to Strat,notconnect,800,         auto,100,unknown,No
Gi1/0/8,  Connected to Strat,notconnect,800,         auto,100,unknown,No
Gi1/0/9,  Connected to Strat,notconnect,800,         auto,100,unknown,No
Gi1/0/10, Connected to Strat,connected,800,         full,100,10/100/1000BaseTX,Yes
Gi1/0/11,                   ,notconnect,800,         auto,1000,1000BaseSX SFP,No
Gi1/0/12,                   ,notconnect,800,         auto,1000,1000BaseSX SFP,No
Gi2/0/1  ,Connected to gMLCR,connected,  trunk,     a-full,a-1000 ,10/100/1000BaseTX SFP,Yes
Gi2/0/2  ,Connected to gMLCR,connected , trunk,     a-full,a-1000 ,10/100/1000BaseTX SFP,Yes
Gi2/0/3  ,Connected to Strat,disabled,800,         auto,100,unknown,No
Gi2/0/4  ,Connected to Strat,notconnect,800,         auto,100,unknown,No
Gi2/0/5  ,Connected to Strat,notconnect,800,         auto,100,unknown,No
Gi2/0/6  ,Connected to Strat,notconnect,800,         auto,100,unknown,No
Gi2/0/7  ,Connected to Strat,notconnect,800,         auto,100,unknown,No
Gi2/0/8  ,Connected to Strat,notconnect,800,         auto,100,unknown,No
Gi2/0/9  ,Connected to Strat,notconnect,800,         auto,100,unknown,No
Gi2/0/10 ,Connected to Strat,connected,800,         full,100,10/100/1000BaseTX SFP,Yes
Gi2/0/11  ,                ,notconnect,800,         auto,1000,1000BaseSX SFP,No
Gi2/0/12          ,        ,notconnect,800,         auto,1000,1000BaseSX SFP,No
Gi3/0/1             ,      ,notconnect,1,           auto,  auto,10/100/1000BaseTX,No
Gi3/0/2              ,     ,notconnect,1,          auto,  auto,10/100/1000BaseTX,No
Gi3/0/3                ,   ,notconnect,800,         auto,  auto,10/100/1000BaseTX,No
Gi3/0/4              ,    ,notconnect,800,         auto,  auto,10/100/1000BaseTX,No
Gi3/0/5               ,,notconnect,800,         auto,  auto,10/100/1000BaseTX,No
Gi3/0/6                ,,notconnect,800,         auto,  auto,10/100/1000BaseTX,No
Gi3/0/7                 ,,notconnect,800,         auto,  auto,10/100/1000BaseTX,No
Gi3/0/8                  ,,notconnect,800,         auto,  auto,10/100/1000BaseTX,No
Gi3/0/9                   ,,notconnect,800,         auto,  auto,10/100/1000BaseTX,No
Gi3/0/10                   ,,notconnect,800,         auto,  auto,10/100/1000BaseTX,No
Gi3/0/11,,notconnect,800,         auto,  auto,10/100/1000BaseTX,No
Gi3/0/12,,notconnect,800,         auto,  auto,10/100/1000BaseTX,No
Gi3/0/13 ,,notconnect,800,         auto,  auto,10/100/1000BaseTX,No
Gi3/0/14  ,,notconnect,800,         auto,  auto,10/100/1000BaseTX,No
Gi3/0/15   ,,notconnect,800,         auto,  auto,10/100/1000BaseTX,No
Gi3/0/16,,notconnect,800,         auto,  auto,10/100/1000BaseTX,No
Gi3/0/17 ,,notconnect,800,         auto,  auto,10/100/1000BaseTX,No
Gi3/0/18  ,,notconnect,800,         auto,  auto,10/100/1000BaseTX,No
Gi3/0/19   ,,connected ,800,       a-full,a-1000,10/100/1000BaseTX,Yes
Gi3/0/20     ,,notconnect,800,         auto,  auto,10/100/1000BaseTX,No
Gi3/0/21, CRCAMFG002NAT,connected ,800,       a-full,a-1000,10/100/1000BaseTX,Yes
Gi3/0/22         ,,notconnect,800,         auto,  auto,10/100/1000BaseTX,No
Gi3/0/23           ,,notconnect,800,         auto,  auto,10/100/1000BaseTX,No
Gi3/0/24             ,,notconnect,800,         auto,  auto,10/100/1000BaseTX,No
Gi4/0/1                 ,,notconnect,1,           auto,  auto,10/100/1000BaseTX,No
Gi4/0/2 ,,notconnect,1,           auto,  auto,10/100/1000BaseTX,No
Gi4/0/3    ,,notconnect,1,          auto,  auto,10/100/1000BaseTX,No
Gi4/0/4     ,,notconnect,1,          auto,  auto,10/100/1000BaseTX,No
Gi4/0/5       ,,notconnect,1,        auto,  auto,10/100/1000BaseTX,No
Gi4/0/6          ,,notconnect,1,      auto,  auto,10/100/1000BaseTX,No
Gi4/0/7           ,,notconnect,1,         auto,  auto,10/100/1000BaseTX,No
Gi4/0/8             ,,notconnect,1,       auto,  auto,10/100/1000BaseTX,No
Gi4/0/9               ,,notconnect,1,      auto,  auto,10/100/1000BaseTX,No
Gi4/0/10               ,,notconnect,1,      auto,  auto,10/100/1000BaseTX,No
Gi4/0/11        ,,notconnect,1,   auto,  auto,10/100/1000BaseTX,No
Gi4/0/12         ,,notconnect,1,       auto,  auto,10/100/1000BaseTX,No
Gi4/0/13     ,,notconnect,1,     auto,  auto,10/100/1000BaseTX,No
Gi4/0/14     ,,notconnect,1,      auto,  auto,10/100/1000BaseTX,No
Gi4/0/15      ,,notconnect,1,     auto,  auto,10/100/1000BaseTX,No
Gi4/0/16      ,,notconnect,1,     auto,  auto,10/100/1000BaseTX,No
Gi4/0/17  ,,notconnect,1,     auto,  auto,10/100/1000BaseTX,No
Gi4/0/18         ,,notconnect,1,     auto,  auto,10/100/1000BaseTX,No
Gi4/0/19         ,,notconnect,1,     auto,  auto,10/100/1000BaseTX,No
Gi4/0/20       ,,notconnect,1,    auto,  auto,10/100/1000BaseTX,No
Gi4/0/21       ,,notconnect,1,     auto,  auto,10/100/1000BaseTX,No
Gi4/0/22       ,,notconnect,1,     auto,  auto,10/100/1000BaseTX,No
Gi4/0/23        ,,notconnect,1,      auto,  auto,10/100/1000BaseTX,No
Gi4/0/24        ,,notconnect,1,     auto,  auto,10/100/1000BaseTX,No
Po1   ,Connected to Strat,connected,800,         full,100,,Yes
Po2 ,    Connected to Strat,disabled,800,         auto,100,,No
Po3  ,,notconnect,  unassigned,a-full, a-100,,No
Po28 ,   Connected to gMLCR,connected,  trunk,     a-full,a-1000,,Yes
Po30  ,  Connected to gMLCR,connected,  trunk,     a-full,a-1000,,Yes
