Interface,Description,Status,Vlan,Duplex,Speed,Type,Used
Gi1/0/1 ,      ,connected,trunk,a-full, a-1000 ,10/100/1000BaseTX SFP,Yes
Gi1/0/2,        ,connected,trunk,a-full, a-1000 ,10/100/1000BaseTX SFP,YTes
Gi1/0/3,         ,notconnect,1,auto,auto, Not Present,No
Gi1/0/4,          ,notconnect,1,auto,auto, Not Present,No
Gi1/0/5,           ,connected,trunk,full,1000,1000BaseSX SFP,Yes
Gi1/0/6,            ,connected,trunk,full,1000,1000BaseSX SFP,Yes
Gi1/0/7,   downlink to sMALMX,connected,trunk,full,1000,1000BaseSX SFP,Yes
Gi1/0/8   ,           ,notconnect,1,auto,auto, Not Present,No
Gi1/0/9   ,            ,notconnect,1,auto,auto, Not Present,No
Gi1/0/10,              ,notconnect,1,auto,auto, Not Present,No
Gi1/0/11,         ,notconnect,1,auto,auto, Not Present,No
Gi1/0/12,          ,notconnect,1,auto,auto, Not Present,No
Gi2/0/1 ,          ,connected,trunk,a-full, a-1000,10/100/1000BaseTX SFP,Yes
Gi2/0/2 ,        ,connected,trunk,a-full, a-1000,10/100/1000BaseTX SFP,Yes
Gi2/0/3 ,         ,notconnect,1,auto,auto, Not Present,No
Gi2/0/4 ,          ,notconnect,1,auto,auto, Not Present,No
Gi2/0/5 ,           ,notconnect,1,auto,auto, Not Present,No
Gi2/0/6 ,            ,connected,trunk,a-full, a-1000,1000BaseSX SFP,Yes
Gi2/0/7 ,             ,notconnect,1,auto,auto, Not Present,No
Gi2/0/8 ,              ,notconnect,1,auto,auto, Not Present,No
Gi2/0/9 ,               ,notconnect,1,auto,auto, Not Present,No
Gi2/0/10,                ,notconnect,1,auto,auto, Not Present,No
Gi2/0/11             ,,notconnect,1,auto,auto, Not Present,No
Gi2/0/12,            ,notconnect,1,auto,auto, Not Present,No
Gi3/0/1 ,           ,notconnect,800,auto,auto, 10/100/1000BaseTX,No
Gi3/0/2 ,          ,notconnect,800,auto,auto, 10/100/1000BaseTX,No
Gi3/0/3 ,         ,connected,800,a-full, a-1000,1000BaseSX SFP,Yes
Gi3/0/4 ,        ,connected,800,a-full, a-1000,1000BaseSX SFP,Yes
Gi3/0/5 ,       ,connected,800,a-full, a-1000,1000BaseSX SFP,Yes
Gi3/0/6 ,      ,connected,800,a-full, a-1000,1000BaseSX SFP,Yes
Gi3/0/7 ,     ,connected,800,a-full, a-1000,1000BaseSX SFP,Yes
Gi3/0/8 ,    ,connected,800,a-full, a-1000,1000BaseSX SFP,Yes
Gi3/0/9 ,                ,notconnect,1,auto,auto, 10/100/1000BaseTX,No
Gi3/0/10,                ,notconnect,1,auto,auto, 10/100/1000BaseTX,No
Gi3/0/11,              ,notconnect,1,auto,auto, 10/100/1000BaseTX,No
Gi3/0/12,             ,notconnect,1,auto,auto, 10/100/1000BaseTX,No
Gi3/0/13,            ,notconnect,1,auto,auto, 10/100/1000BaseTX,No
Gi3/0/14,           ,notconnect,1,auto,auto, 10/100/1000BaseTX,No
Gi3/0/15,             ,notconnect,1,auto,auto, 10/100/1000BaseTX,No
Gi3/0/16,            ,notconnect,1,auto,auto, 10/100/1000BaseTX,No
Gi3/0/17,           ,notconnect,1,auto,auto, 10/100/1000BaseTX,No
Gi3/0/18,          ,notconnect,1,auto,auto, 10/100/1000BaseTX,No
Gi3/0/19,         ,notconnect,1,auto,auto, 10/100/1000BaseTX,No
Gi3/0/20,        ,notconnect,1,auto,auto, 10/100/1000BaseTX,No
Gi3/0/21,       ,notconnect,1,auto,auto, 10/100/1000BaseTX,No
Gi3/0/22,      ,notconnect,1,auto,auto, 10/100/1000BaseTX,No
Gi3/0/23,     ,notconnect,1,auto,auto, 10/100/1000BaseTX,No
Gi3/0/24,    ,notconnect,1,auto,auto, 10/100/1000BaseTX,No
Gi3/0/25,   ,notconnect,1,auto,auto, 10/100/1000BaseTX,No
Gi3/0/26,  ,notconnect,1,auto,auto, 10/100/1000BaseTX,No
Gi3/0/27, ,notconnect,1,auto,auto, 10/100/1000BaseTX,No
Gi3/0/28,                 ,notconnect,1,auto,auto, 10/100/1000BaseTX,No
Gi3/0/29,                ,notconnect,1,auto,auto, 10/100/1000BaseTX,No
Gi3/0/30,               ,notconnect,1,auto,auto, 10/100/1000BaseTX,No
Gi3/0/31,              ,notconnect,1,auto,auto, 10/100/1000BaseTX,No
Gi3/0/32,              ,notconnect,1,auto,auto, 10/100/1000BaseTX,No
Gi3/0/33,            ,notconnect,1,auto,auto, 10/100/1000BaseTX,No
Gi3/0/34,           ,notconnect,1,auto,auto, 10/100/1000BaseTX,No
Gi3/0/35,          ,notconnect,1,auto,auto, 10/100/1000BaseTX,No
Gi3/0/36,         ,notconnect,1,auto,auto, 10/100/1000BaseTX,No
Gi3/0/37,        ,notconnect,1,auto,auto, 10/100/1000BaseTX,No
Gi3/0/38,       ,notconnect,1,auto,auto, 10/100/1000BaseTX,No
Gi3/0/39,      ,notconnect,1,auto,auto, 10/100/1000BaseTX,No
Gi3/0/40,     ,notconnect,1,auto,auto, 10/100/1000BaseTX,No
Gi3/0/41,    ,notconnect,1,auto,auto, 10/100/1000BaseTX,No
Gi3/0/42     ,           ,notconnect,1,auto,auto, 10/100/1000BaseTX,No
Gi3/0/43    ,            ,notconnect,1,auto,auto, 10/100/1000BaseTX,No
Gi3/0/44   ,           ,notconnect,1,auto,auto, 10/100/1000BaseTX,No
Gi3/0/45  ,           ,notconnect,1,auto,auto, 10/100/1000BaseTX,No
Gi3/0/46 ,           ,notconnect,1,auto,auto, 10/100/1000BaseTX,No
Gi3/0/47,           ,notconnect,1,auto,auto, 10/100/1000BaseTX,No
Gi3/0/48,           ,notconnect,1,auto,auto, 10/100/1000BaseTX,No
Po12,                 ,connected,trunk,a-full, a-1000,,Yes
Po28,      to Firewall,connected,trunk,a-full, a-1000,,Yes
Po30,      to Firewall,connected,trunk,a-full, a-1000,,Yes
Fa0,                     ,disabled   , routed,auto,auto, 10/100BaseTX,No
