Interface,Description,Status,Vlan,Duplex,Speed,Type,Used
Te1/0/1,,notconnect,1,auto,auto,['unknown'],no
Te1/0/2,,notconnect,1,auto,auto,['unknown'],no
Te1/0/3,,connected,trunk,full,1000,"['1000BaseSX', 'SFP']",yes
Te1/0/4,WLCSecondaryGi0/1,connected,trunk,full,1000,"['1000BaseSX', 'SFP']",yes
Te1/0/5,OOBtoGi0/0/0.201,connected,trunk,a-full,a-1000,"['10/100/1000BaseTX', 'SFP']",yes
Te1/0/6,sALCRcaa11Gi1/1/1,connected,trunk,full,1000,"['1000BaseSX', 'SFP']",yes
Te1/0/7,sALCRcaa12Gi1/1/1,connected,trunk,full,1000,"['1000BaseSX', 'SFP']",yes
Te1/0/8,sALCRcaa13Gi1/1/1,connected,trunk,full,1000,"['1000BaseSX', 'SFP']",yes
Te1/0/9,sALCRcaa14Gi1/1/1,connected,trunk,full,1000,"['1000BaseSX', 'SFP']",yes
Te1/0/10,sALCRcaa15Gi1/1/1,connected,trunk,full,1000,"['1000BaseSX', 'SFP']",yes
Te1/0/11,downfutureuse,disabled,1,auto,auto,['unknown'],no
Te1/0/12,*** TEMP to DISTRO,disabled,1,full,100,['unknown'],
Te2/0/1,,notconnect,1,auto,auto,['unknown'],no
Te2/0/2,,notconnect,1,auto,auto,['unknown'],no
Te2/0/3,,connected,trunk,full,1000,"['1000BaseSX', 'SFP']",yes
Te2/0/4,WLCSecondaryGi0/1,connected,trunk,full,1000,"['1000BaseSX', 'SFP']",yes
Te2/0/5,OOBtoGi0/0/1.203,connected,trunk,a-full,a-1000,"['10/100/1000BaseTX', 'SFP']",yes
Te2/0/6,sALCRcaa11Gi1/1/2,connected,trunk,full,1000,"['1000BaseSX', 'SFP']",yes
Te2/0/7,sALCRcaa12Gi1/1/2,connected,trunk,full,1000,"['1000BaseSX', 'SFP']",yes
Te2/0/8,sALCRcaa13Gi1/1/2,connected,trunk,full,1000,"['1000BaseSX', 'SFP']",yes
Te2/0/9,sALCRcaa14Gi1/1/2,connected,trunk,full,1000,"['1000BaseSX', 'SFP']",yes
Te2/0/10,sALCRcaa15Gi1/1/2,connected,trunk,full,1000,"['1000BaseSX', 'SFP']",yes
Te2/0/11,downfutureuse,disabled,1,auto,auto,['unknown'],no
Te2/0/12,downfutureuse,disabled,1,auto,auto,['unknown'],no
Gi3/0/1,,notconnect,1,auto,auto,['10/100/1000BaseTX'],no
Gi3/0/2,ConnectedtorAWCRcaa01GigabitEthernet0/0/0VLAN201_Infra,connected,trunk,a-full,a-1000,['10/100/1000BaseTX'],yes
Gi3/0/3,ConnectedtorAWCRcaa09GigabitEthernet0/0/0VLAN201_Infra,connected,trunk,a-full,a-1000,['10/100/1000BaseTX'],yes
Gi3/0/4,,notconnect,1,auto,auto,['10/100/1000BaseTX'],
Gi3/0/5,connectedtoMNP-gMLPRcar01-PG0/0(Po29),connected,trunk,a-full,a-1000,['10/100/1000BaseTX'],yes
Gi3/0/6,connectedtoMNP-gMLPRcar01-FOG0/1(Po29),connected,trunk,a-full,a-100,[ '10/100/1000BaseTX'],yes
Gi3/0/7,MGMT ASA-gMLCRcaa1,notconnect,808,full,100,['10/100/1000BaseTX'],
Gi3/0/8,ConnectiontoLegacyE1VoiceGW,connected,74,a-full,a-1000,['10/100/1000BaseTX'],yes
Gi3/0/9,rALCRcar99 G0/0,notconnect,1,auto,auto,['10/100/1000BaseTX'],
Gi3/0/10,Servers,notconnect,30,auto,auto,['10/100/1000BaseTX'],
Gi3/0/11,Servers,notconnect,30,auto,auto,['10/100/1000BaseTX'],
Gi3/0/12,Servers,notconnect,30,auto,auto,['10/100/1000BaseTX'],no
Gi3/0/13,Servers,connected,30,a-full,a-1000,['10/100/1000BaseTX'],yes
Gi3/0/14,Servers,notconnect,30,auto,auto,['10/100/1000BaseTX'],
Gi3/0/15,Servers,connected,30,a-full,a-1000,['10/100/1000BaseTX'],yes
Gi3/0/16,Servers,connected,30,a-full,a-1000,['10/100/1000BaseTX'],yes
Gi3/0/17,VMWareServers,connected,962,a-full,a-1000,['10/100/1000BaseTX'],yes
Gi3/0/18,ServersVMotion,connected,964,a-full,a-1000,['10/100/1000BaseTX'],yes
Gi3/0/19,Servers,connected,30,a-full,a-1000,['10/100/1000BaseTX'],yes
Gi3/0/20,Servers,connected,30,a-full,a-1000,['10/100/1000BaseTX'],yes
Gi3/0/21,Servers,connected,30,a-full,a-1000,['10/100/1000BaseTX'],yes
Gi3/0/22,VMWareServers,connected,962,a-full,a-1000,['10/100/1000BaseTX'],yes
Gi3/0/23,ServersVMotion,connected,964,a-full,a-1000,['10/100/1000BaseTX'],yes
Gi3/0/24,Servers,notconnect,30,auto,auto,['10/100/1000BaseTX'],no
Gi3/0/25,Servers,connected,30,a-full,a-1000,['10/100/1000BaseTX'],yes
Gi3/0/26,ServersVMotion,connected,964,a-full,a-1000,['10/100/1000BaseTX'],yes
Gi3/0/27,Servers,connected,30,a-full,a-1000,['10/100/1000BaseTX'],yes
Gi3/0/28,Servers,connected,30,a-full,a-1000,['10/100/1000BaseTX'],yes
Gi3/0/29,Servers,connected,30,a-full,a-1000,['10/100/1000BaseTX'],yes
Gi3/0/30,Servers,connected,30,a-full,a-1000,['10/100/1000BaseTX'],yes
Gi3/0/31,*CRCADCG001*,connected,30,a-full,a-1000,['10/100/1000BaseTX'],yes
Gi3/0/32,Servers,connected,30,a-full,a-1000,['10/100/1000BaseTX'],yes
Gi3/0/33,WAAS,connected,40,a-full,a-100,['10/100/1000BaseTX'],yes
Gi3/0/34,Servers,connected,30,a-full,a-1000,['10/100/1000BaseTX'],yes
Gi3/0/35,Servers,connected,30,a-full,a-100,['10/100/1000BaseTX'],yes
Gi3/0/36,Servers,connected,30,a-full,a-1000,['10/100/1000BaseTX'],yes
Gi3/0/37,Servers,notconnect,30,auto,auto,['10/100/1000BaseTX'],no
Gi3/0/38,Servers,connected,30,a-full,a-1000,['10/100/1000BaseTX'],yes
Gi3/0/39,Servers,connected,30,a-full,a-1000,['10/100/1000BaseTX'],yes
Gi3/0/40,Servers,connected,30,a-full,a-1000,['10/100/1000BaseTX'],yes
Gi3/0/41,Servers,notconnect,30,auto,auto,['10/100/1000BaseTX'],
Gi3/0/42,Servers,notconnect,30,auto,auto,['10/100/1000BaseTX'],no
Gi3/0/43,Servers,notconnect,30,auto,auto,['10/100/1000BaseTX'],no
Gi3/0/44,Servers,notconnect,30,auto,auto,['10/100/1000BaseTX'],no
Gi3/0/45,Servers,notconnect,30,auto,auto,['10/100/1000BaseTX'],no
Gi3/0/46,Servers,notconnect,30,auto,auto,['10/100/1000BaseTX'],no
Gi3/0/47,Servers,notconnect,30,auto,auto,['10/100/1000BaseTX'],no
Gi3/0/48,Servers,notconnect,30,auto,auto,['10/100/1000BaseTX'],no
Gi4/0/1,,notconnect,1,auto,auto,['10/100/1000BaseTX'],no
Gi4/0/2,ConnectedtorAWCRcaa01GigabitEthernet0/0/1VLAN203_Infra,connected,trunk,a-full,a-1000,['10/100/1000BaseTX'],yes
Gi4/0/3,ConnectedtorAWCRcaa09GigabitEthernet0/0/1VLAN203_Infra,connected,trunk,a-full,a-1000,['10/100/1000BaseTX'],yes
Gi4/0/4,,notconnect,1,auto,auto,['10/100/1000BaseTX'],no
Gi4/0/5,connectedtoMNP-gMLPRcar01-PG0/1(Po29),connected,trunk,a-full,a-1000,['10/100/1000BaseTX'],yes
Gi4/0/6,connectedtoMNP-gMLPRcar01-FOG0/0(Po29),connected,trunk,full,100,['10/100/1000BaseTX'],yes
Gi4/0/7,MGMTASA-gMLCRcaa1-P(MNP),notconnect,808,auto,auto,['10/100/1000BaseTX'],no
Gi4/0/8,Servers,notconnect,30,auto,auto,['10/100/1000BaseTX'],no
Gi4/0/9,Servers,notconnect,30,auto,auto,['10/100/1000BaseTX'],no
Gi4/0/10,Servers,notconnect,30,auto,auto,['10/100/1000BaseTX'],no
Gi4/0/11,Servers,notconnect,30,auto,auto,['10/100/1000BaseTX'],no
Gi4/0/12,Servers,notconnect,30,auto,auto,['10/100/1000BaseTX'],no
Gi4/0/13,Servers,connected,30,a-full,a-1000,['10/100/1000BaseTX'],yes
Gi4/0/14,Servers,connected,30,a-full,a-1000,['10/100/1000BaseTX'],yes
Gi4/0/15,Servers,connected,30,a-full,a-1000,['10/100/1000BaseTX'],yes
Gi4/0/16,Servers,connected,30,a-full,a-1000,['10/100/1000BaseTX'],yes
Gi4/0/17,Servers,connected,30,a-full,a-1000,['10/100/1000BaseTX'],yes
Gi4/0/18,Servers,connected,30,a-full,a-1000,['10/100/1000BaseTX'],yes
Gi4/0/19,Servers,notconnect,30,auto,auto,['10/100/1000BaseTX'],no
Gi4/0/20,Servers,notconnect,30,auto,auto,['10/100/1000BaseTX'],no
Gi4/0/21,Servers,connected,30,a-full,a-1000,['10/100/1000BaseTX'],yes
Gi4/0/22,Servers,notconnect,30,auto,auto,['10/100/1000BaseTX'],no
Gi4/0/23,Servers,connected,30,a-full,a-100,['10/100/1000BaseTX'],yes
Gi4/0/24,Servers,notconnect,30,auto,auto,['10/100/1000BaseTX'],no
Gi4/0/25,Servers,connected,30,a-full,a-1000,['10/100/1000BaseTX'],yes
Gi4/0/26,Servers,notconnect,30,auto,auto,['10/100/1000BaseTX'],no
Gi4/0/27,Servers,connected,30,a-full,a-1000,['10/100/1000BaseTX'],yes
Gi4/0/28,Servers,notconnect,30,auto,auto,['10/100/1000BaseTX'],no
Gi4/0/29,Servers,notconnect,30,auto,auto,['10/100/1000BaseTX'],
Gi4/0/30,Servers,notconnect,30,auto,auto,['10/100/1000BaseTX'],no
Gi4/0/31,*CRCADCG001*,connected,30,a-full,a-100,['10/100/1000BaseTX'],yes
Gi4/0/32,Servers,connected,30,a-full,a-1000,['10/100/1000BaseTX'],yes
Gi4/0/33,VMwareServers,notconnect,962,auto,auto,['10/100/1000BaseTX'],no
Gi4/0/34,VMwareServers,connected,962,a-full,a-1000,['10/100/1000BaseTX'],yes
Gi4/0/35,VMwareServers,connected,962,a-full,a-1000,['10/100/1000BaseTX'],yes
Gi4/0/36,Servers,notconnect,30,auto,auto,['10/100/1000BaseTX'],no
Gi4/0/37,Servers,connected,30,a-full,a-100,['10/100/1000BaseTX'],yes
Gi4/0/38,Servers,connected,30,a-full,a-1000,['10/100/1000BaseTX'],yes
Gi4/0/39,Servers,notconnect,30,auto,auto,['10/100/1000BaseTX'],
Gi4/0/40,Servers,connected,30,a-full,a-1000,['10/100/1000BaseTX'],yes
Gi4/0/41,VMwareServers,connected,964,a-full,a-1000,['10/100/1000BaseTX'],yes
Gi4/0/42,VMwareServers,connected,964,a-full,a-1000,['10/100/1000BaseTX'],yes
Gi4/0/43,VMwareServers,connected,964,a-full,a-1000,['10/100/1000BaseTX'],yes
Gi4/0/44,Servers,notconnect,30,auto,auto,['10/100/1000BaseTX'],no
Gi4/0/45,Servers,notconnect,30,auto,auto,['10/100/1000BaseTX'],no
Gi4/0/46,Servers,notconnect,30,auto,auto,['10/100/1000BaseTX'],no
Gi4/0/47,Servers,notconnect,30,auto,auto,['10/100/1000BaseTX'],no
Gi4/0/48,Servers,notconnect,30,auto,auto,['10/100/1000BaseTX'],
Po27,"ConnectedtogMLPRcar01-FO(G0/0,G0/1)",connected,trunk,a-full,a-100,[],yes
Po29,"ConnectedtogMLPRcar01-P(G0/0,G0/1)",connected,trunk,a-full,a-1000,[],yes
Po41,WLCPrimaryzALCRcaa01,connected,trunk,a-full,a-1000,[],yes
Po42,WLCSecondaryzALCRcaa01,connected,trunk,a-full,a-1000,[],yes
Po111,sALCRcaa11,connected,trunk,a-full,a-1000,[],yes
Po112,sALCRcaa12,connected,trunk,a-full,a-1000,[],yes
Po113,sALCRcaa13,connected,trunk,a-full,a-1000,[],yes
Po114,sALCRcaa14,connected,trunk,a-full,a-1000,[],yes
Po115,sALCRcaa15,connected,trunk,a-full,a-1000,[],yes
