Interface,Description,Used
Gi1/1,tosALDRscr03G1/1/1,no
Gi1/2,tosALDRscr03G3/1/1,no
Gi1/3,tosALDRscr04G1/1/1,no
Gi1/4,tosALDRscr04G1/1/2,no
Gi1/5,tosALDRscr05G1/1/1,no
Gi1/6,tosALDRscr05G1/1/2,no
Gi1/7,tosALDRscr06G1/1/1,no
Gi1/8,tosALDRscr06G1/1/2,no
Gi1/9,tosALDRscr07G1/1/1,no
Gi1/10,tosALDRscr07G1/1/2,no
Gi1/11,tosALDRscr08G1/1/1,no
Gi1/12,tosALDRscr08G1/1/2,no
Gi1/13,,no
Gi1/14,,no
Gi1/15,,no
Gi1/16,,no
Gi1/17,,no
Gi1/18,sDLDRscr01(Po99)toFw-gMLDRscr01-P(G0/0),no
Gi1/19,sDLUSmed01(Po99)toFw-gMLDRscr01-P(G0/1),no
Gi1/20,,no
Gi1/21,,no
Gi1/22,ConnectiontoWLC(port1),no
Gi1/23,ConnectiontoWLC(port2),no
Gi1/24,down,no
Gi5/1,down,no
Gi5/2,down,no
Gi5/3,down,no
Te5/4,tosDLDRscr02T5/4,no
Te5/5,tosDLDRscr02T5/5,no
Gi7/1,"ConnectedtorAWDRscr01,gig0/0,VLAN201_Infra",no
Gi7/2,"ConnectedtorAWDRscr02,gig0/1,VLAN203_Infra",no
Gi7/3,ConnectiontorAWDRscr99-G0/0,no
Gi7/4,,no
Gi7/5,,yes
Gi7/6,ConnectiontorAWDRscr98-G0/0,yes
Gi7/7,ServerVLAN,yes
Gi7/8,ServerVLAN,yes
Gi7/9,ServerVLAN,yes
Gi7/10,ServerVLAN,yes
Gi7/11,ServerVLAN,yes
Gi7/12,ServerVLAN,yes
Gi7/13,ServerVLAN,yes
Gi7/14,ServerVLAN,yes
Gi7/15,ServerVLAN,no
Gi7/16,ServerVLAN,no
Gi7/17,ServerVLAN,yes
Gi7/18,ServerVLAN,yes
Gi7/19,ServerVLAN,no
Gi7/20,ServerVLAN,yes
Gi7/21,ServerVLAN,yes
Gi7/22,ServerVLAN,yes
Gi7/23,ServerVLAN,no
Gi7/24,ServerVLAN,no
Gi7/25,ServerVLAN,yes
Gi7/26,ServerVLAN,no
Gi7/27,ServerVLAN,no
Gi7/28,ServerVLAN,no
Gi7/29,ServerVLAN,no
Gi7/30,ServerVLAN,no
Gi7/31,ServerVLAN,no
Gi7/32,ServerVLAN,no
Gi7/33,ServerVLAN,no
Gi7/34,ServerVLAN,no
Gi7/35,ServerVLAN,no
Gi7/36,ServerVLAN,no
Gi7/37,ServerVLAN,no
Gi7/38,ServerVLAN,no
Gi7/39,ServerVLAN,no
Gi7/40,ServerVLAN,no
Gi7/41,ServerVLAN,no
Gi7/42,ServerVLAN,no
Gi7/43,ServerVLAN,no
Gi7/44,ServerVLAN,no
Gi7/45,ServerVLAN,no
Gi7/46,ServerVLAN,no
Gi7/47,ServerVLAN,no
Gi7/48,ServerVLAN,no
Po12,EtherChanneltosDLDRscr02,no
Po13,EtherChanneltosALDRscr03,no
Po14,EtherChanneltosALDRscr04,no
Po15,EtherChanneltosALDRscr05,no
Po16,EtherChanneltosALDRscr06,no
Po17,EtherChanneltosALDRscr07,no
Po18,EtherChanneltosALDRscr08,no
Po41,EtherChanneltoWLC-zALDRscr01,no
Po99,EtherChanneltoFw-gMLDRscr01-P,no
