Interface,Description,Used
Gi1/0/1,AccessVLAN108,yes
Gi1/0/2,AccessVLAN108,yes
Gi1/0/3,AccessVLAN108,yes
Gi1/0/4,AccessVLAN108,yes
Gi1/0/5,AccessVLAN108,no
Gi1/0/6,AccessVLAN108,no
Gi1/0/7,AccessVLAN108,no
Gi1/0/8,AccessVLAN108,yes
Gi1/0/9,AccessVLAN108,no
Gi1/0/10,AccessVLAN108,yes
Gi1/0/11,AccessVLAN108,yes
Gi1/0/12,AccessVLAN108,yes
Gi1/0/13,AccessVLAN108,no
Gi1/0/14,AccessVLAN108,no
Gi1/0/15,AccessVLAN108,no
Gi1/0/16,AccessVLAN108,no
Gi1/0/17,AccessVLAN108,no
Gi1/0/18,AccessVLAN108,no
Gi1/0/19,AccessVLAN108,no
Gi1/0/20,AccessVLAN108,yes
Gi1/0/21,AccessVLAN108,no
Gi1/0/22,AccessVLAN108,no
Gi1/0/23,AccessVLAN108,no
Gi1/0/24,AccessVLAN108,yes
Gi1/0/25,AccessVLAN108,yes
Gi1/0/26,WLANAPs,yes
Gi1/0/27,AccessVLAN108,yes
Gi1/0/28,AccessVLAN108,yes
Gi1/0/29,AccessVLAN108,no
Gi1/0/30,AccessVLAN108,yes
Gi1/0/31,AccessVLAN108,yes
Gi1/0/32,AccessVLAN108,no
Gi1/0/33,AccessVLAN108,yes
Gi1/0/34,AccessVLAN108,yes
Gi1/0/35,AccessVLAN108,no
Gi1/0/36,AccessVLAN108,no
Gi1/0/37,AccessVLAN108,no
Gi1/0/38,AccessVLAN108,no
Gi1/0/39,AccessVLAN108,no
Gi1/0/40,WLANAPs,yes
Gi1/0/41,WLANAPs,yes
Gi1/0/42,WLANAPs,yes
Gi1/0/43,WLANAPs,yes
Gi1/0/44,AccessVLAN108,yes
Gi1/0/45,WLANAPs,yes
Gi1/0/46,WLANAPs,yes
Gi1/0/47,WLANAPs,yes
Gi1/0/48,WLANAPs,yes
Gi1/1/1,fromsALDRscr07(G1/1/1)tosDLDRscr01(G1/9),yes
Gi1/1/2,fromsALDRscr07(G1/1/2)tosDLDRscr01(G1/10),yes
Gi1/1/3,,no
Gi1/1/4,,no
Gi2/0/1,AccessVLAN108,no
Gi2/0/2,AccessVLAN108,yes
Gi2/0/3,AccessVLAN108,yes
Gi2/0/4,AccessVLAN108,no
Gi2/0/5,AccessVLAN108,no
Gi2/0/6,AccessVLAN108,no
Gi2/0/7,AccessVLAN108,yes
Gi2/0/8,AccessVLAN108,yes
Gi2/0/9,AccessVLAN108,no
Gi2/0/10,AccessVLAN108,no
Gi2/0/11,,no
Gi2/0/12,,no
Gi2/0/13,,no
Gi2/0/14,AccessVLAN108,no
Gi2/0/15,AccessVLAN108,yes
Gi2/0/16,AccessVLAN108,yes
Gi2/0/17,AccessVLAN108,no
Gi2/0/18,AccessVLAN108,no
Gi2/0/19,AccessVLAN108,yes
Gi2/0/20,AccessVLAN108,no
Gi2/0/21,AccessVLAN108,no
Gi2/0/22,AccessVLAN108,no
Gi2/0/23,AccessVLAN108,no
Gi2/0/24,AccessVLAN108,no
Gi2/1/1,fromsALDRscr07(G2/1/1)tosDLDRscr02(G1/9),yes
Gi2/1/2,fromsALDRscr07(G2/1/2)tosDLDRscr02(G1/10),yes
Gi2/1/3,,no
Gi2/1/4,,no
Po15,EtherChanneltosDLDRscr01,yes
Po25,EtherChanneltosDLDRscr02,yes
Fa0,down,no
