Interface,Description,Used
Gi1/0/1,AccessVLAN102,no
Gi1/0/2,AccessVLAN102,yes
Gi1/0/3,AccessVLAN102,yes
Gi1/0/4,AccessVLAN102,yes
Gi1/0/5,AccessVLAN102,yes
Gi1/0/6,AccessVLAN102,no
Gi1/0/7,AccessVLAN102,no
Gi1/0/8,AccessVLAN102,no
Gi1/0/9,AccessVLAN102-XeroxPrinternoPoE,no
Gi1/0/10,AccessVLAN102,no
Gi1/0/11,AccessVLAN102,no
Gi1/0/12,AccessVLAN102,no
Gi1/0/13,AccessVLAN102,no
Gi1/0/14,AccessVLAN102,yes
Gi1/0/15,AccessVLAN102,no
Gi1/0/16,AccessVLAN102,no
Gi1/0/17,AccessVLAN102,no
Gi1/0/18,AccessVLAN102,no
Gi1/0/19,AccessVLAN102,no
Gi1/0/20,AccessVLAN102,no
Gi1/0/21,AccessVLAN102,no
Gi1/0/22,AccessVLAN102,no
Gi1/0/23,AccessVLAN102,no
Gi1/0/24,AccessVLAN102,yes
Gi1/0/25,AccessVLAN102,no
Gi1/0/26,AccessVLAN102,yes
Gi1/0/27,AccessVLAN102,no
Gi1/0/28,AccessVLAN102,yes
Gi1/0/29,AccessVLAN102,yes
Gi1/0/30,AccessVLAN102,yes
Gi1/0/31,AccessVLAN102,yes
Gi1/0/32,AccessVLAN102,yes
Gi1/0/33,AccessVLAN102,no
Gi1/0/34,AccessVLAN102,yes
Gi1/0/35,AccessVLAN102,yes
Gi1/0/36,AccessVLAN102,no
Gi1/0/37,AccessVLAN102,no
Gi1/0/38,AccessVLAN102,yes
Gi1/0/39,AccessVLAN102,yes
Gi1/0/40,AccessVLAN102,yes
Gi1/0/41,AccessVLAN102,yes
Gi1/0/42,AccessVLAN102,no
Gi1/0/43,AccessVLAN102,no
Gi1/0/44,AccessVLAN102,yes
Gi1/0/45,WLANAPs,yes
Gi1/0/46,WLANAPs,yes
Gi1/0/47,WLANAPs,yes
Gi1/0/48,WLANAPs,yes
Gi1/1/1,fromsALDRscr04(G1/1/1)tosDLDRscr01(G1/3),yes
Gi1/1/2,fromsALDRscr04(G1/1/2)tosDLDRscr02(G1/4),yes
Gi1/1/3,,no
Gi1/1/4,,no
Gi2/0/1,AccessVLAN102,no
Gi2/0/2,AccessVLAN102,yes
Gi2/0/3,AccessVLAN102,yes
Gi2/0/4,AccessVLAN102,yes
Gi2/0/5,AccessVLAN102,no
Gi2/0/6,AccessVLAN102,yes
Gi2/0/7,AccessVLAN102,yes
Gi2/0/8,AccessVLAN102,no
Gi2/0/9,AccessVLAN102,yes
Gi2/0/10,AccessVLAN102,yes
Gi2/0/11,AccessVLAN102,yes
Gi2/0/12,AccessVLAN102,no
Gi2/0/13,AccessVLAN102,no
Gi2/0/14,AccessVLAN102,yes
Gi2/0/15,AccessVLAN102,yes
Gi2/0/16,AccessVLAN102,no
Gi2/0/17,AccessVLAN102,no
Gi2/0/18,AccessVLAN102,no
Gi2/0/19,AccessVLAN102,no
Gi2/0/20,AccessVLAN102,yes
Gi2/0/21,AccessVLAN102,yes
Gi2/0/22,AccessVLAN102,no
Gi2/0/23,AccessVLAN102,yes
Gi2/0/24,AccessVLAN102,no
Gi2/0/25,AccessVLAN102,yes
Gi2/0/26,AccessVLAN102,no
Gi2/0/27,AccessVLAN102,yes
Gi2/0/28,AccessVLAN102,yes
Gi2/0/29,AccessVLAN102,no
Gi2/0/30,AccessVLAN102,no
Gi2/0/31,AccessVLAN102,yes
Gi2/0/32,AccessVLAN102,no
Gi2/0/33,AccessVLAN102,yes
Gi2/0/34,AccessVLAN102,yes
Gi2/0/35,AccessVLAN102,yes
Gi2/0/36,AccessVLAN102,no
Gi2/0/37,AccessVLAN102,yes
Gi2/0/38,AccessVLAN102,no
Gi2/0/39,AccessVLAN102,yes
Gi2/0/40,AccessVLAN102,yes
Gi2/0/41,AccessVLAN102,no
Gi2/0/42,AccessVLAN102,yes
Gi2/0/43,AccessVLAN102,no
Gi2/0/44,AccessVLAN102,yes
Gi2/0/45,WLANAPs,yes
Gi2/0/46,WLANAPs,no
Gi2/0/47,WLANAPs,yes
Gi2/0/48,WLANAPs,yes
Gi2/1/1,fromsALDRscr04(G2/1/1)tosDLDRscr02(G1/3),yes
Gi2/1/2,fromsALDRscr04(G2/1/2)tosDLDRscr02(G1/4),yes
Gi2/1/3,,no
Gi2/1/4,,no
Po14,EtherChanneltosDLSRscr01,yes
Po24,EtherChanneltosDLSRscr02,yes
Fa0,,no
