Interface,Description,Used
Gi1/0/1,AccessVLAN104,no
Gi1/0/2,AccessVLAN104,no
Gi1/0/3,AccessVLAN104,no
Gi1/0/4,AccessVLAN104,no
Gi1/0/5,AccessVLAN104,no
Gi1/0/6,AccessVLAN104,no
Gi1/0/7,AccessVLAN104,no
Gi1/0/8,AccessVLAN104,yes
Gi1/0/9,AccessVLAN104,yes
Gi1/0/10,AccessVLAN104,no
Gi1/0/11,AccessVLAN104,yes
Gi1/0/12,AccessVLAN104,no
Gi1/0/13,AccessVLAN104,no
Gi1/0/14,AccessVLAN104,yes
Gi1/0/15,AccessVLAN104,no
Gi1/0/16,AccessVLAN104,no
Gi1/0/17,AccessVLAN104,yes
Gi1/0/18,AccessVLAN104,no
Gi1/0/19,AccessVLAN104,no
Gi1/0/20,AccessVLAN104,yes
Gi1/0/21,AccessVLAN104,yes
Gi1/0/22,AccessVLAN104,yes
Gi1/0/23,AccessVLAN104,yes
Gi1/0/24,AccessVLAN104,no
Gi1/0/25,AccessVLAN104,no
Gi1/0/26,AccessVLAN104,no
Gi1/0/27,AccessVLAN104,no
Gi1/0/28,AccessVLAN104,no
Gi1/0/29,AccessVLAN104,no
Gi1/0/30,AccessVLAN104,yes
Gi1/0/31,AccessVLAN104,yes
Gi1/0/32,AccessVLAN104,no
Gi1/0/33,AccessVLAN104,no
Gi1/0/34,AccessVLAN104,no
Gi1/0/35,AccessVLAN104,yes
Gi1/0/36,AccessVLAN104,no
Gi1/0/37,AccessVLAN104,no
Gi1/0/38,AccessVLAN104,no
Gi1/0/39,AccessVLAN104,no
Gi1/0/40,AccessVLAN104,no
Gi1/0/41,AccessVLAN104,yes
Gi1/0/42,AccessVLAN104,no
Gi1/0/43,AccessVLAN104,no
Gi1/0/44,AccessVLAN104,yes
Gi1/0/45,WLANAPs,yes
Gi1/0/46,WLANAPs,no
Gi1/0/47,WLANAPs,yes
Gi1/0/48,WLANAPs,yes
Gi1/1/1,fromsALDRscr05(G1/1/1)tosDLDRscr01(G1/5),yes
Gi1/1/2,fromsALDRscr05(G1/1/2)tosDLDRscr01(G1/6),yes
Gi1/1/3,,no
Gi1/1/4,,no
Gi2/0/1,AccessVLAN104,no
Gi2/0/2,AccessVLAN104,yes
Gi2/0/3,AccessVLAN104,no
Gi2/0/4,AccessVLAN104,yes
Gi2/0/5,AccessVLAN104,yes
Gi2/0/6,AccessVLAN104,no
Gi2/0/7,AccessVLAN104,no
Gi2/0/8,AccessVLAN104,no
Gi2/0/9,AccessVLAN104,no
Gi2/0/10,AccessVLAN104,no
Gi2/0/11,AccessVLAN104,no
Gi2/0/12,AccessVLAN104,no
Gi2/0/13,AccessVLAN104,yes
Gi2/0/14,AccessVLAN104,yes
Gi2/0/15,AccessVLAN104,no
Gi2/0/16,AccessVLAN104,yes
Gi2/0/17,AccessVLAN104,no
Gi2/0/18,AccessVLAN104,yes
Gi2/0/19,AccessVLAN104,yes
Gi2/0/20,AccessVLAN104,no
Gi2/0/21,AccessVLAN104,yes
Gi2/0/22,AccessVLAN104,yes
Gi2/0/23,AccessVLAN104,yes
Gi2/0/24,AccessVLAN104,no
Gi2/0/25,AccessVLAN104,yes
Gi2/0/26,AccessVLAN104,yes
Gi2/0/27,AccessVLAN104,yes
Gi2/0/28,AccessVLAN104,yes
Gi2/0/29,AccessVLAN104,yes
Gi2/0/30,AccessVLAN104,yes
Gi2/0/31,AccessVLAN104,yes
Gi2/0/32,AccessVLAN104,yes
Gi2/0/33,AccessVLAN104,yes
Gi2/0/34,AccessVLAN104,yes
Gi2/0/35,AccessVLAN104,yes
Gi2/0/36,AccessVLAN104,yes
Gi2/0/37,AccessVLAN104,yes
Gi2/0/38,AccessVLAN104,yes
Gi2/0/39,AccessVLAN104,yes
Gi2/0/40,AccessVLAN104,yes
Gi2/0/41,AccessVLAN104,yes
Gi2/0/42,AccessVLAN104,yes
Gi2/0/43,AccessVLAN104,yes
Gi2/0/44,AccessVLAN104,yes
Gi2/0/45,WLANAPs,yes
Gi2/0/46,WLANAPs,yes
Gi2/0/47,WLANAPs,yes
Gi2/0/48,WLANAPs,yes
Gi2/1/1,fromsALDRscr05(G2/1/1)tosDLDRscr01(G1/5),yes
Gi2/1/2,fromsALDRscr05(G2/1/2)tosDLDRscr01(G1/6),yes
Gi2/1/3,,no
Gi2/1/4,,no
Po15,EtherChanneltosDLDRscr01,yes
Po25,EtherChanneltosDLDRscr01,yes
Fa0,down,no
