Interface,Description,Used
Fa1/0/1,**SERVER**,no
Fa1/0/2,**SERVER**,no
Fa1/0/3,**SERVER**,yes
Fa1/0/4,**SERVER**,no
Fa1/0/5,**SERVER**,yes
Fa1/0/6,**SERVER**,no
Fa1/0/7,**SERVER**,no
Fa1/0/8,**SERVER**,no
Fa1/0/9,**SERVER**,yes
Fa1/0/10,**SERVER**,no
Fa1/0/11,**SERVER**,yes
Fa1/0/12,**SERVER**,yes
Fa1/0/13,**SERVER**,no
Fa1/0/14,**SERVER**,no
Fa1/0/15,**SERVER**,no
Fa1/0/16,**SERVER**,no
Fa1/0/17,**SERVER**,no
Fa1/0/18,**SERVER**,no
Fa1/0/19,**SERVER**,no
Fa1/0/20,**SERVER**,no
Fa1/0/21,**SERVER**,no
Fa1/0/22,**SERVER**,no
Fa1/0/23,**SERVER**,no
Fa1/0/24,**SERVER**,no
Fa1/0/25,**SERVER**,no
Fa1/0/26,**SERVER**,no
Fa1/0/27,**SERVER**,no
Fa1/0/28,**SERVER**,no
Fa1/0/29,**SERVER**,no
Fa1/0/30,**SERVER**,no
Fa1/0/31,**SERVER**,no
Fa1/0/32,**SERVER**,no
Fa1/0/33,**SERVER**,no
Fa1/0/34,**SERVER**,no
Fa1/0/35,**SERVER**,yes
Fa1/0/36,**SERVER**,yes
Fa1/0/37,**SERVER**,no
Fa1/0/38,**SERVER**,no
Fa1/0/39,**SERVER**,no
Fa1/0/40,**SERVER**,no
Fa1/0/41,**SERVER**,no
Fa1/0/42,**SERVER**,no
Fa1/0/43,**SERVER**,no
Fa1/0/44,**SERVER**,no
Fa1/0/45,**SERVER**,no
Fa1/0/46,**SERVER**,no
Fa1/0/47,**tosDLDRscr01G7/5**,yes
Fa1/0/48,**tosDLDRscr01G7/6**,yes
Gi1/0/1,,no
Gi1/0/2,,no
Gi1/0/3,,no
Gi1/0/4,,no
Po1,**tosDLDRscr01**,yes
