Interface,Description,Used
Gi1/0/1,AccessVLAN100,yes
Gi1/0/2,AccessVLAN100,no
Gi1/0/3,AccessVLAN100,yes
Gi1/0/4,AccessVLAN100,yes
Gi1/0/5,AccessVLAN100,no
Gi1/0/6,AccessVLAN100,yes
Gi1/0/7,AccessVLAN100,no
Gi1/0/8,AccessVLAN100,yes
Gi1/0/9,AccessVLAN100,yes
Gi1/0/10,AccessVLAN100,yes
Gi1/0/11,AccessVLAN100,yes
Gi1/0/12,AccessVLAN100,yes
Gi1/0/13,,yes
Gi1/0/14,AccessVLAN100,yes
Gi1/0/15,AccessVLAN100,yes
Gi1/0/16,AccessVLAN100,yes
Gi1/0/17,AccessVLAN100,no
Gi1/0/18,AccessVLAN100,yes
Gi1/0/19,AccessVLAN100,no
Gi1/0/20,AccessVLAN100,no
Gi1/0/21,AccessVLAN100,yes
Gi1/0/22,AccessVLAN100,yes
Gi1/0/23,AccessVLAN100,yes
Gi1/0/24,AccessVLAN100,yes
Gi1/0/25,AccessVLAN100,yes
Gi1/0/26,AccessVLAN100,yes
Gi1/0/27,AccessVLAN100,no
Gi1/0/28,AccessVLAN100,yes
Gi1/0/29,AccessVLAN100,yes
Gi1/0/30,AccessVLAN100,yes
Gi1/0/31,AccessVLAN100,yes
Gi1/0/32,AccessVLAN100,yes
Gi1/0/33,AccessVLAN100,no
Gi1/0/34,AccessVLAN100,yes
Gi1/0/35,AccessVLAN100,yes
Gi1/0/36,AccessVLAN100,yes
Gi1/0/37,AccessVLAN100,yes
Gi1/0/38,AccessVLAN100,no
Gi1/0/39,AccessVLAN100,yes
Gi1/0/40,AccessVLAN100,no
Gi1/0/41,AccessVLAN100,yes
Gi1/0/42,AccessVLAN100,yes
Gi1/0/43,ConnectionxALDRscr01G0/0,no
Gi1/0/44,ConnectionxALDRscr02G0/0,no
Gi1/0/45,ConnectionxALDRscr03G0/0,yes
Gi1/0/46,AP-IT_Test.5648,yes
Gi1/0/47,WLANAPs,yes
Gi1/0/48,WLANAPs,no
Gi1/1/1,fromsALDRscr03(G1/1/1)tosDLSRscr01(G1/1),yes
Gi1/1/2,fromsALDRscr03(G1/1/2)tosDLSRscr01(G1/2),yes
Gi1/1/3,,no
Gi1/1/4,,no
Gi2/0/1,SERVERPORTS,yes
Gi2/0/2,SERVERPORTS,yes
Gi2/0/3,SERVERPORTS,yes
Gi2/0/4,SERVERPORTS,yes
Gi2/0/5,SERVERPORTS,yes
Gi2/0/6,SERVERPORTS,no
Gi2/0/7,SERVERPORTS,yes
Gi2/0/8,SERVERPORTS,no
Gi2/0/9,SERVERPORTS,yes
Gi2/0/10,SERVERPORTS,yes
Gi2/0/11,AccessVLAN100,yes
Gi2/0/12,AccessVLAN100,yes
Gi2/0/13,AccessVLAN100,yes
Gi2/0/14,AccessVLAN100,yes
Gi2/0/15,AccessVLAN100,yes
Gi2/0/16,AccessVLAN100,yes
Gi2/0/17,AccessVLAN100,yes
Gi2/0/18,AccessVLAN100,no
Gi2/0/19,AccessVLAN100,yes
Gi2/0/20,AccessVLAN100,no
Gi2/0/21,AccessVLAN100,no
Gi2/0/22,AccessVLAN100,no
Gi2/0/23,AccessVLAN100,yes
Gi2/0/24,AccessVLAN100,yes
Gi2/0/25,AccessVLAN100,yes
Gi2/0/26,AccessVLAN100,no
Gi2/0/27,AccessVLAN100,yes
Gi2/0/28,AccessVLAN100,no
Gi2/0/29,AccessVLAN100,no
Gi2/0/30,AccessVLAN100,yes
Gi2/0/31,AccessVLAN100,no
Gi2/0/32,AccessVLAN100,yes
Gi2/0/33,AccessVLAN100,yes
Gi2/0/34,AccessVLAN100,no
Gi2/0/35,AccessVLAN100,no
Gi2/0/36,AccessVLAN100,no
Gi2/0/37,AccessVLAN100,yes
Gi2/0/38,AccessVLAN100,yes
Gi2/0/39,AirConditioningMonitoring,yes
Gi2/0/40,AccessVLAN100,yes
Gi2/0/41,AccessVLAN100,yes
Gi2/0/42,AccessVLAN100,yes
Gi2/0/43,AccessVLAN100,yes
Gi2/0/44,AccessVLAN100,yes
Gi2/0/45,AccessVLAN100,no
Gi2/0/46,WLANAPs,yes
Gi2/0/47,WLANAPs,yes
Gi2/0/48,WLANAPs,yes
Gi2/1/1,,no
Gi2/1/2,,no
Gi2/1/3,,no
Gi2/1/4,,no
Gi3/0/1,AccessVLAN100-ITTEAM,yes
Gi3/0/2,AccessVLAN100-ITTEAM,yes
Gi3/0/3,AccessVLAN100-ITTEAM,no
Gi3/0/4,AccessVLAN100-ITTEAM,no
Gi3/0/5,AccessVLAN100-ITTEAM,yes
Gi3/0/6,AccessVLAN100,yes
Gi3/0/7,AccessVLAN100,yes
Gi3/0/8,AccessVLAN100,yes
Gi3/0/9,AccessVLAN100,no
Gi3/0/10,AccessVLAN100,yes
Gi3/0/11,AccessVLAN100,yes
Gi3/0/12,AccessVLAN100,yes
Gi3/0/13,AccessVLAN100,yes
Gi3/0/14,AccessVLAN100,no
Gi3/0/15,AccessVLAN100,yes
Gi3/0/16,AccessVLAN100,yes
Gi3/0/17,AccessVLAN100,yes
Gi3/0/18,AccessVLAN100,yes
Gi3/0/19,AccessVLAN100,yes
Gi3/0/20,AccessVLAN100,no
Gi3/0/21,AccessVLAN100,no
Gi3/0/22,AccessVLAN100,yes
Gi3/0/23,AccessVLAN100,yes
Gi3/0/24,AccessVLAN100,no
Gi3/0/25,AccessVLAN100,yes
Gi3/0/26,AccessVLAN100,yes
Gi3/0/27,AccessVLAN100,yes
Gi3/0/28,AccessVLAN100,yes
Gi3/0/29,AccessVLAN100,yes
Gi3/0/30,AccessVLAN100,yes
Gi3/0/31,AccessVLAN100,no
Gi3/0/32,AccessVLAN100,yes
Gi3/0/33,AccessVLAN100,yes
Gi3/0/34,AccessVLAN100,yes
Gi3/0/35,AccessVLAN100,yes
Gi3/0/36,AccessVLAN100,yes
Gi3/0/37,AccessVLAN100,no
Gi3/0/38,AccessVLAN100,yes
Gi3/0/39,AccessVLAN100,yes
Gi3/0/40,AccessVLAN100,yes
Gi3/0/41,AccessVLAN100,no
Gi3/0/42,AccessVLAN100,no
Gi3/0/43,AccessVLAN100,no
Gi3/0/44,AccessVLAN100,no
Gi3/0/45,AccessVLAN100,no
Gi3/0/46,WLANAPs,no
Gi3/0/47,WLANAPs,no
Gi3/0/48,WLANAPs,yes
Gi3/1/1,fromsALDRscr03(G3/1/1)tosDLSRscr02(G1/1),yes
Gi3/1/2,fromsALDRscr03(G3/1/2)tosDLSRscr02(G1/2),yes
Gi3/1/3,,no
Gi3/1/4,,no
Po13,EtherChanneltosDLSRscr01,yes
Po23,EtherChanneltosDLSRscr02,yes
Fa0,down,no
