Interface,Description,Used
Gi1/0/1,AccessVLAN106,yes
Gi1/0/2,AccessVLAN106,yes
Gi1/0/3,AccessVLAN106,yes
Gi1/0/4,AccessVLAN106,yes
Gi1/0/5,AccessVLAN106,yes
Gi1/0/6,AccessVLAN106,yes
Gi1/0/7,AccessVLAN106,yes
Gi1/0/8,AccessVLAN106,no
Gi1/0/9,AccessVLAN106,yes
Gi1/0/10,AccessVLAN106,yes
Gi1/0/11,AccessVLAN106,yes
Gi1/0/12,AccessVLAN106,no
Gi1/0/13,AccessVLAN106,no
Gi1/0/14,AccessVLAN106,no
Gi1/0/15,AccessVLAN106,no
Gi1/0/16,AccessVLAN106,yes
Gi1/0/17,AccessVLAN106,yes
Gi1/0/18,AccessVLAN106,yes
Gi1/0/19,AccessVLAN106,yes
Gi1/0/20,AccessVLAN106,no
Gi1/0/21,AccessVLAN106,no
Gi1/0/22,AccessVLAN106,yes
Gi1/0/23,AccessVLAN106,yes
Gi1/0/24,AccessVLAN106,no
Gi1/0/25,AccessVLAN106,yes
Gi1/0/26,AccessVLAN106,yes
Gi1/0/27,AccessVLAN106,yes
Gi1/0/28,AccessVLAN106,yes
Gi1/0/29,AccessVLAN106,yes
Gi1/0/30,AccessVLAN106,yes
Gi1/0/31,AccessVLAN106,yes
Gi1/0/32,AccessVLAN106,yes
Gi1/0/33,AccessVLAN106,yes
Gi1/0/34,AccessVLAN106,yes
Gi1/0/35,AccessVLAN106,yes
Gi1/0/36,AccessVLAN106,yes
Gi1/0/37,AccessVLAN106,yes
Gi1/0/38,AccessVLAN106,yes
Gi1/0/39,AccessVLAN106,yes
Gi1/0/40,AccessVLAN106,yes
Gi1/0/41,AccessVLAN106,yes
Gi1/0/42,AccessVLAN106,yes
Gi1/0/43,AccessVLAN106,yes
Gi1/0/44,AccessVLAN106,no
Gi1/0/45,WLANAPs,no
Gi1/0/46,WLANAPs,no
Gi1/0/47,WLANAPs,no
Gi1/0/48,WLANAPs,yes
Gi1/1/1,fromsALDRscr06(G1/1/1)tosDLDRscr01(G1/7),yes
Gi1/1/2,fromsALDRscr06(G1/1/2)tosDLDRscr01(G1/8),yes
Gi1/1/3,,no
Gi1/1/4,,no
Gi2/0/1,AccessVLAN106,yes
Gi2/0/2,AccessVLAN106,yes
Gi2/0/3,AccessVLAN106,yes
Gi2/0/4,AccessVLAN106,yes
Gi2/0/5,AccessVLAN106,yes
Gi2/0/6,AccessVLAN106,yes
Gi2/0/7,AccessVLAN106,yes
Gi2/0/8,AccessVLAN106,yes
Gi2/0/9,AccessVLAN106,yes
Gi2/0/10,AccessVLAN106,yes
Gi2/0/11,AccessVLAN106,yes
Gi2/0/12,AccessVLAN106,yes
Gi2/0/13,AccessVLAN106,yes
Gi2/0/14,AccessVLAN106,no
Gi2/0/15,AccessVLAN106,yes
Gi2/0/16,AccessVLAN106,yes
Gi2/0/17,AccessVLAN106,yes
Gi2/0/18,AccessVLAN106,yes
Gi2/0/19,AccessVLAN106,yes
Gi2/0/20,AccessVLAN106,yes
Gi2/0/21,AccessVLAN106,yes
Gi2/0/22,AccessVLAN106,no
Gi2/0/23,AccessVLAN106,no
Gi2/0/24,AccessVLAN106,no
Gi2/0/25,AccessVLAN106,no
Gi2/0/26,AccessVLAN106,yes
Gi2/0/27,AccessVLAN106,no
Gi2/0/28,AccessVLAN106,yes
Gi2/0/29,AccessVLAN106,yes
Gi2/0/30,AccessVLAN106,yes
Gi2/0/31,AccessVLAN106,yes
Gi2/0/32,AccessVLAN106,no
Gi2/0/33,AccessVLAN106,yes
Gi2/0/34,AccessVLAN106,no
Gi2/0/35,AccessVLAN106,yes
Gi2/0/36,AccessVLAN106,yes
Gi2/0/37,AccessVLAN106,no
Gi2/0/38,AccessVLAN106,yes
Gi2/0/39,AccessVLAN106,no
Gi2/0/40,AccessVLAN106,yes
Gi2/0/41,AccessVLAN106,yes
Gi2/0/42,AccessVLAN106,no
Gi2/0/43,AccessVLAN106,no
Gi2/0/44,AccessVLAN106,no
Gi2/0/45,WLANAPs,yes
Gi2/0/46,WLANAPs,yes
Gi2/0/47,WLANAPs,yes
Gi2/0/48,WLANAPs,yes
Gi2/1/1,fromsALDRscr06(G2/1/1)tosDLDRscr02(G1/7),yes
Gi2/1/2,fromsALDRscr06(G2/1/2)tosDLDRscr02(G1/8),yes
Gi2/1/3,,no
Gi2/1/4,,no
Po15,EtherChanneltosDLDRscr01,yes
Po25,EtherChanneltosDLDRscr02,yes
Fa0,down,no
