Interface,Description,Used
Gi1/0/1,ConnectedtorAWMXatl01GigabitEthernet0/0/0VLAN201_Infra,yes
Gi1/0/2,,no
Gi1/0/3,,no
Gi1/0/4,ConnectiontoWLC(port1),yes
Gi1/0/5,,no
Gi1/0/6,tosALMXatl02G1/1/1,yes
Gi1/0/7,,no
Gi1/0/8,,no
Gi1/0/9,,no
Gi1/0/10,,no
Gi1/0/11,,no
Gi1/0/12,,no
Gi3/0/1,ConnectedtorAWMXatl01GigabitEthernet0/0/1VLAN203_Infra,yes
Gi3/0/2,,yes
Gi3/0/3,sDLMXatl01torAWMXatl02(G0/0),no
Gi3/0/4,ConnectiontoWLC(port1),yes
Gi3/0/5,,no
Gi3/0/6,,no
Gi3/0/7,,no
Gi3/0/8,,no
Gi3/0/9,,no
Gi3/0/10,,no
Gi3/0/11,,no
Gi3/0/12,,no
Gi3/0/13,,no
Gi3/0/14,,yes
Gi3/0/15,sDLMXatl01torAWMXatl02(G0/1),no
Gi3/0/16,,no
Gi3/0/17,,no
Gi3/0/18,,no
Gi3/0/19,,no
Gi3/0/20,,no
Gi3/0/21,,no
Gi3/0/22,,no
Gi3/0/23,,no
Gi3/0/24,,no
Gi3/0/25,,no
Gi3/0/26,,no
Gi3/0/27,,no
Gi3/0/28,,no
Gi3/0/29,,no
Gi3/0/30,,no
Gi3/0/31,,no
Gi3/0/32,,no
Gi3/0/33,,no
Gi3/0/34,,no
Gi3/0/35,,no
Gi3/0/36,,no
Gi3/0/37,,no
Gi3/0/38,,no
Gi3/0/39,,yes
Gi3/0/40,,no
Gi3/0/41,,no
Gi3/0/42,,no
Gi3/0/43,,no
Gi3/0/44,,no
Gi3/0/45,,no
Gi3/0/46,,no
Gi3/0/47,torAWMXatl99_testtemporal,yes
Gi3/0/48,ConnectedtorAWMXatl99GigabitEthernet0/0VLAN201_InfraVLAN203_Infra,no
Po2,sDLMXatl01torAWMXatl99,no
Po12,EtherChanneltosALMXatl02,yes
Po40,,no
Po41,EtherChanneltoWLC-zALMXatl01,no
Interface,Description,Used,Vlans
Interface,Description,Used,Vlans
