Interface,Description,Status,Vlan,Duplex,Speed,Type,Used
Gi1/0/1,AccessVLAN100,connected,100,a-full,a-1000,['10/100/1000BaseTX'],no
Gi1/0/2,AccessVLAN100,connected,100,a-full,a-100,['10/100/1000BaseTX'],yes
Gi1/0/3,AccessVLAN100,connected,100,a-full,a-100,['10/100/1000BaseTX'],yes
Gi1/0/4,AccessVLAN100,connected,100,a-full,a-1000,['10/100/1000BaseTX'],no
Gi1/0/5,AccessVLAN100,connected,100,a-full,a-1000,['10/100/1000BaseTX'],no
Gi1/0/6,AccessVLAN100,connected,100,a-full,a-100,['10/100/1000BaseTX'],no
Gi1/0/7,AccessVLAN100,connected,100,a-full,a-100,['10/100/1000BaseTX'],yes
Gi1/0/8,AccessVLAN100,connected,100,a-full,a-100,['10/100/1000BaseTX'],yes
Gi1/0/9,AccessVLAN100,connected,100,a-full,a-1000,['10/100/1000BaseTX'],no
Gi1/0/10,AccessVLAN100,connected,100,a-full,a-100,['10/100/1000BaseTX'],no
Gi1/0/11,AccessVLAN100,connected,100,a-full,a-100,['10/100/1000BaseTX'],yes
Gi1/0/12,AccessVLAN100,connected,100,a-full,a-100,['10/100/1000BaseTX'],no
Gi1/0/13,AccessVLAN100,connected,100,a-full,a-100,['10/100/1000BaseTX'],yes
Gi1/0/14,AccessVLAN100,connected,100,a-full,a-100,['10/100/1000BaseTX'],no
Gi1/0/15,AccessVLAN100,notconnect,100,auto,auto,['10/100/1000BaseTX'],no
Gi1/0/16,AccessVLAN100,connected,100,a-full,a-100,['10/100/1000BaseTX'],no
Gi1/0/17,AccessVLAN100,connected,100,a-full,a-100,['10/100/1000BaseTX'],no
Gi1/0/18,AccessVLAN100,connected,100,a-full,a-100,['10/100/1000BaseTX'],yes
Gi1/0/19,AccessVLAN100,notconnect,100,auto,auto,['10/100/1000BaseTX'],no
Gi1/0/20,AccessVLAN100,notconnect,100,auto,auto,['10/100/1000BaseTX'],no
Gi1/0/21,AccessVLAN100,connected,100,a-full,a-1000,['10/100/1000BaseTX'],no
Gi1/0/22,AccessVLAN100,notconnect,100,auto,auto,['10/100/1000BaseTX'],no
Gi1/0/23,AccessVLAN100,connected,100,a-full,a-1000,['10/100/1000BaseTX'],no
Gi1/0/24,AccessVLAN100,notconnect,100,auto,auto,['10/100/1000BaseTX'],no
Gi1/0/25,AccessVLAN100,notconnect,100,auto,auto,['10/100/1000BaseTX'],no
Gi1/0/26,AccessVLAN100,notconnect,100,auto,auto,['10/100/1000BaseTX'],no
Gi1/0/27,AccessVLAN100,notconnect,100,auto,auto,['10/100/1000BaseTX'],no
Gi1/0/28,AccessVLAN100,notconnect,100,auto,auto,['10/100/1000BaseTX'],no
Gi1/0/29,AccessVLAN100,notconnect,100,auto,auto,['10/100/1000BaseTX'],no
Gi1/0/30,AccessVLAN100,notconnect,100,auto,auto,['10/100/1000BaseTX'],no
Gi1/0/31,AccessVLAN100,notconnect,100,auto,auto,['10/100/1000BaseTX'],no
Gi1/0/32,AccessVLAN100,notconnect,100,auto,auto,['10/100/1000BaseTX'],no
Gi1/0/33,AccessVLAN100,notconnect,100,auto,auto,['10/100/1000BaseTX'],no
Gi1/0/34,AccessVLAN100,notconnect,100,auto,auto,['10/100/1000BaseTX'],no
Gi1/0/35,AccessVLAN100,notconnect,100,auto,auto,['10/100/1000BaseTX'],no
Gi1/0/36,AccessVLAN100,notconnect,100,auto,auto,['10/100/1000BaseTX'],no
Gi1/0/37,AccessVLAN100,notconnect,100,auto,auto,['10/100/1000BaseTX'],no
Gi1/0/38,AccessVLAN100,notconnect,100,auto,auto,['10/100/1000BaseTX'],no
Gi1/0/39,AccessVLAN100,notconnect,100,auto,auto,['10/100/1000BaseTX'],no
Gi1/0/40,AccessVLAN100,notconnect,100,auto,auto,['10/100/1000BaseTX'],no
Gi1/0/41,AccessVLAN100,notconnect,100,auto,auto,['10/100/1000BaseTX'],no
Gi1/0/42,AccessVLAN100,notconnect,100,auto,auto,['10/100/1000BaseTX'],no
Gi1/0/43,AccessVLAN100,notconnect,100,auto,auto,['10/100/1000BaseTX'],no
Gi1/0/44,AccessVLAN100,notconnect,100,auto,auto,['10/100/1000BaseTX'],no
Gi1/0/45,WLANAPs,notconnect,308,auto,auto,['10/100/1000BaseTX'],no
Gi1/0/46,WLANAPs,notconnect,308,auto,auto,['10/100/1000BaseTX'],no
Gi1/0/47,WLANAPs,notconnect,308,auto,auto,['10/100/1000BaseTX'],no
Gi1/0/48,WLANAPs,connected,308,a-full,a-1000,['10/100/1000BaseTX'],yes
Gi1/1/1,fromsALMXatl02tosDLMXatl01(G1/0/6),connected,trunk,full,1000,"['1000BaseSX', 'SFP']",yes
Gi1/1/2,,notconnect,1,auto,auto,['unknown'],no
Te1/1/3,,notconnect,1,auto,auto,['unknown'],no
Te1/1/4,,notconnect,1,auto,auto,['unknown'],no
Gi2/0/1,AccessVLAN100,notconnect,100,auto,auto,['10/100/1000BaseTX'],no
Gi2/0/2,AccessVLAN100,connected,100,a-full,a-100,['10/100/1000BaseTX'],no
Gi2/0/3,AccessVLAN100,connected,100,a-full,a-100,['10/100/1000BaseTX'],no
Gi2/0/4,AccessVLAN100,connected,100,a-full,a-100,['10/100/1000BaseTX'],no
Gi2/0/5,AccessVLAN100,connected,100,a-full,a-100,['10/100/1000BaseTX'],no
Gi2/0/6,AccessVLAN100,notconnect,100,auto,auto,['10/100/1000BaseTX'],no
Gi2/0/7,AccessVLAN100,connected,100,a-full,a-100,['10/100/1000BaseTX'],yes
Gi2/0/8,AccessVLAN100,connected,100,a-full,a-100,['10/100/1000BaseTX'],no
Gi2/0/9,AccessVLAN100,notconnect,100,auto,auto,['10/100/1000BaseTX'],no
Gi2/0/10,AccessVLAN100,connected,100,a-full,a-100,['10/100/1000BaseTX'],no
Gi2/0/11,AccessVLAN100,connected,100,a-full,a-100,['10/100/1000BaseTX'],no
Gi2/0/12,AccessVLAN100,connected,100,a-full,a-100,['10/100/1000BaseTX'],no
Gi2/0/13,AccessVLAN100,connected,100,a-full,a-1000,['10/100/1000BaseTX'],no
Gi2/0/14,AccessVLAN100,connected,100,a-full,a-100,['10/100/1000BaseTX'],no
Gi2/0/15,AccessVLAN100,connected,100,a-full,a-1000,['10/100/1000BaseTX'],no
Gi2/0/16,AccessVLAN100,notconnect,100,auto,auto,['10/100/1000BaseTX'],no
Gi2/0/17,AccessVLAN100,connected,100,a-full,a-100,['10/100/1000BaseTX'],no
Gi2/0/18,AccessVLAN100,connected,100,a-full,a-1000,['10/100/1000BaseTX'],yes
Gi2/0/19,AccessVLAN100,connected,100,a-full,a-100,['10/100/1000BaseTX'],no
Gi2/0/20,AccessVLAN100,connected,100,a-full,a-100,['10/100/1000BaseTX'],no
Gi2/0/21,AccessVLAN100,connected,100,a-full,a-100,['10/100/1000BaseTX'],yes
Gi2/0/22,AccessVLAN100,connected,100,a-full,a-1000,['10/100/1000BaseTX'],no
Gi2/0/23,AccessVLAN100,connected,100,a-full,a-100,['10/100/1000BaseTX'],yes
Gi2/0/24,AccessVLAN100,connected,100,a-full,a-100,['10/100/1000BaseTX'],yes
Gi2/0/25,AccessVLAN100,notconnect,100,auto,auto,['10/100/1000BaseTX'],no
Gi2/0/26,AccessVLAN100,notconnect,100,auto,auto,['10/100/1000BaseTX'],no
Gi2/0/27,AccessVLAN100,notconnect,100,auto,auto,['10/100/1000BaseTX'],no
Gi2/0/28,AccessVLAN100,notconnect,100,auto,auto,['10/100/1000BaseTX'],no
Gi2/0/29,AccessVLAN100,notconnect,100,auto,auto,['10/100/1000BaseTX'],no
Gi2/0/30,AccessVLAN100,notconnect,100,auto,auto,['10/100/1000BaseTX'],no
Gi2/0/31,AccessVLAN100,notconnect,100,auto,auto,['10/100/1000BaseTX'],yes
Gi2/0/32,AccessVLAN100,notconnect,100,auto,auto,['10/100/1000BaseTX'],yes
Gi2/0/33,AccessVLAN100,notconnect,100,auto,auto,['10/100/1000BaseTX'],no
Gi2/0/34,AccessVLAN100,notconnect,100,auto,auto,['10/100/1000BaseTX'],no
Gi2/0/35,AccessVLAN100,notconnect,100,auto,auto,['10/100/1000BaseTX'],no
Gi2/0/36,AccessVLAN100,notconnect,100,auto,auto,['10/100/1000BaseTX'],no
Gi2/0/37,AccessVLAN100,notconnect,100,auto,auto,['10/100/1000BaseTX'],no
Gi2/0/38,AccessVLAN100,notconnect,100,auto,auto,['10/100/1000BaseTX'],no
Gi2/0/39,AccessVLAN100,notconnect,100,auto,auto,['10/100/1000BaseTX'],yes
Gi2/0/40,AccessVLAN100,notconnect,100,auto,auto,['10/100/1000BaseTX'],no
Gi2/0/41,AccessVLAN100,notconnect,100,auto,auto,['10/100/1000BaseTX'],yes
Gi2/0/42,AccessVLAN100,notconnect,100,auto,auto,['10/100/1000BaseTX'],no
Gi2/0/43,AccessVLAN100,notconnect,100,auto,auto,['10/100/1000BaseTX'],no
Gi2/0/44,Deployment_point(mxpesccmdp001),notconnect,100,auto,auto,['10/100/1000BaseTX'],no
Gi2/0/45,WLANAPs,connected,308,a-full,a-1000,['10/100/1000BaseTX'],yes
Gi2/0/46,WLANAPs,connected,308,a-full,a-100,['10/100/1000BaseTX'],yes
Gi2/0/47,WLANAPs,notconnect,308,auto,auto,['10/100/1000BaseTX'],no
Gi2/0/48,WLANAPs,connected,308,a-full,a-1000,['10/100/1000BaseTX'],yes
Gi2/1/1,,notconnect,1,auto,auto,['unknown'],no
Gi2/1/2,,notconnect,1,auto,auto,['unknown'],no
Te2/1/3,,notconnect,1,auto,auto,['unknown'],no
Te2/1/4,,notconnect,1,auto,auto,['unknown'],no
Gi3/0/1,AccessVLAN100,notconnect,100,auto,auto,['10/100/1000BaseTX'],no
Gi3/0/2,AccessVLAN100,notconnect,100,auto,auto,['10/100/1000BaseTX'],no
Gi3/0/3,AccessVLAN100,connected,100,a-full,a-100,['10/100/1000BaseTX'],yes
Gi3/0/4,AccessVLAN100,connected,100,a-half,a-10,['10/100/1000BaseTX'],no
Gi3/0/5,AccessVLAN100,connected,100,a-full,a-100,['10/100/1000BaseTX'],yes
Gi3/0/6,AccessVLAN100,notconnect,100,auto,auto,['10/100/1000BaseTX'],no
Gi3/0/7,AccessVLAN100,notconnect,100,auto,auto,['10/100/1000BaseTX'],yes
Gi3/0/8,AccessVLAN100,notconnect,100,auto,auto,['10/100/1000BaseTX'],no
Gi3/0/9,AccessVLAN100,connected,100,a-full,a-100,['10/100/1000BaseTX'],yes
Gi3/0/10,AccessVLAN100,notconnect,100,auto,auto,['10/100/1000BaseTX'],no
Gi3/0/11,AccessVLAN100,notconnect,100,auto,auto,['10/100/1000BaseTX'],no
Gi3/0/12,AccessVLAN100,connected,100,a-full,a-1000,['10/100/1000BaseTX'],no
Gi3/0/13,AccessVLAN100,notconnect,100,auto,auto,['10/100/1000BaseTX'],no
Gi3/0/14,AccessVLAN100,notconnect,100,auto,auto,['10/100/1000BaseTX'],no
Gi3/0/15,AccessVLAN100,notconnect,100,auto,auto,['10/100/1000BaseTX'],no
Gi3/0/16,AccessVLAN100,notconnect,100,auto,auto,['10/100/1000BaseTX'],no
Gi3/0/17,AccessVLAN100,notconnect,100,auto,auto,['10/100/1000BaseTX'],no
Gi3/0/18,AccessVLAN100,notconnect,100,auto,auto,['10/100/1000BaseTX'],no
Gi3/0/19,AccessVLAN100,connected,100,a-full,a-100,['10/100/1000BaseTX'],yes
Gi3/0/20,AccessVLAN100,notconnect,100,auto,auto,['10/100/1000BaseTX'],no
Gi3/0/21,AccessVLAN100,connected,100,a-full,a-100,['10/100/1000BaseTX'],no
Gi3/0/22,AccessVLAN100,connected,100,a-full,a-100,['10/100/1000BaseTX'],no
Gi3/0/23,AccessVLAN100,connected,100,a-full,a-1000,['10/100/1000BaseTX'],no
Gi3/0/24,AccessVLAN100,notconnect,100,auto,auto,['10/100/1000BaseTX'],no
Gi3/0/25,AccessVLAN100,connected,100,a-full,a-100,['10/100/1000BaseTX'],yes
Gi3/0/26,AccessVLAN100,connected,100,a-full,a-100,['10/100/1000BaseTX'],yes
Gi3/0/27,AccessVLAN100,notconnect,100,auto,auto,['10/100/1000BaseTX'],no
Gi3/0/28,AccessVLAN100,connected,100,a-full,a-100,['10/100/1000BaseTX'],no
Gi3/0/29,AccessVLAN100,connected,100,a-full,a-100,['10/100/1000BaseTX'],yes
Gi3/0/30,AccessVLAN100,connected,100,a-full,a-100,['10/100/1000BaseTX'],yes
Gi3/0/31,AccessVLAN100,connected,100,a-full,a-100,['10/100/1000BaseTX'],yes
Gi3/0/32,AccessVLAN100,connected,100,a-full,a-100,['10/100/1000BaseTX'],yes
Gi3/0/33,AccessVLAN100,connected,100,a-full,a-100,['10/100/1000BaseTX'],yes
Gi3/0/34,AccessVLAN100,notconnect,100,auto,auto,['10/100/1000BaseTX'],no
Gi3/0/35,AccessVLAN100,connected,100,a-full,a-100,['10/100/1000BaseTX'],yes
Gi3/0/36,AccessVLAN100,notconnect,100,auto,auto,['10/100/1000BaseTX'],no
Gi3/0/37,AccessVLAN100,connected,100,a-full,a-100,['10/100/1000BaseTX'],yes
Gi3/0/38,AccessVLAN100,notconnect,100,auto,auto,['10/100/1000BaseTX'],no
Gi3/0/39,AccessVLAN100,connected,100,a-full,a-100,['10/100/1000BaseTX'],yes
Gi3/0/40,AccessVLAN100,notconnect,100,auto,auto,['10/100/1000BaseTX'],no
Gi3/0/41,AccessVLAN100,connected,100,a-full,a-100,['10/100/1000BaseTX'],no
Gi3/0/42,AccessVLAN100,connected,100,a-full,a-1000,['10/100/1000BaseTX'],no
Gi3/0/43,WLANAPs,notconnect,308,auto,auto,['10/100/1000BaseTX'],no
Gi3/0/44,WLANAPs,notconnect,308,auto,auto,['10/100/1000BaseTX'],no
Gi3/0/45,WLANAPs,notconnect,308,auto,auto,['10/100/1000BaseTX'],no
Gi3/0/46,WLANAPs,notconnect,308,auto,auto,['10/100/1000BaseTX'],no
Gi3/0/47,WLANAPs,notconnect,308,auto,auto,['10/100/1000BaseTX'],no
Gi3/0/48,WLANAPs,notconnect,308,auto,auto,['10/100/1000BaseTX'],no
Gi3/1/1,,notconnect,1,auto,auto,['unknown'],no
Gi3/1/2,,notconnect,1,auto,auto,['unknown'],no
Te3/1/3,,notconnect,1,auto,auto,['unknown'],no
Te3/1/4,,notconnect,1,auto,auto,['unknown'],no
Gi4/0/1,AccessVLAN100,notconnect,100,auto,auto,['10/100/1000BaseTX'],no
Gi4/0/2,AccessVLAN100,notconnect,100,auto,auto,['10/100/1000BaseTX'],no
Gi4/0/3,AccessVLAN100,connected,100,a-full,a-100,['10/100/1000BaseTX'],yes
Gi4/0/4,AccessVLAN100,connected,100,a-full,a-1000,['10/100/1000BaseTX'],no
Gi4/0/5,AccessVLAN100,notconnect,100,auto,auto,['10/100/1000BaseTX'],no
Gi4/0/6,AccessVLAN100,connected,100,a-full,a-100,['10/100/1000BaseTX'],no
Gi4/0/7,AccessVLAN100,connected,100,a-full,a-100,['10/100/1000BaseTX'],yes
Gi4/0/8,AccessVLAN100,notconnect,100,auto,auto,['10/100/1000BaseTX'],no
Gi4/0/9,AccessVLAN100,notconnect,100,auto,auto,['10/100/1000BaseTX'],no
Gi4/0/10,AccessVLAN100,notconnect,100,auto,auto,['10/100/1000BaseTX'],no
Gi4/0/11,AccessVLAN100,notconnect,100,auto,auto,['10/100/1000BaseTX'],no
Gi4/0/12,AccessVLAN100,notconnect,100,auto,auto,['10/100/1000BaseTX'],no
Gi4/0/13,AccessVLAN100,notconnect,100,auto,auto,['10/100/1000BaseTX'],no
Gi4/0/14,AccessVLAN100,notconnect,100,auto,auto,['10/100/1000BaseTX'],no
Gi4/0/15,AccessVLAN100,notconnect,100,auto,auto,['10/100/1000BaseTX'],no
Gi4/0/16,AccessVLAN100,notconnect,100,auto,auto,['10/100/1000BaseTX'],no
Gi4/0/17,AccessVLAN100,notconnect,100,auto,auto,['10/100/1000BaseTX'],no
Gi4/0/18,AccessVLAN100,connected,100,a-full,a-100,['10/100/1000BaseTX'],yes
Gi4/0/19,AccessVLAN100,connected,100,a-full,a-100,['10/100/1000BaseTX'],yes
Gi4/0/20,AccessVLAN100,notconnect,100,auto,auto,['10/100/1000BaseTX'],no
Gi4/0/21,AccessVLAN100,notconnect,100,auto,auto,['10/100/1000BaseTX'],no
Gi4/0/22,AccessVLAN100,connected,100,a-full,a-100,['10/100/1000BaseTX'],yes
Gi4/0/23,AccessVLAN100,notconnect,100,auto,auto,['10/100/1000BaseTX'],no
Gi4/0/24,AccessVLAN100,connected,100,a-full,a-100,['10/100/1000BaseTX'],yes
Gi4/0/25,AccessVLAN100,connected,100,a-full,a-100,['10/100/1000BaseTX'],yes
Gi4/0/26,AccessVLAN100,connected,100,a-full,a-100,['10/100/1000BaseTX'],yes
Gi4/0/27,AccessVLAN100,notconnect,100,auto,auto,['10/100/1000BaseTX'],no
Gi4/0/28,AccessVLAN100,notconnect,100,auto,auto,['10/100/1000BaseTX'],no
Gi4/0/29,AccessVLAN100,connected,100,a-full,a-100,['10/100/1000BaseTX'],yes
Gi4/0/30,AccessVLAN100,notconnect,100,auto,auto,['10/100/1000BaseTX'],no
Gi4/0/31,AccessVLAN100,notconnect,100,auto,auto,['10/100/1000BaseTX'],no
Gi4/0/32,AccessVLAN100,notconnect,100,auto,auto,['10/100/1000BaseTX'],no
Gi4/0/33,AccessVLAN100,notconnect,100,auto,auto,['10/100/1000BaseTX'],no
Gi4/0/34,AccessVLAN100,notconnect,100,auto,auto,['10/100/1000BaseTX'],no
Gi4/0/35,AccessVLAN100,connected,100,a-full,a-100,['10/100/1000BaseTX'],yes
Gi4/0/36,AccessVLAN100,notconnect,100,auto,auto,['10/100/1000BaseTX'],yes
Gi4/0/37,AccessVLAN100,notconnect,100,auto,auto,['10/100/1000BaseTX'],no
Gi4/0/38,AccessVLAN100,notconnect,100,auto,auto,['10/100/1000BaseTX'],no
Gi4/0/39,AccessVLAN100,connected,100,a-full,a-100,['10/100/1000BaseTX'],yes
Gi4/0/40,AccessVLAN100,connected,100,a-full,a-100,['10/100/1000BaseTX'],yes
Gi4/0/41,BIOMETRICO-RH||Speed10,connected,100,a-full,a-100,['10/100/1000BaseTX'],no
Gi4/0/42,BIOMETRICO-PROD-1||Speed10,notconnect,100,auto,auto,['10/100/1000BaseTX'],no
Gi4/0/43,AccessVLAN100,notconnect,100,auto,auto,['10/100/1000BaseTX'],no
Gi4/0/44,BIOMETRICO-COMEDOR||Speed10,connected,100,a-full,a-100,['10/100/1000BaseTX'],no
Gi4/0/45,WLANAPs,connected,100,a-full,a-100,['10/100/1000BaseTX'],no
Gi4/0/46,BIOMETRICORH,connected,100,a-full,a-1000,['10/100/1000BaseTX'],yes
Gi4/0/47,WLANAPs,connected,308,a-full,a-100,['10/100/1000BaseTX'],yes
Gi4/0/48,WLANAPs,notconnect,308,auto,auto,['10/100/1000BaseTX'],no
Gi4/1/1,fromsALMXatl02tosDLMXmxc01(G2/0/6),connected,trunk,full,1000,"['1000BaseSX', 'SFP']",yes
Gi4/1/2,,notconnect,1,auto,auto,['unknown'],no
Te4/1/3,,notconnect,1,auto,auto,['unknown'],no
Te4/1/4,,notconnect,1,auto,auto,['unknown'],no
Po12,EtherChanneltosDLMXatl01,connected,trunk,a-full,a-1000,[],yes
