Interface,Description,Status,Vlan,Duplex,Speed,Type,Used
Gi1/0/1,ConnectedtorAWMXatl01GigabitEthernet0/0/0VLAN201_Infra,connected,trunk,full,1000,"['1000BaseSX', 'SFP']",yes
Gi1/0/2,,notconnect,1,auto,auto,['unknown'],no
Gi1/0/3,,notconnect,1,auto,auto,['unknown'],no
Gi1/0/4,ConnectiontoWLC(port1),connected,trunk,a-full,a-1000,"['10/100/1000BaseTX', 'SFP']",yes
Gi1/0/5,,notconnect,1,auto,auto,['unknown'],no
Gi1/0/6,tosALMXatl02G1/1/1,connected,trunk,full,1000,"['1000BaseSX', 'SFP']",yes
Gi1/0/7,,notconnect,30,auto,auto,['unknown'],no
Gi1/0/8,,notconnect,30,auto,auto,['unknown'],no
Gi1/0/9,,notconnect,30,auto,auto,['unknown'],no
Gi1/0/10,,notconnect,30,auto,auto,['unknown'],no
Gi1/0/11,,notconnect,30,auto,auto,['unknown'],no
Gi1/0/12,,notconnect,30,auto,auto,['unknown'],no
Gi2/0/1,,notconnect,1,auto,auto,['unknown'],no
Gi2/0/2,,notconnect,1,auto,auto,['unknown'],no
Gi2/0/3,,notconnect,1,auto,auto,['unknown'],no
Gi2/0/4,,notconnect,1,auto,auto,['unknown'],no
Gi2/0/5,,notconnect,1,auto,auto,['unknown'],no
Gi2/0/6,tosALMXatl02G4/1/1,connected,trunk,full,1000,"['1000BaseSX', 'SFP']",yes
Gi2/0/7,,notconnect,31,auto,auto,['unknown'],no
Gi2/0/8,,notconnect,31,auto,auto,['unknown'],no
Gi2/0/9,,notconnect,31,auto,auto,['unknown'],no
Gi2/0/10,,notconnect,34,auto,auto,['unknown'],no
Gi2/0/11,,notconnect,34,auto,auto,['unknown'],no
Gi2/0/12,,notconnect,34,auto,auto,['unknown'],no
Gi3/0/1,ConnectedtorAWMXatl01GigabitEthernet0/0/1VLAN203_Infra,connected,trunk,a-full,a-1000,['10/100/1000BaseTX'],yes
Gi3/0/2,,connected,40,a-full,a-1000,['10/100/1000BaseTX'],yes
Gi3/0/3,sDLMXatl01torAWMXatl02(G0/0),notconnect,74,auto,auto,['10/100/1000BaseTX'],no
Gi3/0/4,ConnectiontoWLC(port1),connected,trunk,a-full,a-1000,['10/100/1000BaseTX'],yes
Gi3/0/5,,notconnect,1,auto,auto,['10/100/1000BaseTX'],no
Gi3/0/6,,notconnect,1,auto,auto,['10/100/1000BaseTX'],no
Gi3/0/7,,notconnect,1,auto,auto,['10/100/1000BaseTX'],no
Gi3/0/8,,notconnect,1,auto,auto,['10/100/1000BaseTX'],no
Gi3/0/9,,notconnect,1,auto,auto,['10/100/1000BaseTX'],no
Gi3/0/10,,notconnect,1,auto,auto,['10/100/1000BaseTX'],no
Gi3/0/11,,notconnect,1,auto,auto,['10/100/1000BaseTX'],no
Gi3/0/12,,notconnect,1,auto,auto,['10/100/1000BaseTX'],no
Gi3/0/13,,notconnect,1,auto,auto,['10/100/1000BaseTX'],no
Gi3/0/14,,connected,40,a-full,a-1000,['10/100/1000BaseTX'],yes
Gi3/0/15,sDLMXatl01torAWMXatl02(G0/1),notconnect,74,auto,auto,['10/100/1000BaseTX'],no
Gi3/0/16,,notconnect,1,auto,auto,['10/100/1000BaseTX'],no
Gi3/0/17,,notconnect,1,auto,auto,['10/100/1000BaseTX'],no
Gi3/0/18,,notconnect,1,auto,auto,['10/100/1000BaseTX'],no
Gi3/0/19,,notconnect,1,auto,auto,['10/100/1000BaseTX'],no
Gi3/0/20,,notconnect,1,auto,auto,['10/100/1000BaseTX'],no
Gi3/0/21,,notconnect,1,auto,auto,['10/100/1000BaseTX'],no
Gi3/0/22,,notconnect,1,auto,auto,['10/100/1000BaseTX'],no
Gi3/0/23,,notconnect,1,auto,auto,['10/100/1000BaseTX'],no
Gi3/0/24,,notconnect,1,auto,auto,['10/100/1000BaseTX'],no
Gi3/0/25,,notconnect,1,auto,auto,['10/100/1000BaseTX'],no
Gi3/0/26,,notconnect,1,auto,auto,['10/100/1000BaseTX'],no
Gi3/0/27,,notconnect,1,auto,auto,['10/100/1000BaseTX'],no
Gi3/0/28,,notconnect,1,auto,auto,['10/100/1000BaseTX'],no
Gi3/0/29,,notconnect,30,auto,auto,['10/100/1000BaseTX'],no
Gi3/0/30,,notconnect,30,auto,auto,['10/100/1000BaseTX'],no
Gi3/0/31,,notconnect,30,auto,auto,['10/100/1000BaseTX'],no
Gi3/0/32,,notconnect,30,auto,auto,['10/100/1000BaseTX'],no
Gi3/0/33,,notconnect,30,auto,auto,['10/100/1000BaseTX'],no
Gi3/0/34,,notconnect,30,auto,auto,['10/100/1000BaseTX'],no
Gi3/0/35,,notconnect,31,auto,auto,['10/100/1000BaseTX'],no
Gi3/0/36,,notconnect,31,auto,auto,['10/100/1000BaseTX'],no
Gi3/0/37,,notconnect,31,auto,auto,['10/100/1000BaseTX'],no
Gi3/0/38,,notconnect,34,auto,auto,['10/100/1000BaseTX'],no
Gi3/0/39,,notconnect,34,auto,auto,['10/100/1000BaseTX'],yes
Gi3/0/40,,notconnect,34,auto,auto,['10/100/1000BaseTX'],no
Gi3/0/41,,notconnect,80,auto,auto,['10/100/1000BaseTX'],no
Gi3/0/42,,notconnect,80,auto,auto,['10/100/1000BaseTX'],no
Gi3/0/43,,notconnect,80,auto,auto,['10/100/1000BaseTX'],no
Gi3/0/44,,notconnect,80,auto,auto,['10/100/1000BaseTX'],no
Gi3/0/45,,notconnect,80,auto,auto,['10/100/1000BaseTX'],no
Gi3/0/46,,notconnect,80,auto,auto,['10/100/1000BaseTX'],no
Gi3/0/47,torAWMXatl99_testtemporal,connected,trunk,a-full,a-1000,['10/100/1000BaseTX'],yes
Gi3/0/48,ConnectedtorAWMXatl99GigabitEthernet0/0VLAN201_InfraVLAN203_Infra,notconnect,1,auto,auto,['10/100/1000BaseTX'],no
Po2,sDLMXatl01torAWMXatl99,notconnect,74,auto,auto,[],no
Po12,EtherChanneltosALMXatl02,connected,trunk,a-full,a-1000,[],yes
Po40,,connected,40,a-full,a-1000,[],no
Po41,EtherChanneltoWLC-zALMXatl01,connected,trunk,a-full,a-1000,[],no
