Interface,Description,Used,VLAN
Gi1/0/2,,no,1
Gi1/0/3,,no,1
Gi1/0/5,,no,1
Gi1/0/7,,no,1
Gi1/0/8,,no,1
Gi1/0/9,,no,1
Gi1/0/10,,no,1
Gi1/0/11,,no,1
Gi1/0/12,,no,1
Gi3/0/3,sDLMXatl01torAWMXatl02(G0/0),no,74
Gi3/0/5,,no,1
Gi3/0/6,,no,1
Gi3/0/7,,no,1
Gi3/0/8,,no,1
Gi3/0/9,,no,1
Gi3/0/10,,no,1
Gi3/0/11,,no,1
Gi3/0/12,,no,1
Gi3/0/13,,no,1
Gi3/0/15,sDLMXatl01torAWMXatl02(G0/1),no,74
Gi3/0/16,,no,1
Gi3/0/17,,no,1
Gi3/0/18,,no,1
Gi3/0/19,,no,1
Gi3/0/20,,no,1
Gi3/0/21,,no,1
Gi3/0/22,,no,1
Gi3/0/23,,no,1
Gi3/0/24,,no,1
Gi3/0/25,,no,1
Gi3/0/26,,no,1
Gi3/0/27,,no,1
Gi3/0/28,,no,1
Gi3/0/29,,no,1
Gi3/0/30,,no,1
Gi3/0/31,,no,1
Gi3/0/32,,no,1
Gi3/0/33,,no,1
Gi3/0/34,,no,1
Gi3/0/35,,no,1
Gi3/0/36,,no,1
Gi3/0/37,,no,1
Gi3/0/38,,no,1
Gi3/0/40,,no,1
Gi3/0/41,,no,1
Gi3/0/42,,no,1
Gi3/0/43,,no,1
Gi3/0/44,,no,1
Gi3/0/45,,no,1
Gi3/0/46,,no,1
Gi3/0/48,ConnectedtorAWMXatl99GigabitEthernet0/0VLAN201_InfraVLAN203_Infra,no,1
Po2,sDLMXatl01torAWMXatl99,no,74
