Interface,Description,Used,VLAN
Gi1/0/4,AccessVLAN100,no,100
Gi1/0/7,AccessVLAN100,yes,100
Gi1/0/12,AccessVLAN100,no,100
Gi1/0/14,AccessVLAN100,no,100
Gi1/0/15,AccessVLAN100,no,100
Gi1/0/16,AccessVLAN100,no,100
Gi1/0/17,AccessVLAN100,no,100
Gi1/0/20,AccessVLAN100,no,100
Gi1/0/22,AccessVLAN100,no,100
Gi1/0/24,AccessVLAN100,no,100
Gi1/0/25,AccessVLAN100,no,100
Gi1/0/26,AccessVLAN100,no,100
Gi1/0/27,AccessVLAN100,no,100
Gi1/0/28,AccessVLAN100,no,100
Gi1/0/29,AccessVLAN100,no,100
Gi1/0/30,AccessVLAN100,no,100
Gi1/0/32,AccessVLAN100,no,100
Gi1/0/33,AccessVLAN100,no,100
Gi1/0/34,AccessVLAN100,no,100
Gi1/0/35,AccessVLAN100,no,100
Gi1/0/36,AccessVLAN100,no,100
Gi1/0/37,AccessVLAN100,no,100
Gi1/0/38,AccessVLAN100,no,100
Gi1/0/40,AccessVLAN100,no,100
Gi1/0/42,AccessVLAN100,no,100
Gi1/0/43,AccessVLAN100,no,100
Gi1/0/44,AccessVLAN100,no,100
Gi1/0/45,WLANAPs,no,308
Gi1/0/46,WLANAPs,no,308
Gi1/0/47,WLANAPs,no,308
Gi1/1/2,,no,1
Te1/1/3,,no,1
Te1/1/4,,no,1
Gi2/0/1,AccessVLAN100,no,100
Gi2/0/2,AccessVLAN100,no,100
Gi2/0/3,AccessVLAN100,no,100
Gi2/0/4,AccessVLAN100,no,100
Gi2/0/5,AccessVLAN100,no,100
Gi2/0/6,AccessVLAN100,no,100
Gi2/0/7,AccessVLAN100,no,100
Gi2/0/8,AccessVLAN100,no,100
Gi2/0/9,AccessVLAN100,no,100
Gi2/0/10,AccessVLAN100,no,100
Gi2/0/11,AccessVLAN100,no,100
Gi2/0/12,AccessVLAN100,no,100
Gi2/0/13,AccessVLAN100,no,100
Gi2/0/15,AccessVLAN100,no,100
Gi2/0/18,AccessVLAN100,no,100
Gi2/0/19,AccessVLAN100,no,100
Gi2/0/21,AccessVLAN100,no,100
Gi2/0/24,AccessVLAN100,no,100
Gi2/0/25,AccessVLAN100,no,100
Gi2/0/26,AccessVLAN100,no,100
Gi2/0/27,AccessVLAN100,no,100
Gi2/0/28,AccessVLAN100,no,100
Gi2/0/29,AccessVLAN100,no,100
Gi2/0/30,AccessVLAN100,no,100
Gi2/0/33,AccessVLAN100,no,100
Gi2/0/34,AccessVLAN100,no,100
Gi2/0/36,AccessVLAN100,no,100
Gi2/0/38,AccessVLAN100,no,100
Gi2/0/40,AccessVLAN100,no,100
Gi2/0/42,AccessVLAN100,no,100
Gi2/0/43,AccessVLAN100,no,100
Gi2/0/47,WLANAPs,no,308
Gi2/1/1,,no,1
Gi2/1/2,,no,1
Te2/1/3,,no,1
Te2/1/4,,no,1
Gi3/0/1,AccessVLAN100,no,100
Gi3/0/2,AccessVLAN100,no,100
Gi3/0/4,AccessVLAN100,no,100
Gi3/0/6,AccessVLAN100,no,100
Gi3/0/8,AccessVLAN100,no,100
Gi3/0/10,AccessVLAN100,no,100
Gi3/0/11,AccessVLAN100,no,100
Gi3/0/12,AccessVLAN100,no,100
Gi3/0/13,AccessVLAN100,no,100
Gi3/0/14,AccessVLAN100,no,100
Gi3/0/15,AccessVLAN100,no,100
Gi3/0/16,AccessVLAN100,no,100
Gi3/0/17,AccessVLAN100,no,100
Gi3/0/18,AccessVLAN100,no,100
Gi3/0/20,AccessVLAN100,no,100
Gi3/0/24,AccessVLAN100,no,100
Gi3/0/27,AccessVLAN100,no,100
Gi3/0/34,AccessVLAN100,no,100
Gi3/0/36,AccessVLAN100,no,100
Gi3/0/38,AccessVLAN100,no,100
Gi3/0/41,AccessVLAN100,no,100
Gi3/0/43,WLANAPs,no,308
Gi3/0/44,WLANAPs,no,308
Gi3/0/45,WLANAPs,no,308
Gi3/0/46,WLANAPs,no,308
Gi3/0/47,WLANAPs,no,308
Gi3/0/48,WLANAPs,no,308
Gi3/1/1,,no,1
Gi3/1/2,,no,1
Te3/1/3,,no,1
Te3/1/4,,no,1
Gi4/0/1,AccessVLAN100,no,100
Gi4/0/2,AccessVLAN100,no,100
Gi4/0/5,AccessVLAN100,no,100
Gi4/0/8,AccessVLAN100,no,100
Gi4/0/9,AccessVLAN100,no,100
Gi4/0/10,AccessVLAN100,no,100
Gi4/0/11,AccessVLAN100,no,100
Gi4/0/12,AccessVLAN100,no,100
Gi4/0/13,AccessVLAN100,no,100
Gi4/0/14,AccessVLAN100,no,100
Gi4/0/15,AccessVLAN100,no,100
Gi4/0/16,AccessVLAN100,no,100
Gi4/0/17,AccessVLAN100,no,100
Gi4/0/20,AccessVLAN100,no,100
Gi4/0/21,AccessVLAN100,no,100
Gi4/0/23,AccessVLAN100,no,100
Gi4/0/27,AccessVLAN100,no,100
Gi4/0/28,AccessVLAN100,no,100
Gi4/0/30,AccessVLAN100,no,100
Gi4/0/31,AccessVLAN100,no,100
Gi4/0/32,AccessVLAN100,no,100
Gi4/0/33,AccessVLAN100,no,100
Gi4/0/34,AccessVLAN100,no,100
Gi4/0/37,AccessVLAN100,no,100
Gi4/0/38,AccessVLAN100,no,100
Gi4/0/42,BIOMETRICO-PROD-1,no,100
Gi4/0/43,AccessVLAN100,no,100
Gi4/0/45,WLANAPs,no,308
Gi4/0/48,WLANAPs,no,308
Gi4/1/2,,no,1
Te4/1/3,,no,1
Te4/1/4,,no,1
