Interface,Description,Used
Gi1/0/17,"['IDF:', 'Sec.', 'Pav._Data']", 
Gi1/0/23,"['IDF:', 'Sec.', 'Pav._Data']", 
Gi1/0/19,"['IDF:', 'Sec.', 'Pav._Data']", 
Gi1/0/25,"['IDF:', 'Sec.', 'Pav._Data']", 
Gi1/0/18,"['IDF:', 'Sec.', 'Pav._Data']", 
Gi1/0/4,"['IDF:', 'Sec.', 'Pav._Data']", 
Gi1/0/6,"['IDF:', 'Sec.', 'Pav._Data']", 
Gi1/0/12,"['IDF:', 'Sec.', 'Pav._Data']", 
Gi1/0/14,"['IDF:', 'Sec.', 'Pav._Data']", 
Gi1/0/21,"['IDF:', 'Sec.', 'Pav._Data']", 
Gi1/0/11,"['IDF:', 'Sec.', 'Pav._Data']", 
Gi1/0/8,"['IDF:', 'Sec.', 'Pav._Data']", 
Gi1/0/13,"['IDF:', 'Sec.', 'Pav._Data']", 
Gi1/0/10,"['IDF:', 'Sec.', 'Pav._Data']", 
