Interface,Description,Used
Interface,Description,Used
Interface,Description,Used
Interface,Description,Used
Gi1/0/17,"['IDF:', 'DFC-B_Data']", 
Gi1/0/18,"['IDF:', 'DFC-B_Data']", 
Gi1/0/16,"['IDF:', 'DFC-B_Data']", 
Gi1/0/19,"['IDF:', 'DFC-B_Data']", 
Gi1/0/8,"['IDF:', 'DFC-B_Data']", 
Gi1/0/10,"['IDF:', 'DFC-B_Data']", 
Gi1/0/6,[], 
Gi1/0/14,[], 
Gi1/0/13,[], 
Gi1/0/9,"['IDF:', 'DFC-B_Data']", 
Gi1/0/21,"['IDF:', 'DFC-B_Data']", 
Gi1/0/22,"['IDF:', 'DFC-B_Data']", 
Gi1/0/15,"['IDF:', 'DFC-B_Data']", 
Gi1/0/20,"['IDF:', 'DFC-B_Data']", 
Gi1/0/2,"['IDF:', 'DFC-B_Data']", 
