Interface,Description,Status,Vlan,Duplex,Speed,Type,Used
Te1/0/1,,notconnect,1,auto,auto,unknown,no
Te1/0/2,,notconnect,1,auto,auto,unknown,no
Te1/0/3,,connected,trunk,full,1000,1000BaseSX SFP,yes
Te1/0/4,WLC Secondary Gi0/1,connected,trunk,full,1000,1000BaseSX SFP,yes
Te1/0/5,ro=lan|ty=INFRA|dn=rALCRcaa06|po=NA,connected,trunk,a-full,a-1000,10/100/1000BaseTX SFP,yes
Te1/0/6,ro=lan|ty=INFRA|dn=sALCRcaa11|po=Port-channel111,connected,trunk,full,1000,1000BaseSX SFP,yes
Te1/0/7,ro=lan|ty=INFRA|dn=sALCRcaa12|po=Port-channel112,connected,trunk,full,1000,1000BaseSX SFP,yes
Te1/0/8,ro=lan|ty=INFRA|dn=sALCRcaa13|po=Port-channel113,connected,trunk,full,1000,1000BaseSX SFP,yes
Te1/0/9,ro=lan|ty=INFRA|dn=sALCRcaa14|po=Port-channel114,connected,trunk,full,1000,1000BaseSX SFP,yes
Te1/0/10,ro=lan|ty=INFRA|dn=sALCRcaa15|po=Port-channel115,connected,trunk,full,1000,1000BaseSX SFP,yes
Te1/0/11,future use,disabled,1,auto,auto,unknown,no
Te1/0/12,*** TEMP to DISTRO_1 **,disabled,1,auto,auto,unknown,no
Te2/0/1,,notconnect,1,auto,auto,unknown,no
Te2/0/2,,notconnect,1,auto,auto,unknown,no
Te2/0/3,,connected,trunk,full,1000,1000BaseSX SFP,yes
Te2/0/4,WLC Secondary Gi0/1,connected,trunk,full,1000,1000BaseSX SFP,yes
Te2/0/5,ro=lan|ty=INFRA|dn=rALCRcaa06|po=NA,connected,trunk,a-full,a-1000,10/100/1000BaseTX SFP,yes
Te2/0/6,ro=lan|ty=INFRA|dn=sALCRcaa11|po=Port-channel111,connected,trunk,full,1000,1000BaseSX SFP,yes
Te2/0/7,ro=lan|ty=INFRA|dn=sALCRcaa12|po=Port-channel112,connected,trunk,full,1000,1000BaseSX SFP,yes
Te2/0/8,ro=lan|ty=INFRA|dn=sALCRcaa13|po=Port-channel113,connected,trunk,full,1000,1000BaseSX SFP,yes
Te2/0/9,ro=lan|ty=INFRA|dn=sALCRcaa14|po=Port-channel114,connected,trunk,full,1000,1000BaseSX SFP,yes
Te2/0/10,ro=lan|ty=INFRA|dn=sALCRcaa15|po=Port-channel115,connected,trunk,full,1000,1000BaseSX SFP,yes
Te2/0/11,future use,disabled,1,auto,auto,unknown,no
Te2/0/12,future use,disabled,1,auto,auto,unknown,no
Gi3/0/1,,notconnect,1,auto,auto,10/100/1000BaseTX,no
Gi3/0/2,ro=lan|ty=INFRA|dn=rAWCRcaa01|po=NA,connected,trunk,a-full,a-1000,10/100/1000BaseTX,yes
Gi3/0/3,ro=lan|ty=INFRA|dn=rAWCRcaa09|po=NA,connected,trunk,a-full,a-1000,10/100/1000BaseTX,yes
Gi3/0/4,,notconnect,1,auto,auto,10/100/1000BaseTX,no
Gi3/0/5,connected to MNP - gMLPRcar01-P G0/0(Po29),connected,trunk,a-full,a-1000,10/100/1000BaseTX,yes
Gi3/0/6,connected to MNP - gMLPRcar01-FO G0/1(Po29),connected,trunk,a-full,a-100,10/100/1000BaseTX,yes
Gi3/0/7,MGMT ASA-gMLCRcaa1-P (MNP),notconnect,808,full,100,10/100/1000BaseTX,no
Gi3/0/8,Connection to Legacy E1 Voice GW,connected,74,a-full,a-1000,10/100/1000BaseTX,yes
Gi3/0/9,rALCRcar99 G0/0,notconnect,1,auto,auto,10/100/1000BaseTX,no
Gi3/0/10,Servers,notconnect,30,auto,auto,10/100/1000BaseTX,yes
Gi3/0/11,Servers,notconnect,30,auto,auto,10/100/1000BaseTX,yes
Gi3/0/12,Servers,notconnect,30,auto,auto,10/100/1000BaseTX,yes
Gi3/0/13,Servers,connected,30,a-full,a-1000,10/100/1000BaseTX,yes
Gi3/0/14,Servers,connected,30,a-full,a-100,10/100/1000BaseTX,yes
Gi3/0/15,Servers,connected,30,a-full,a-1000,10/100/1000BaseTX,yes
Gi3/0/16,Servers,connected,30,a-full,a-1000,10/100/1000BaseTX,yes
Gi3/0/17,VMWare Servers,connected,80,a-full,a-1000,10/100/1000BaseTX,yes
Gi3/0/18,Servers VMotion,connected,964,a-full,a-1000,10/100/1000BaseTX,yes
Gi3/0/19,Servers,connected,30,a-full,a-1000,10/100/1000BaseTX,yes
Gi3/0/20,Servers,connected,30,a-full,a-1000,10/100/1000BaseTX,yes
Gi3/0/21,Servers,connected,30,a-full,a-1000,10/100/1000BaseTX,yes
Gi3/0/22,VMWare Servers,connected,80,a-full,a-1000,10/100/1000BaseTX,yes
Gi3/0/23,Servers VMotion,connected,31,a-full,a-1000,10/100/1000BaseTX,yes
Gi3/0/24, ,notconnect,30,auto,auto,10/100/1000BaseTX,no
Gi3/0/25,Servers,connected,30,a-full,a-1000,10/100/1000BaseTX,yes
Gi3/0/26,Servers VMotion,connected,31,a-full,a-1000,10/100/1000BaseTX,yes
Gi3/0/27,Servers,connected,30,a-full,a-1000,10/100/1000BaseTX,yes
Gi3/0/28,Servers,connected,30,a-full,a-1000,10/100/1000BaseTX,yes
Gi3/0/29,Servers,connected,30,a-full,a-1000,10/100/1000BaseTX,yes
Gi3/0/30,Servers,connected,30,a-full,a-1000,10/100/1000BaseTX,yes
Gi3/0/31,* CRCADCG001 *,connected,30,a-full,a-1000,10/100/1000BaseTX,yes
Gi3/0/32,Servers,connected,30,a-full,a-1000,10/100/1000BaseTX,yes
Gi3/0/33,WAAS,connected,40,a-full,a-100,10/100/1000BaseTX,yes
Gi3/0/34,Servers,connected,30,a-full,a-1000,10/100/1000BaseTX,yes
Gi3/0/35,Servers,notconnect,30,auto,auto,10/100/1000BaseTX,yes
Gi3/0/36,Servers,connected,30,a-full,a-1000,10/100/1000BaseTX,yes
Gi3/0/37,Servers,notconnect,30,auto,auto,10/100/1000BaseTX,no
Gi3/0/38,Servers,connected,30,a-full,a-1000,10/100/1000BaseTX,yes
Gi3/0/39,Servers,connected,30,a-full,a-1000,10/100/1000BaseTX,yes
Gi3/0/40,Servers,connected,30,a-full,a-1000,10/100/1000BaseTX,yes
Gi3/0/41,,notconnect,30,auto,auto,10/100/1000BaseTX,yes
Gi3/0/42, ,notconnect,30,auto,auto,10/100/1000BaseTX,yes
Gi3/0/43,Servers,notconnect,30,auto,auto,10/100/1000BaseTX,no
Gi3/0/44,Servers,connected,31,a-full,a-100,10/100/1000BaseTX,yes
Gi3/0/45,Servers,connected,31,a-full,a-100,10/100/1000BaseTX,yes
Gi3/0/46,Servers,connected,31,a-full,a-100,10/100/1000BaseTX,yes
Gi3/0/47,Servers,connected,80,a-full,a-1000,10/100/1000BaseTX,yes
Gi3/0/48,Servers,connected,80,a-full,a-1000,10/100/1000BaseTX,yes
Gi4/0/1,,notconnect,1,auto,auto,10/100/1000BaseTX,no
Gi4/0/2,ro=lan|ty=INFRA|dn=rAWCRcaa01|po=NA,connected,trunk,a-full,a-1000,10/100/1000BaseTX,yes
Gi4/0/3,ro=lan|ty=INFRA|dn=rAWCRcaa09|po=NA,connected,trunk,a-full,a-1000,10/100/1000BaseTX,yes
Gi4/0/4,,notconnect,1,auto,auto,10/100/1000BaseTX,no
Gi4/0/5,connected to MNP - gMLPRcar01-P G0/1(Po29),connected,trunk,a-full,a-1000,10/100/1000BaseTX,yes
Gi4/0/6,connected to MNP - gMLPRcar01-FO G0/0(Po29),connected,trunk,full,100,10/100/1000BaseTX,yes
Gi4/0/7,MGMT ASA-gMLCRcaa1-P (MNP),notconnect,808,auto,auto,10/100/1000BaseTX,no
Gi4/0/8,Servers,notconnect,30,auto,auto,10/100/1000BaseTX,yes
Gi4/0/9,Servers,notconnect,30,auto,auto,10/100/1000BaseTX,no
Gi4/0/10,Servers,notconnect,30,auto,auto,10/100/1000BaseTX,yes
Gi4/0/11,Servers,notconnect,30,auto,auto,10/100/1000BaseTX,yes
Gi4/0/12,Servers,notconnect,30,auto,auto,10/100/1000BaseTX,yes
Gi4/0/13,Servers,connected,30,a-full,a-1000,10/100/1000BaseTX,yes
Gi4/0/14,Servers,connected,30,a-full,a-1000,10/100/1000BaseTX,yes
Gi4/0/15,Servers,connected,30,a-full,a-1000,10/100/1000BaseTX,yes
Gi4/0/16,Servers,connected,30,a-full,a-1000,10/100/1000BaseTX,yes
Gi4/0/17,Servers,connected,30,a-full,a-1000,10/100/1000BaseTX,yes
Gi4/0/18,Servers,connected,30,a-full,a-1000,10/100/1000BaseTX,yes
Gi4/0/19,Servers,notconnect,30,auto,auto,10/100/1000BaseTX,no
Gi4/0/20,Servers,notconnect,30,auto,auto,10/100/1000BaseTX,yes
Gi4/0/21,Servers,connected,30,a-full,a-1000,10/100/1000BaseTX,yes
Gi4/0/22,Servers,notconnect,30,auto,auto,10/100/1000BaseTX,no
Gi4/0/23,Servers,connected,30,a-full,a-1000,10/100/1000BaseTX,yes
Gi4/0/24,Servers,notconnect,30,auto,auto,10/100/1000BaseTX,yes
Gi4/0/25,Servers,connected,30,a-full,a-1000,10/100/1000BaseTX,yes
Gi4/0/26,Servers,notconnect,30,auto,auto,10/100/1000BaseTX,no
Gi4/0/27,Servers,connected,30,a-full,a-1000,10/100/1000BaseTX,yes
Gi4/0/28,Servers,notconnect,30,auto,auto,10/100/1000BaseTX,no
Gi4/0/29,Servers,notconnect,30,auto,auto,10/100/1000BaseTX,yes
Gi4/0/30,Servers,notconnect,30,auto,auto,10/100/1000BaseTX,no
Gi4/0/31,* CRCADCG001 *,connected,30,a-full,a-100,10/100/1000BaseTX,yes
Gi4/0/32,Servers,connected,30,a-full,a-1000,10/100/1000BaseTX,yes
Gi4/0/33,VMware Servers,connected,80,a-full,a-1000,10/100/1000BaseTX,yes
Gi4/0/34,VMware Servers,connected,80,a-full,a-1000,10/100/1000BaseTX,yes
Gi4/0/35,VMware Servers,connected,80,a-full,a-1000,10/100/1000BaseTX,yes
Gi4/0/36,Servers,notconnect,30,auto,auto,10/100/1000BaseTX,yes
Gi4/0/37,Servers,connected,30,a-full,a-100,10/100/1000BaseTX,yes
Gi4/0/38,Servers,connected,30,a-full,a-100,10/100/1000BaseTX,yes
Gi4/0/39,Servers,notconnect,30,auto,auto,10/100/1000BaseTX,no
Gi4/0/40,Servers,connected,30,a-full,a-1000,10/100/1000BaseTX,yes
Gi4/0/41,VMware Servers,connected,31,a-full,a-1000,10/100/1000BaseTX,yes
Gi4/0/42,,connected,31,a-full,a-1000,10/100/1000BaseTX,yes
Gi4/0/43,VMware Servers,connected,31,a-full,a-1000,10/100/1000BaseTX,yes
Gi4/0/44,Servers,connected,31,a-full,a-100,10/100/1000BaseTX,yes
Gi4/0/45,Descrip,connected,31,a-full,a-100,10/100/1000BaseTX,yes
Gi4/0/46,Servers,connected,31,a-full,a-100,10/100/1000BaseTX,yes
Gi4/0/47,Servers,connected,80,a-full,a-1000,10/100/1000BaseTX,yes
Gi4/0/48,Servers,connected,80,a-full,a-1000,10/100/1000BaseTX,yes
Po27,"Connected to gMLPRcar01-FO (G0/0,G0/1)",connected,trunk,a-full,a-100,,yes
Po29,"Connected to gMLPRcar01-P (G0/0,G0/1)",connected,trunk,a-full,a-1000,,yes
Po41,WLC Primary zALCRcaa01,connected,trunk,a-full,a-1000,,yes
Po42,WLC Secondary zALCRcaa01,connected,trunk,a-full,a-1000,,yes
Po111,ro=lan|ty=PO_INFRA|dn=sALCRcaa11,connected,trunk,a-full,a-1000,,yes
Po112,ro=lan|ty=PO_INFRA|dn=sALCRcaa12,connected,trunk,a-full,a-1000,,yes
Po113,ro=lan|ty=PO_INFRA|dn=sALCRcaa13,connected,trunk,a-full,a-1000,,yes
Po114,ro=lan|ty=PO_INFRA|dn=sALCRcaa14,connected,trunk,a-full,a-1000,,yes
Po115,ro=lan|ty=PO_INFRA|dn=sALCRcaa15,connected,trunk,a-full,a-1000,,yes
