Interface,Description,Status,Vlan,Duplex,Speed,Type,,Time,Used
Te1/0/1,,Indirect,1,auto,auto,unknown,,never,no
Te1/0/2,,Indirect,1,auto,auto,unknown,,never,no
Te1/0/3,,Direct,trunk,full,1000,1000BaseSX SFP,,:,yes
Te1/0/4,WLC Secondary Gi0/1,Direct,trunk,full,1000,1000BaseSX SFP,,:,yes
Te1/0/5,ro=lan|ty=INFRA|dn=rALCRcaa06|po=NA,Direct,trunk,a-full,a-1000,10/100/1000BaseTX SFP,,:,yes
Te1/0/6,ro=lan|ty=INFRA|dn=sALCRcaa11|po=Port-channel111,Direct,trunk,full,1000,1000BaseSX SFP,,:,yes
Te1/0/7,,Direct,trunk,full,1000,1000BaseSX SFP,,:,yes
Te1/0/8,ro=lan|ty=INFRA|dn=sALCRcaa13|po=Port-channel113,Direct,trunk,full,1000,1000BaseSX SFP,,:,yes
Te1/0/9,ro=lan|ty=INFRA|dn=sALCRcaa14|po=Port-channel114,Direct,trunk,full,1000,1000BaseSX SFP,,:,yes
Te1/0/10,ro=lan|ty=INFRA|dn=sALCRcaa15|po=Port-channel115,Direct,trunk,full,1000,1000BaseSX SFP,,:,yes
Te1/0/11,future use,Disabled,1,auto,auto,unknown,,never,no
Te2/0/1,,Indirect,1,auto,auto,unknown,,never,no
Te2/0/2,,Indirect,1,auto,auto,unknown,,never,no
Te2/0/3,,Direct,trunk,full,1000,1000BaseSX SFP,,:,yes
Te2/0/4,WLC Secondary Gi0/1,Direct,trunk,full,1000,1000BaseSX SFP,,:,yes
Te2/0/5,ro=lan|ty=INFRA|dn=rALCRcaa06|po=NA,Direct,trunk,a-full,a-1000,10/100/1000BaseTX SFP,,:,yes
Te2/0/6,ro=lan|ty=INFRA|dn=sALCRcaa11|po=Port-channel111,Direct,trunk,full,1000,1000BaseSX SFP,,:,yes
Te2/0/7,ro=lan|ty=INFRA|dn=sALCRcaa12|po=Port-channel112,Direct,trunk,full,1000,1000BaseSX SFP,,:,yes
Te2/0/8,ro=lan|ty=INFRA|dn=sALCRcaa13|po=Port-channel113,Direct,trunk,full,1000,1000BaseSX SFP,,:,yes
Te2/0/9,ro=lan|ty=INFRA|dn=sALCRcaa14|po=Port-channel114,Direct,trunk,full,1000,1000BaseSX SFP,,:,yes
Te2/0/10,ro=lan|ty=INFRA|dn=sALCRcaa15|po=Port-channel115,Direct,trunk,full,1000,1000BaseSX SFP,,:,yes
Te2/0/11,future use,Disabled,1,auto,auto,unknown,,never,no
Te2/0/12,future use,Disabled,1,auto,auto,unknown,,never,no
Gi3/0/1,,Indirect,1,auto,auto,10/100/1000BaseTX,,never,no
Gi3/0/2,ro=lan|ty=INFRA|dn=rAWCRcaa01|po=NA,Direct,trunk,a-full,a-1000,10/100/1000BaseTX,,:,yes
Gi3/0/3,ro=lan|ty=INFRA|dn=rAWCRcaa09|po=NA,Direct,trunk,a-full,a-1000,10/100/1000BaseTX,,:,yes
Gi3/0/5,connected to MNP - gMLPRcar01-P G0/0(Po29),Direct,to,MNP,-,connected trunk a-full a-1000 10/100/1000BaseTX,,:,yes
Gi3/0/6,connected to MNP - gMLPRcar01-FO G0/1(Po29),Direct,to,MNP,-,connected trunk a-full a-100 10/100/1000BaseTX,,:,yes
Gi3/0/10,Servers,Direct,30,a-full,a-1000,10/100/1000BaseTX,,:,yes
Gi3/0/11,Servers,Direct,30,a-full,a-1000,10/100/1000BaseTX,,:,yes
Gi3/0/12,Servers,Direct,30,a-full,a-1000,10/100/1000BaseTX,,:,yes
Gi3/0/13,Servers,Direct,30,a-full,a-1000,10/100/1000BaseTX,,:,yes
Gi3/0/14,Servers,Direct,30,a-full,a-100,10/100/1000BaseTX,,:,yes
Gi3/0/15,Servers,Direct,30,a-full,a-1000,10/100/1000BaseTX,,:,yes
Gi3/0/16,Servers,Direct,30,a-full,a-1000,10/100/1000BaseTX,,:,yes
Gi3/0/17,VMWare Servers,Direct,80,a-full,a-1000,10/100/1000BaseTX,,:,yes
Gi3/0/18,Servers VMotion,Direct,964,a-full,a-1000,10/100/1000BaseTX,,:,yes
Gi3/0/19,Servers,Direct,30,a-full,a-1000,10/100/1000BaseTX,,:,yes
Gi3/0/20,Servers,Direct,30,a-full,a-1000,10/100/1000BaseTX,,:,yes
Gi3/0/21,Servers,Direct,30,a-full,a-1000,10/100/1000BaseTX,,:,yes
Gi3/0/22,VMWare Servers,Direct,80,a-full,a-1000,10/100/1000BaseTX,,:,yes
Gi3/0/23,Servers VMotion,Direct,31,a-full,a-1000,10/100/1000BaseTX,,:,yes
Gi3/0/24,Servers,Indirect,30,auto,auto,10/100/1000BaseTX,,"39w2d,",no
Gi3/0/25,Servers,Direct,30,a-full,a-1000,10/100/1000BaseTX,,:,yes
Gi3/0/26,Servers VMotion,Direct,31,a-full,a-1000,10/100/1000BaseTX,,:,yes
Gi3/0/27,Servers,Direct,30,a-full,a-1000,10/100/1000BaseTX,,:,yes
Gi3/0/28,Servers,Direct,30,a-full,a-1000,10/100/1000BaseTX,,:,yes
Gi3/0/29,Servers,Direct,30,a-full,a-1000,10/100/1000BaseTX,,:,yes
Gi3/0/30,Servers,Direct,30,a-full,a-1000,10/100/1000BaseTX,,:,yes
Gi3/0/31,* CRCADCG001 *,Direct,30,a-full,a-1000,10/100/1000BaseTX,,:,yes
Gi3/0/32,Servers,Direct,30,a-full,a-1000,10/100/1000BaseTX,,:,yes
Gi3/0/33,WAAS,Direct,40,a-full,a-100,10/100/1000BaseTX,,:,yes
Gi3/0/34,Servers,Direct,30,a-full,a-1000,10/100/1000BaseTX,,:,yes
Gi3/0/35,Servers,Indirect,30,auto,auto,10/100/1000BaseTX,,:,yes
Gi3/0/36,Servers,Direct,30,a-full,a-1000,10/100/1000BaseTX,,:,yes
Gi3/0/37,Servers,Indirect,30,auto,auto,10/100/1000BaseTX,,"38w3d,",no
Gi3/0/38,Servers,Direct,30,a-full,a-1000,10/100/1000BaseTX,,:,yes
Gi3/0/39,Servers,Direct,30,a-full,a-1000,10/100/1000BaseTX,,:,yes
Gi3/0/40,Servers,Direct,30,a-full,a-1000,10/100/1000BaseTX,,:,yes
Gi3/0/42,Servers,Indirect,30,auto,auto,10/100/1000BaseTX,,:,yes
Gi3/0/43,Servers,Indirect,30,auto,auto,10/100/1000BaseTX,,never,no
