Interface,Description,Used
Gi1/0/2,IDF:,no
Gi1/0/4,IDF:,no
Gi1/0/6,IDF:,no
Gi1/0/8,IDF:,no
Gi1/0/10,IDF:,no
Gi1/0/11,IDF:,no
Gi1/0/12,IDF:,no
Gi1/0/13,IDF:,no
Gi1/0/14,IDF:,no
Gi1/0/16,IDF:,no
Gi1/0/17,IDF:,no
Gi1/0/18,IDF:,no
Gi1/0/19,IDF:,no
Gi1/0/20,IDF:,no
Gi1/0/21,IDF:,no
Gi1/0/22,IDF:,no
Gi1/0/23,IDF:,no
Gi1/0/24,IDF:,no
Gi1/0/25,IDF:,no
Gi1/0/26,IDF:,no
Gi1/0/27,IDF:,no
Gi1/0/28,IDF:,no
Gi1/0/29,IDF:,no
Gi1/0/30,IDF:,no
Gi1/0/31,IDF:,no
Gi1/0/32,IDF:,no
Gi1/0/33,IDF:,no
Gi1/0/34,IDF:,no
Gi1/0/35,IDF:,no
Gi1/0/36,IDF:,no
Gi1/0/38,IDF:,no
Gi1/0/41,IDF:,no
Gi1/0/42,IDF:,no
Gi1/0/43,IDF:,no
Gi1/0/44,IDF:,no
Gi1/0/46,IDF:,no
Gi1/0/47,IDF:,no
Gi1/0/48,IDF:,no
Gi1/1/1,notconnect, 
Gi1/1/2,notconnect, 
