Interface,Description,Used
Gi2/1,notconnect,no
Gi2/2,uALUSded05r,no
Gi2/3,usdfdelldrac,no
Gi2/4,uALUSded06,no
Gi2/5,BAX-GLOBALNET, 
Gi2/6,BAXHEALTH3,no
Gi2/7,usdfascent01,no
Gi2/8,usdfprnt001,no
Gi2/9,IronPort,no
Gi2/11,BAXHEALTH1,no
Gi2/12,BAXHEALTH1EC,no
Gi2/13,usdfrfax001, 
Gi2/14,USDFWEBSENSEPOL7:1,no
Gi2/15,usdfdellkvm,no
Gi2/16,DellPE,no
Gi2/17,notconnect, 
Gi2/18,BAX-FTP,no
Gi2/19,BAX-FTP,no
Gi2/20,DellPE,no
Gi2/21,USDFADM30,no
Gi2/22,DellPE,no
Gi2/23,usdfsbx004,no
Gi2/24,DellPE,no
Gi2/25,usdfctx906,no
Gi2/26,TEST-JDE1, 
Gi2/27,uALUSded04r, 
Gi2/28,DellPE,no
Gi2/30,DellPE,no
Gi2/31,CROS, 
Gi2/33,CROS, 
Gi2/34,BAXACS2, 
Gi2/35,USDFV10KWEB2, 
Gi2/36,BAX-LANOPS, 
Gi2/37,notconnect, 
Gi2/38,BAX-IPNOTES,no
Gi2/39,DLP,no
Gi2/40,BAX-CPNNOTES,no
Gi2/41,BAX-CPNNOTES,no
Gi2/42,notconnect,no
Gi2/43,USDFMED2,no
Gi2/44,BAXACS2, 
Gi2/45,NetForensics, 
Gi2/46,bax-tback2a,no
Gi2/47,BACKRAS, 
Gi2/48,connection,no
Gi3/1,usdfapp1,no
Gi3/2,usdfadm1,no
Gi3/3,BAX-PROFILE,no
Gi3/4,notconnect,no
Gi3/5,BAX-CCURE, 
Gi3/6,USDFAPP002, 
Gi3/7,PKI,no
Gi3/8,USDFWEB002,no
Gi3/9,blackberry2, 
Gi3/10,USDFWEB001,no
Gi3/11,USDFAPP902,no
Gi3/12,BAXHEALTH1EC,no
Gi3/13,USDFFAX001,no
Gi3/14,BAX-SIEBEL4,no
Gi3/15,ILOWEBSENSEPOL7:10,no
Gi3/16,Domino, 
Gi3/17,notconnect,no
Gi3/18,BAX-SIEBEL5,no
Gi3/19,USDFWEB902, 
Gi3/20,USDFWEB901,no
Gi3/21,USDFAPP901, 
Gi3/22,USDFAPP903, 
Gi3/23,CROS, 
Gi3/24,CROS, 
Gi3/25,Sun,no
Gi3/26,USDFWEBSENSEMANAGE,no
Gi3/28,baxibm6000,no
Gi3/29,USDFBES001a,no
Gi3/30,notconnect,no
Gi3/32,SSM, 
Gi3/33,FireEye,no
Gi3/34,ADFS, 
Gi3/35,CCURE,no
Gi3/36,ADFS, 
Gi3/37,FireEye,no
Gi3/38,FireEye, 
Gi3/39,Mgt,no
Gi3/40,usdfwsn001,no
Gi3/41,usdfwsn002,no
Gi3/42,usdfwsn003,no
Gi3/43,notconnect,no
Gi3/44,usdfwsn004,no
Gi3/45,notconnect,no
Gi3/47,notconnect,no
Gi3/48,connection, 
Gi4/1,BAX-NETSCOUTNEWS,no
Gi4/2,UM-USDFAPCM1, 
Gi4/3,UM-USDFAPCM2,no
Gi4/4,BaxTKL,no
Gi4/5,MobileIron,no
Gi4/6,ILOWEBSENSEMANAGER,no
Gi4/7,ADFS,yes
Gi4/8,ADFS,yes
Gi4/10,notconnect,no
Gi4/11,notconnect,no
Gi4/14,TDF51MFIN03,no
Gi4/15,ILO,no
Gi4/16,Domino, 
Gi4/17,notconnect, 
Gi4/18,notconnect,no
Gi4/19,renal,no
Gi4/20,notconnect,no
Gi4/22,usdfcdp001, 
Gi4/23,notconnect,no
Gi4/24,notconnect,no
Gi4/25,BAX-ICCB2,no
Gi4/26,BAX-ICCB1,no
Gi4/27,BAX-FINWEB,no
Gi4/28,BAX-FINWEB,no
Gi4/29,BAX-FINWEB,no
Gi4/30,IDS, 
Gi4/31,USLAB1,no
Gi4/32,notconnect,no
Gi4/33,notconnect,no
Gi4/34,unused,no
Gi4/35,WEBSENSE,no
Gi4/36,Cisco,no
Gi4/37,notconnect,no
Gi4/38,notconnect,no
Gi4/39,notconnect,no
Gi4/43,BAX-IDS2, 
Gi4/44,Cisco,no
Gi4/45,iDLUSded01,no
Gi4/47,notconnect,no
Gi4/48,notconnect,no
Gi7/3,PKI,no
Gi7/4,ADFS, 
Gi7/5,ADFS, 
Gi7/6,ADFS,yes
Gi7/7,ADFS,yes
Gi7/8,notconnect,no
Gi7/9,notconnect, 
Gi7/10,notconnect,no
Gi7/11,FireEye,no
Gi7/12,FastFax,yes
Gi7/13,uALUSded05,no
Gi7/16,USDFNETWORKHYPRV1-,no
Gi7/17,Ironport,no
Gi7/19,IronPort,no
Gi7/20,USDFNETWORKHYPRV2-,no
Gi7/22,TDF51MGIB08,no
Gi7/23,notconnect,no
Gi7/24,RAPRT, 
Gi7/25,USDFCTMS01,no
Gi7/26,USDFDCG003, 
Gi7/27,USDFDCG003,no
Gi7/28,USDFDCG003-lo, 
Gi7/31,notconnect,no
Gi7/32,notconnect,no
Gi7/33,notconnect,no
Gi7/34,BAX-PROFILE,no
Gi7/35,CCURE,no
Gi7/36,USDFDCM003, 
Gi7/37,USDFDCM003, 
Gi7/38,USDFDCM003-R, 
Gi7/39,notconnect,no
Gi7/40,notconnect,no
Gi7/41,notconnect, 
Gi7/42,notconnect, 
Gi7/43,notconnect,no
Gi7/44,BAX-APP1,no
Gi7/45,notconnect,no
Gi7/46,notconnect,no
Gi7/48,notconnect, 
Gi8/1,notconnect,no
Gi8/2,notconnect,no
Gi8/3,TP-sALUSded73,no
Gi8/4,usdfv10kweb1, 
Gi8/5,usdfv10kweb2, 
Gi8/6,notconnect, 
Gi8/7,notconnect, 
Gi8/8,notconnect, 
Gi8/9,notconnect, 
Gi8/10,CIC, 
Gi8/11,notconnect,no
Gi8/12,notconnect,no
Gi8/13,notconnect,no
Gi8/14,notconnect, 
Gi8/15,notconnect,no
Gi8/16,Domino, 
Gi8/18,notconnect,no
Gi8/19,notconnect,no
Gi8/20,usdfapcvs01,no
Gi8/22,usdfapocs02,no
Gi8/23,usdfmail07,no
Gi8/24,usdfmail06,no
Gi8/25,FireEye,no
Gi8/26,usdfmail04,no
Gi8/27,usdfmail03,no
Gi8/28,notconnect,no
Gi8/29,notconnect,no
Gi8/30,notconnect,no
Gi8/31,notconnect,no
Gi8/32,notconnect,no
Gi8/33,notconnect,no
Gi8/34,notconnect,no
Gi8/35,notconnect,no
Gi8/36,notconnect,no
Gi8/37,notconnect,no
Gi8/38,notconnect,no
Gi8/39,notconnect,no
Gi8/42,notconnect,no
Gi8/47,notconnect,no
Gi8/48,notconnect,no
Gi9/1,notconnect,no
Gi9/2,USDFDCG001, 
Gi9/3,USDFAPP010,no
Gi9/4,notconnect, 
Gi9/5,notconnect,no
Gi9/6,notconnect, 
Gi9/7,notconnect, 
Gi9/8,notconnect, 
Gi9/9,notconnect, 
Gi9/10,notconnect,no
Gi9/11,notconnect, 
Gi9/12,notconnect, 
Gi9/13,notconnect, 
Gi9/14,notconnect,no
Gi9/15,notconnect,no
Gi9/16,notconnect,no
Gi9/17,notconnect,no
Gi9/18,CIC,no
Gi9/19,CIC,no
Gi9/21,notconnect,no
Gi9/24,CIC-NEW, 
Gi9/26,notconnect,no
Gi9/27,notconnect,no
Gi9/28,USDFSPLUNKFW005, 
Gi9/29,USDFSPLUNKFW005, 
Gi9/30,USDFSPLUNKFW006, 
Gi9/31,USDFSPLUNKFW006, 
Gi9/32,USDFSPLUNKFW005, 
Gi9/33,DMS,no
Gi9/34,DMS,no
Gi9/35,DMS,no
Gi9/36,DMS,no
Gi9/37,MXE3000,no
Gi9/38,MXE3000,no
Gi9/39,IPTV,no
Gi9/40,CiscoNetwkCollecto,no
Gi9/41,tCLUSded03, 
Gi9/43,IP/TV,no
Gi9/44,New, 
Gi9/45,notconnect,no
Gi9/46,Cisco, 
Gi9/47,notconnect,no
Po250,notconnect,no
Po251,notconnect,no
Interface,Description,Used
Gi2/1,notconnect,no
Gi2/2,uALUSded05r,no
Gi2/3,usdfdelldrac,no
Gi2/4,uALUSded06,no
Gi2/5,BAX-GLOBALNET, 
Gi2/6,BAXHEALTH3,no
Gi2/7,usdfascent01,no
Gi2/8,usdfprnt001,no
Gi2/9,IronPort,no
Gi2/11,BAXHEALTH1,no
Gi2/12,BAXHEALTH1EC,no
Gi2/13,usdfrfax001, 
Gi2/14,USDFWEBSENSEPOL7:1,no
Gi2/15,usdfdellkvm,no
Gi2/16,DellPE,no
Gi2/17,notconnect, 
Gi2/18,BAX-FTP,no
Gi2/19,BAX-FTP,no
Gi2/20,DellPE,no
Gi2/21,USDFADM30,no
Gi2/22,DellPE,no
Gi2/23,usdfsbx004,no
Gi2/24,DellPE,no
Gi2/25,usdfctx906,no
Gi2/26,TEST-JDE1, 
Gi2/27,uALUSded04r, 
Gi2/28,DellPE,no
Gi2/30,DellPE,no
Gi2/31,CROS, 
Gi2/33,CROS, 
Gi2/34,BAXACS2, 
Gi2/35,USDFV10KWEB2, 
Gi2/36,BAX-LANOPS, 
Gi2/37,notconnect, 
Gi2/38,BAX-IPNOTES,no
Gi2/39,DLP,no
Gi2/40,BAX-CPNNOTES,no
Gi2/41,BAX-CPNNOTES,no
Gi2/42,notconnect,no
Gi2/43,USDFMED2,no
Gi2/44,BAXACS2, 
Gi2/45,NetForensics, 
Gi2/46,bax-tback2a,no
Gi2/47,BACKRAS, 
Gi2/48,connection,no
Gi3/1,usdfapp1,no
Gi3/2,usdfadm1,no
Gi3/3,BAX-PROFILE,no
Gi3/4,notconnect,no
Gi3/5,BAX-CCURE, 
Gi3/6,USDFAPP002, 
Gi3/7,PKI,no
Gi3/8,USDFWEB002,no
Gi3/9,blackberry2, 
Gi3/10,USDFWEB001,no
Gi3/11,USDFAPP902,no
Gi3/12,BAXHEALTH1EC,no
Gi3/13,USDFFAX001,no
Gi3/14,BAX-SIEBEL4,no
Gi3/15,ILOWEBSENSEPOL7:10,no
Gi3/16,Domino, 
Gi3/17,notconnect,no
Gi3/18,BAX-SIEBEL5,no
Gi3/19,USDFWEB902, 
Gi3/20,USDFWEB901,no
Gi3/21,USDFAPP901, 
Gi3/22,USDFAPP903, 
Gi3/23,CROS, 
Gi3/24,CROS, 
Gi3/25,Sun,no
Gi3/26,USDFWEBSENSEMANAGE,no
Gi3/28,baxibm6000,no
Gi3/29,USDFBES001a,no
Gi3/30,notconnect,no
Gi3/32,SSM, 
Gi3/33,FireEye,no
Gi3/34,ADFS, 
Gi3/35,CCURE,no
Gi3/36,ADFS, 
Gi3/37,FireEye,no
Gi3/38,FireEye, 
Gi3/39,Mgt,no
Gi3/40,usdfwsn001,no
Gi3/41,usdfwsn002,no
Gi3/42,usdfwsn003,no
Gi3/43,notconnect,no
Gi3/44,usdfwsn004,no
Gi3/45,notconnect,no
Gi3/47,notconnect,no
Gi3/48,connection, 
Gi4/1,BAX-NETSCOUTNEWS,no
Gi4/2,UM-USDFAPCM1, 
Gi4/3,UM-USDFAPCM2,no
Gi4/4,BaxTKL,no
Gi4/5,MobileIron,no
Gi4/6,ILOWEBSENSEMANAGER,no
Gi4/7,ADFS,yes
Gi4/8,ADFS,yes
Gi4/10,notconnect,no
Gi4/11,notconnect,no
Gi4/14,TDF51MFIN03,no
Gi4/15,ILO,no
Gi4/16,Domino, 
Gi4/17,notconnect, 
Gi4/18,notconnect,no
Gi4/19,renal,no
Gi4/20,notconnect,no
Gi4/22,usdfcdp001, 
Gi4/23,notconnect,no
Gi4/24,notconnect,no
Gi4/25,BAX-ICCB2,no
Gi4/26,BAX-ICCB1,no
Gi4/27,BAX-FINWEB,no
Gi4/28,BAX-FINWEB,no
Gi4/29,BAX-FINWEB,no
Gi4/30,IDS, 
Gi4/31,USLAB1,no
Gi4/32,notconnect,no
Gi4/33,notconnect,no
Gi4/34,unused,no
Gi4/35,WEBSENSE,no
Gi4/36,Cisco,no
Gi4/37,notconnect,no
Gi4/38,notconnect,no
Gi4/39,notconnect,no
Gi4/43,BAX-IDS2, 
Gi4/44,Cisco,no
Gi4/45,iDLUSded01,no
Gi4/47,notconnect,no
Gi4/48,notconnect,no
Gi7/3,PKI,no
Gi7/4,ADFS, 
Gi7/5,ADFS, 
Gi7/6,ADFS,yes
Gi7/7,ADFS,yes
Gi7/8,notconnect,no
Gi7/9,notconnect, 
Gi7/10,notconnect,no
Gi7/11,FireEye,no
Gi7/12,FastFax,yes
Gi7/13,uALUSded05,no
Gi7/16,USDFNETWORKHYPRV1-,no
Gi7/17,Ironport,no
Gi7/19,IronPort,no
Gi7/20,USDFNETWORKHYPRV2-,no
Gi7/22,TDF51MGIB08,no
Gi7/23,notconnect,no
Gi7/24,RAPRT, 
Gi7/25,USDFCTMS01,no
Gi7/26,USDFDCG003, 
Gi7/27,USDFDCG003,no
Gi7/28,USDFDCG003-lo, 
Gi7/31,notconnect,no
Gi7/32,notconnect,no
Gi7/33,notconnect,no
Gi7/34,BAX-PROFILE,no
Gi7/35,CCURE,no
Gi7/36,USDFDCM003, 
Gi7/37,USDFDCM003, 
Gi7/38,USDFDCM003-R, 
Gi7/39,notconnect,no
Gi7/40,notconnect,no
Gi7/41,notconnect, 
Gi7/42,notconnect, 
Gi7/43,notconnect,no
Gi7/44,BAX-APP1,no
Gi7/45,notconnect,no
Gi7/46,notconnect,no
Gi7/48,notconnect, 
Gi8/1,notconnect,no
Gi8/2,notconnect,no
Gi8/3,TP-sALUSded73,no
Gi8/4,usdfv10kweb1, 
Gi8/5,usdfv10kweb2, 
Gi8/6,notconnect, 
Gi8/7,notconnect, 
Gi8/8,notconnect, 
Gi8/9,notconnect, 
Gi8/10,CIC, 
Gi8/11,notconnect,no
Gi8/12,notconnect,no
Gi8/13,notconnect,no
Gi8/14,notconnect, 
Gi8/15,notconnect,no
Gi8/16,Domino, 
Gi8/18,notconnect,no
Gi8/19,notconnect,no
Gi8/20,usdfapcvs01,no
Gi8/22,usdfapocs02,no
Gi8/23,usdfmail07,no
Gi8/24,usdfmail06,no
Gi8/25,FireEye,no
Gi8/26,usdfmail04,no
Gi8/27,usdfmail03,no
Gi8/28,notconnect,no
Gi8/29,notconnect,no
Gi8/30,notconnect,no
Gi8/31,notconnect,no
Gi8/32,notconnect,no
Gi8/33,notconnect,no
Gi8/34,notconnect,no
Gi8/35,notconnect,no
Gi8/36,notconnect,no
Gi8/37,notconnect,no
Gi8/38,notconnect,no
Gi8/39,notconnect,no
Gi8/42,notconnect,no
Gi8/47,notconnect,no
Gi8/48,notconnect,no
Gi9/1,notconnect,no
Gi9/2,USDFDCG001, 
Gi9/3,USDFAPP010,no
Gi9/4,notconnect, 
Gi9/5,notconnect,no
Gi9/6,notconnect, 
Gi9/7,notconnect, 
Gi9/8,notconnect, 
Gi9/9,notconnect, 
Gi9/10,notconnect,no
Gi9/11,notconnect, 
Gi9/12,notconnect, 
Gi9/13,notconnect, 
Gi9/14,notconnect,no
Gi9/15,notconnect,no
Gi9/16,notconnect,no
Gi9/17,notconnect,no
Gi9/18,CIC,no
Gi9/19,CIC,no
Gi9/21,notconnect,no
Gi9/24,CIC-NEW, 
Gi9/26,notconnect,no
Gi9/27,notconnect,no
Gi9/28,USDFSPLUNKFW005, 
Gi9/29,USDFSPLUNKFW005, 
Gi9/30,USDFSPLUNKFW006, 
Gi9/31,USDFSPLUNKFW006, 
Gi9/32,USDFSPLUNKFW005, 
Gi9/33,DMS,no
Gi9/34,DMS,no
Gi9/35,DMS,no
Gi9/36,DMS,no
Gi9/37,MXE3000,no
Gi9/38,MXE3000,no
Gi9/39,IPTV,no
Gi9/40,CiscoNetwkCollecto,no
Gi9/41,tCLUSded03, 
Gi9/43,IP/TV,no
Gi9/44,New, 
Gi9/45,notconnect,no
Gi9/46,Cisco, 
Gi9/47,notconnect,no
Po250,notconnect,no
Po251,notconnect,no
Interface,Description,Used
Gi1/0/1,IDF:,no
Gi1/0/7,IDF:,no
Gi1/0/8,IDF:,no
Gi1/0/11,IDF:,no
Gi1/0/17,IDF:,no
Gi1/0/19,IDF:,no
Gi1/0/20,IDF:,no
Gi1/0/21,IDF:,no
Gi1/0/23,IDF:,no
Gi1/0/28,IDF:,no
Gi1/0/29,IDF:,no
Gi1/0/30,IDF:,no
Gi1/0/31,IDF:,no
Gi1/0/32,IDF:,no
Gi1/0/37,IDF:,no
Gi1/0/40,IDF:,no
Gi1/0/43,IDF:,no
Gi1/0/44,IDF:,no
Gi1/1/1,notconnect,no
Gi1/1/2,notconnect,no
Te1/1/4,notconnect,no
Gi2/0/1,IDF:,no
Gi2/0/2,IDF:,no
Gi2/0/5,IDF:,no
Gi2/0/6,IDF:,no
Gi2/0/7,IDF:,no
Gi2/0/9,IDF:,no
Gi2/0/10,IDF:,no
Gi2/0/13,IDF:,no
Gi2/0/15,IDF:,yes
Gi2/0/17,IDF:, 
Gi2/0/19,IDF:,no
Gi2/0/20,IDF:,no
Gi2/0/22,IDF:,no
Gi2/0/23,IDF:,no
Gi2/0/24,IDF:,no
Gi2/0/26,IDF:,no
Gi2/0/27,IDF:,no
Gi2/0/28,IDF:,no
Gi2/0/31,IDF:,no
Gi2/0/32,IDF:,no
Gi2/0/33,IDF:,no
Gi2/0/34,IDF:,no
Gi2/0/35,IDF:,no
Gi2/0/36,IDF:,no
Gi2/0/37,IDF:,no
Gi2/0/38,IDF:,no
Gi2/0/39,IDF:,no
Gi2/0/41,IDF:,no
Gi2/0/44,IDF:,no
Gi2/0/45,IDF:,no
Gi2/0/47,IDF:,no
Gi3/0/1,IDF:,no
Gi3/0/2,IDF:,no
Gi3/0/3,IDF:,no
Gi3/0/4,IDF:,no
Gi3/0/6,IDF:,no
Gi3/0/9,IDF:,no
Gi3/0/14,IDF:,no
Gi3/0/16,IDF:,no
Gi3/0/17,IDF:,no
Gi3/0/18,IDF:,no
Gi3/0/19,IDF:,no
Gi3/0/20,IDF:,no
Gi3/0/21,IDF:,no
Gi3/0/22,IDF:,no
Gi3/0/23,IDF:,no
Gi3/0/24,IDF:,no
Gi3/0/25,IDF:,no
Gi3/0/26,IDF:,no
Gi3/0/27,IDF:,no
Gi3/0/28,IDF:,no
Gi3/0/30,IDF:,no
Gi3/0/31,IDF:,no
Gi3/0/33,IDF:,no
Gi3/0/35,IDF:,no
Gi3/0/36,IDF:,no
Gi3/0/37,IDF:,no
Gi3/0/38,IDF:,no
Gi3/0/39,IDF:,no
Gi3/0/41,IDF:,no
Gi3/0/43,IDF:,no
Gi3/0/44,IDF:,no
Gi3/0/47,IDF:,no
Gi3/1/1,notconnect,no
Gi3/1/2,notconnect,no
Te3/1/4,notconnect,no
