Interface,Description,Used
Gi1/3,oCLUSnad98,no
Gi1/4,oCLUSnad98,no
Gi1/5,Blu,yes
Gi1/9,L2, 
Gi1/10,L2, 
Gi1/12,NTAP, 
Gi1/13,SQL, 
Gi1/14,SQL, 
Gi1/15,NTAP, 
Gi1/16,SQL, 
Gi1/18,Hyperion, 
Gi1/19,Hyperion, 
Gi1/20,Cognos, 
Gi1/21,Cognos, 
Gi1/22,LogLogic, 
Gi1/23,LogLogic, 
Gi1/24,Nuvo, 
Gi1/25,RSA-ECAT, 
Gi1/27,McAfee-AV, 
Gi1/29,LogLogic, 
Gi1/30,CIC, 
Gi1/31,CIC, 
Gi1/32,CIC, 
Gi1/33,CIC, 
Gi1/34,CIC, 
Gi1/46,IPT, 
Gi1/47,LogLogic, 
Gi1/48,PROD,no
Gi2/3,oCLUSnad98,no
Gi2/7,R,no
Gi2/9,L2, 
Gi2/10,L2, 
Gi2/11,UCS, 
Gi2/12,Hyp, 
Gi2/15,DLP, 
Gi2/16,DLP, 
Gi2/17,DLP, 
Gi2/18,NTAP, 
Gi2/19,NTAP, 
Gi2/20,LogLogic, 
Gi2/21,PrntSrvr,yes
Gi2/25,iManage, 
Gi2/26,iManage, 
Gi2/28,DLP, 
Gi2/29,DLP, 
Gi2/30,DLP, 
Gi2/31,DLP, 
Gi2/32,Blu, 
Gi2/33,Citrix, 
Gi2/34,I3, 
Gi2/35,Varonis, 
Gi2/37,USDFBRO3a,no
Gi2/38,FastTrack, 
Gi2/39,vBrick,no
Gi2/40,vBrick,no
Gi2/41,vBrick,no
Gi2/43,Dell,no
Gi2/44,CITRIX, 
Gi2/45,CITRIX,no
Gi2/46,CITRIX, 
Gi2/47,CITRIX, 
Gi2/48,CITRIX, 
Gi3/1,USDFSFTPEPT001,yes
Gi3/2,USDFSFTPEPT002,yes
Gi3/3,USDFSFTPME001,yes
Gi3/4,USDFSFTPME002,yes
Gi3/5,USDFSFTPSQL001,no
Gi3/6,USDFSFTPSQL002,no
Gi3/7,SFTP,yes
Gi3/8,SFTP,yes
Gi3/9,vBrick,no
Gi3/10,vBrick,no
Gi3/13,QA, 
Gi3/14,QA, 
Gi3/15,QA, 
Gi3/16,QA, 
Gi3/17,QA, 
Gi3/18,QA, 
Gi3/19,QA, 
Gi3/20,QA, 
Gi3/21,Citrix, 
Gi3/25,CIC,no
Gi3/26,NetBackup, 
Gi3/28,MS-DFS, 
Gi3/29,MS-DFS, 
Gi3/30,DEV, 
Gi3/31,DEV, 
Gi3/32,DEV, 
Gi3/33,DEV, 
Gi3/35,Trunk, 
Gi3/36,Trunk, 
Gi3/37,DLP, 
Gi3/38,DLP, 
Gi3/39,DLP, 
Gi3/40,DLP, 
Gi3/46,Netwitness,yes
Gi4/1,SLB-PROD, 
Gi4/2,SLB-PROD, 
Gi4/4,Trunk, 
Gi4/5,Trunk, 
Gi4/7,vBrick,no
Gi4/9,FireEye,no
Gi4/13,Citrix, 
Gi4/14,Citrix, 
Gi4/15,Citrix, 
Gi4/16,Citrix, 
Gi4/17,Citrix, 
Gi4/18,Citrix, 
Gi4/19,Citrix, 
Gi4/20,Citrix, 
Gi4/22,Trunk, 
Gi4/23,Trunk, 
Gi4/25,DBAXHPA905, 
Gi4/26,NAS_PROD, 
Gi4/27,Nuvo, 
Gi4/31,NAS_PROD, 
Gi4/32,NAS_PROD, 
Gi4/33,NAS_PROD, 
Gi4/34,NAS_PROD, 
Gi4/35,NAS_PROD, 
Gi4/36,NAS_PROD, 
Gi7/1,USBDSFTPEFT001,yes
Gi7/2,USBDSFTPEFT002,yes
Gi7/3,USBDSFTPME001,yes
Gi7/4,USBDSFTPMEP002,yes
Gi7/5,USBDSFTPSQL001,yes
Gi7/6,USBDSFTPSQL002,no
Gi7/7,USBDSFTPDMZEFT001,no
Gi7/8,USBDSFTPDMZEFT002,yes
Gi7/10,Trunk, 
Gi7/11,Trunk,yes
Gi7/13,AVAMAR, 
Gi7/14,vBrick,no
Gi8/1,Backup, 
Gi8/2,Backup, 
Gi8/3,Backup, 
Gi8/4,Backup, 
Gi8/5,Backup, 
Gi8/6,notconnect, 
Gi8/7,Nuvo, 
Gi8/10,Netbackup, 
Gi8/11,Netbackup, 
Gi8/12,Netbackup, 
Gi8/13,Netbackup, 
Gi8/14,Netbackup, 
Gi8/15,Netbackup, 
Gi8/16,Netbackup, 
Gi8/21,Backup, 
Gi8/22,Backup, 
Gi8/23,Backup, 
Gi8/24,Backup, 
Gi8/25,Backup, 
Gi8/26,Backup, 
Gi8/27,Backup, 
Gi8/28,Backup, 
Gi8/29,IPT, 
Gi8/37,LogLogic, 
Gi8/44,AVAMAR,no
Gi8/46,Backup,no
Gi8/47,Netwitness,yes
Gi9/1,iLo/Mgmt, 
Gi9/2,iLo/Mgmt, 
Gi9/3,iLo/Mgmt, 
Gi9/4,iLo/Mgmt, 
Gi9/5,iLo/Mgmt, 
Gi9/6,DF, 
Gi9/7,Nuvo, 
Gi9/8,McAfee-AV, 
Gi9/9,McAfee-AV, 
Gi9/10,Netbackup, 
Gi9/11,Netbackup, 
Gi9/13,iLo/Mgmt,yes
Gi9/14,iLo/Mgmt,yes
Gi9/15,iLo/Mgmt, 
Gi9/16,MS-DFS, 
Gi9/17,iLo/Mgmt, 
Gi9/18,iLo/Mgmt, 
Gi9/19,iLo/Mgmt, 
Gi9/21,DF, 
Gi9/22,I3, 
Gi9/23,Varonis, 
Gi9/24,Varonis, 
Gi9/25,NAS, 
Gi9/26,NAS, 
Gi9/27,iLo/Mgmt, 
Gi9/28,iLo/Mgmt, 
Gi9/29,iLo/Mgmt, 
Gi9/30,iLo/Mgmt, 
Gi9/31,iLo/Mgmt, 
Gi9/38,IPT, 
Gi9/39,DLP, 
Gi9/40,DLP, 
Gi9/41,DLP, 
Gi9/42,DLP, 
Gi9/43,DLP, 
Gi9/47,DLP, 
Gi9/48,Varonis, 
Po11,L2,no
Po13,L2,no
Po12,L2,no
Po113,L2,no
Po213,L2,no
Po240,3x1GE,no
