Interface,Description,Used
Gi1/4,IDF:, 
Gi1/5,IDF:, 
Gi1/12,IDF:,no
Gi1/13,IDF:,no
Gi1/24,IDF:, 
Gi1/30,IDF:,no
Gi1/37,IDF:,no
Gi1/38,IDF:,no
Gi1/39,IDF:, 
Gi1/42,IDF:,no
Gi1/43,IDF:,no
Gi1/44,IDF:,no
Gi2/10,IDF:,no
Gi2/39,IDF:, 
Gi2/40,IDF:, 
Gi2/41,IDF:, 
Gi2/42,IDF:,no
Gi2/43,IDF:,no
Gi2/44,IDF:, 
Te3/2,notconnect,no
Te3/3,notconnect,no
Te3/4,notconnect,no
Te4/2,notconnect,no
Te4/3,notconnect,no
Te4/4,notconnect,no
Gi5/3,IDF:, 
Gi5/11,IDF:,no
Gi5/17,IDF:, 
Gi5/26,IDF:, 
Gi5/31,IDF:,yes
Gi5/33,IDF:,no
Gi5/34,IDF:,no
Gi5/35,IDF:,no
Gi5/37,IDF:, 
Gi5/39,IDF:,no
Gi5/40,IDF:,no
Gi5/43,IDF:,no
Gi5/44,IDF:, 
Gi5/45,IDF:,no
Gi5/46,IDF:,no
Gi5/47,IDF:, 
Gi5/48,IDF:,no
Gi6/4,IDF:,no
Gi6/5,IDF:,no
Gi6/7,IDF:,yes
Gi6/8,IDF:,no
Gi6/9,IDF:,no
Gi6/10,IDF:,no
Gi6/11,IDF:,no
Gi6/12,IDF:,no
Gi6/28,IDF:,no
Gi6/34,IDF:,no
Gi6/35,IDF:,no
Gi6/36,IDF:,no
Gi6/37,IDF:,no
Gi6/40,IDF:, 
Gi6/41,IDF:, 
Gi6/45,IDF:,no
Gi6/46,IDF:,no
Gi6/47,IDF:,no
Gi6/48,IDF:,no
