Interface,Description,Used
Fa1/0/2,notconnect,no
Fa1/0/3,connection,no
Fa1/0/4,connection,no
Fa1/0/5,connection,no
Fa1/0/7,notconnect,no
Fa1/0/8,CNR,no
Fa1/0/9,connection,no
Fa1/0/10,connection,no
Fa1/0/11,connection,no
Fa1/0/13,notconnect,no
Fa1/0/14,notconnect,no
Fa1/0/15,notconnect,no
Fa1/0/16,IPS,no
Fa1/0/17,Fenwal-7206-g0/1,no
Fa1/0/18,notconnect,no
Fa1/0/19,notconnect,no
Fa1/0/20,notconnect,no
Fa1/0/21,notconnect,no
Fa1/0/22,notconnect,no
Fa1/0/23,Connection,no
Fa1/0/24,notconnect,no
Fa1/0/25,CNR_VM:10.10.106.1,no
Fa1/0/26,CNR_VM:10.10.106.1,no
Fa1/0/27,notconnect,no
Fa1/0/28,notconnect,no
Fa1/0/29,notconnect,no
Fa1/0/30,notconnect,no
Fa1/0/31,notconnect,no
Fa1/0/32,notconnect,no
Fa1/0/33,notconnect,no
Fa1/0/34,notconnect,no
Fa1/0/36,rILUSded13,no
Fa1/0/37,notconnect,no
Fa1/0/38,notconnect,no
Fa1/0/39,notconnect,no
Fa1/0/40,notconnect,no
Fa1/0/41,notconnect,no
Fa1/0/42,connection,no
Fa1/0/43,notconnect,no
Fa1/0/44,notconnect,no
Fa1/0/45,connection,no
Fa1/0/46,connection,no
Po2,Port-channel,no
