Interface,Description,Used
Gi1/10,IDF:,no
Gi1/17,IDF:,no
Gi1/19,IDF:,no
Gi1/21,IDF:,no
Gi1/22,IDF:,no
Gi1/24,IDF:,no
Gi1/25,IDF:,no
Gi1/29,IDF:, 
Gi1/30,IDF:, 
Gi1/31,IDF:, 
Gi1/35,IDF:, 
Gi1/36,IDF:,no
Gi2/1,IDF:, 
Gi2/3,IDF:, 
Gi2/5,IDF:, 
Gi2/6,IDF:, 
Gi2/7,IDF:, 
Gi2/8,IDF:,no
Gi2/9,IDF:,no
Gi2/10,IDF:,no
Gi2/11,IDF:, 
Gi2/12,IDF:, 
Gi2/16,IDF:, 
Gi2/21,IDF:,yes
Gi2/23,IDF:, 
Gi2/30,IDF:,no
Gi2/35,IDF:,no
Gi2/37,IDF:, 
Gi2/38,IDF:, 
Gi2/39,IDF:, 
Gi2/41,IDF:,no
Gi2/42,IDF:, 
Gi2/43,IDF:,no
Gi2/44,IDF:, 
Gi2/46,IDF:, 
Te3/2,notconnect,no
Te3/3,notconnect,no
Te3/4,notconnect,no
Te4/2,notconnect,no
Te4/3,notconnect,no
Te4/4,notconnect,no
Gi5/1,IDF:, 
Gi5/4,IDF:,yes
Gi5/8,IDF:,no
Gi5/11,IDF:,yes
Gi5/15,IDF:, 
Gi5/17,IDF:,no
Gi5/19,IDF:,no
Gi5/23,IDF:,yes
Gi5/25,IDF:,yes
Gi5/26,IDF:,no
Gi5/27,IDF:,no
Gi5/28,IDF:,no
Gi5/29,IDF:,no
Gi5/30,IDF:,no
Gi5/31,IDF:,no
Gi5/32,IDF:,no
Gi5/35,IDF:,no
Gi5/36,IDF:,no
Gi5/37,IDF:,no
Gi5/38,IDF:, 
Gi5/39,IDF:,no
Gi5/40,IDF:, 
Gi5/41,IDF:,no
Gi5/42,IDF:, 
Gi5/43,IDF:,no
Gi5/44,IDF:,no
Gi5/45,IDF:,no
Gi5/46,IDF:, 
Gi6/1,IDF:, 
Gi6/2,IDF:,no
Gi6/5,IDF:,no
Gi6/6,IDF:,no
Gi6/7,IDF:,no
Gi6/8,IDF:,no
Gi6/9,IDF:,no
Gi6/10,IDF:,no
Gi6/12,IDF:,no
Gi6/13,IDF:, 
Gi6/14,IDF:,no
Gi6/15,IDF:,no
Gi6/16,IDF:,no
Gi6/17,IDF:,no
Gi6/18,IDF:,no
Gi6/19,IDF:,no
Gi6/20,IDF:,no
Gi6/21,IDF:,no
Gi6/22,IDF:,no
Gi6/23,IDF:,no
Gi6/24,IDF:,no
Gi6/27,IDF:,no
Gi6/28,IDF:,no
Gi6/29,IDF:,no
Gi6/30,IDF:,no
Gi6/31,IDF:,no
Gi6/32,IDF:, 
Gi6/33,IDF:,no
Gi6/34,IDF:,no
Gi6/36,IDF:,no
Gi6/38,IDF:,no
Gi6/39,IDF:, 
Gi6/40,IDF:,no
Gi6/41,IDF:, 
Gi6/42,IDF:,no
Gi6/43,IDF:, 
Gi6/44,IDF:,no
Gi6/45,IDF:,no
Gi6/46,IDF:,no
Gi6/47,IDF:,no
Gi6/48,IDF:, 
