Interface,Description,Used
Gi1/3,oCLUSnad99,no
Gi1/4,oCLUSnad99,no
Gi1/5,Var_Web, 
Gi1/9,L2, 
Gi1/10,L2, 
Gi1/12,NTAP, 
Gi1/13,SQL,no
Gi1/14,SQL,no
Gi1/15,NTAP, 
Gi1/16,SQL,no
Gi1/18,SQL, 
Gi1/19,SQL, 
Gi1/20,SQL,no
Gi1/21,SQL,yes
Gi1/24,Nuvo, 
Gi1/25,CCURE,no
Gi1/26,McAfee-AV,no
Gi1/27,McAfee-AV,no
Gi1/30,CIC, 
Gi1/31,CIC, 
Gi1/32,CIC, 
Gi1/33,CIC, 
Gi1/34,CIC, 
Gi1/47,PROD,no
Gi2/3,oCLUSnad99,no
Gi2/7,CIC, 
Gi2/9,L2, 
Gi2/10,L2, 
Gi2/11,UCS, 
Gi2/12,Blu, 
Gi2/13,DLP,no
Gi2/14,DLP,no
Gi2/15,DLP,no
Gi2/16,DLP,no
Gi2/17,Blu, 
Gi2/18,NTAP, 
Gi2/19,NTAP, 
Gi2/20,LogLogic, 
Gi2/21,PrntSrvr, 
Gi2/25,iManage, 
Gi2/26,iManage, 
Gi2/28,DLP, 
Gi2/29,DLP, 
Gi2/31,DLP, 
Gi2/32,notconnect,no
Gi2/35,Varonis, 
Gi2/37,USDFBRC02A:10.8.20, 
Gi2/38,USDFBRCO3b, 
Gi2/39,vBrick,no
Gi2/40,vBrick,no
Gi2/41,vBrick,no
Gi2/43,PROD,no
Gi2/44,CITRIX, 
Gi2/45,CITRIX, 
Gi2/46,CITRIX, 
Gi2/47,CITRIX, 
Gi2/48,CITRIX, 
Gi3/1,USDFSFTPEFT001,yes
Gi3/2,USDFSFTPEFT002,yes
Gi3/3,USDFSFTPME001,yes
Gi3/4,USDFSFTPMEP001,yes
Gi3/5,USDFSFTPSQL001,no
Gi3/6,USDFSFTPSQL002,no
Gi3/7,SFTP,yes
Gi3/8,SFTP,yes
Gi3/9,vBrick,no
Gi3/10,vBrick,no
Gi3/13,QA, 
Gi3/14,QA, 
Gi3/15,QA, 
Gi3/16,QA, 
Gi3/17,QA, 
Gi3/18,QA, 
Gi3/19,QA, 
Gi3/20,QA, 
Gi3/21,Citrix, 
Gi3/25,CIC,no
Gi3/26,DEV,no
Gi3/27,NetBackup, 
Gi3/28,DEV,no
Gi3/33,NetWittness,yes
Gi3/35,Trunk, 
Gi3/36,Trunk, 
Gi3/41,NetWittness,yes
Gi3/46,Netwitness,yes
Gi4/1,SLB-PROD, 
Gi4/2,SLB-PROD, 
Gi4/4,Trunk, 
Gi4/5,Trunk, 
Gi4/7,vBrick,no
Gi4/13,Citrix, 
Gi4/14,Citrix, 
Gi4/15,Citrix, 
Gi4/16,Citrix, 
Gi4/17,Citrix, 
Gi4/18,Citrix, 
Gi4/19,Citrix, 
Gi4/20,Citrix, 
Gi4/22,Trunk, 
Gi4/23,Trunk, 
Gi4/24,notconnect,no
Gi4/25,DBAXHPA905, 
Gi4/26,NAS_PROD, 
Gi4/27,Nuvo, 
Gi4/28,Testing,no
Gi4/31,NAS_PROD, 
Gi4/32,NAS_PROD, 
Gi4/33,NAS_PROD, 
Gi4/34,NAS_PROD, 
Gi4/35,NAS_PROD, 
Gi4/36,NAS_PROD, 
Gi7/10,Trunk, 
Gi7/11,Trunk, 
Gi7/13,AVAMAR,no
Gi7/14,vBrick,no
Gi7/25,FireEye,no
Gi8/1,Backup, 
Gi8/2,Backup, 
Gi8/3,Backup,no
Gi8/4,Backup, 
Gi8/6,notconnect,no
Gi8/7,Nuvo, 
Gi8/8,McAfee-AV, 
Gi8/9,McAfee-AV,no
Gi8/10,Netbackup, 
Gi8/11,Netbackup, 
Gi8/12,Netbackup, 
Gi8/13,Netbackup, 
Gi8/14,Netbackup,no
Gi8/15,Netbackup,no
Gi8/16,Netbackup,no
Gi8/18,LogLogic,no
Gi8/19,L2,no
Gi8/20,L2,no
Gi8/21,L2,no
Gi8/22,iManage, 
Gi8/23,iManage, 
Gi8/25,Backup, 
Gi8/26,Backup, 
Gi8/27,Backup, 
Gi8/28,Backup, 
Gi8/30,IPT,no
Gi8/35,LogLogic, 
Gi8/36,LogLogic, 
Gi8/37,USDFSFTPEFT001,no
Gi8/38,USDFSFTPEFT002,yes
Gi8/39,USDFSFTPME001,yes
Gi8/40,USDFSFTPMEP002,yes
Gi8/41,USDFSFTPSQL001,yes
Gi8/42,USDFSFTPSQL002,no
Gi8/43,USDFSFTPDMZEFT001,no
Gi8/44,USDFSFTPDMZEFT002,no
Gi8/45,vBrick,no
Gi8/46,vBrick,no
Gi8/47,Netwitness,yes
Gi8/48,Netwitness,yes
Gi9/1,iLo/Mgmt, 
Gi9/2,iLo/Mgmt, 
Gi9/3,iLo/Mgmt, 
Gi9/7,Nuvo, 
Gi9/8,MS-DFS, 
Gi9/9,DF, 
Gi9/10,DF, 
Gi9/11,vBrick,no
Gi9/12,vBrick,no
Gi9/13,Var_Web, 
Gi9/15,CIC,no
Gi9/16,CIC, 
Gi9/17,CIC, 
Gi9/18,CIC, 
Gi9/19,CIC, 
Gi9/20,CIC, 
Gi9/21,Hyp, 
Gi9/22,iManage, 
Gi9/23,iManage, 
Gi9/25,DLP, 
Gi9/26,DLP, 
Gi9/27,DLP,no
Gi9/28,DLP, 
Gi9/29,DLP, 
Gi9/30,Blu, 
Gi9/31,Blu, 
Gi9/35,IPT, 
Gi9/37,LogLogic, 
Gi9/38,Blu, 
Gi9/39,DLP,no
Gi9/40,DLP,no
Gi9/41,DLP,no
Gi9/42,DLP, 
Gi9/43,NTAP, 
Gi9/44,PrntSrvr, 
Gi9/45,FastTrack, 
Gi9/46,RSA-ECAT,no
Gi9/47,Blu,no
Po13,L2,no
Po14,L2,no
Po114,L2,no
Po214,L2,no
Po241,3x1GE,no
