Interface,Description,Used
Gi1/2,IDF:,no
Gi1/8,IDF:,no
Gi1/9,IDF:,no
Gi1/10,IDF:,no
Gi1/16,IDF:,no
Gi1/17,IDF:, 
Gi1/18,IDF:,yes
Gi1/20,IDF:, 
Gi1/21,IDF:, 
Gi1/22,IDF:, 
Gi1/23,IDF:,no
Gi1/30,IDF:, 
Gi1/31,IDF:, 
Gi1/33,IDF:, 
Gi1/34,IDF:, 
Gi1/35,IDF:, 
Gi1/36,IDF:, 
Gi1/37,IDF:,no
Gi1/38,IDF:, 
Gi1/39,IDF:, 
Gi1/40,IDF:, 
Gi1/42,IDF:, 
Gi1/43,IDF:,yes
Gi1/44,IDF:, 
Gi2/1,IDF:, 
Gi2/2,IDF:, 
Gi2/3,IDF:, 
Gi2/4,IDF:, 
Gi2/5,IDF:, 
Gi2/6,IDF:, 
Gi2/7,IDF:, 
Gi2/8,IDF:, 
Gi2/9,IDF:, 
Gi2/10,IDF:, 
Gi2/11,IDF:, 
Gi2/12,IDF:, 
Gi2/16,IDF:, 
Gi2/23,IDF:, 
Gi2/30,IDF:, 
Gi2/37,IDF:, 
Gi2/38,IDF:, 
Gi2/39,IDF:, 
Gi2/40,IDF:, 
Gi2/42,IDF:,no
Gi2/45,IDF:, 
Gi3/1,IDF:, 
Gi3/8,IDF:, 
Gi3/15,IDF:, 
Gi3/22,IDF:,no
Gi3/25,IDF:,yes
Gi3/26,IDF:,no
Gi3/34,IDF:,no
Gi3/38,IDF:, 
Gi3/39,IDF:, 
Gi3/40,IDF:,no
Gi3/41,IDF:, 
Gi3/42,IDF:, 
Gi3/43,IDF:, 
Gi3/44,IDF:, 
Gi3/45,IDF:,no
Gi3/46,IDF:, 
Gi3/48,IDF:, 
Gi4/3,IDF:,no
Gi4/4,IDF:,no
Gi4/5,IDF:,no
Gi4/6,IDF:,no
Gi4/7,IDF:,no
Gi4/8,IDF:,no
Gi4/9,IDF:,no
Gi4/10,IDF:,no
Gi4/11,IDF:,no
Gi4/12,IDF:,no
Gi4/13,IDF:,no
Gi4/14,IDF:,no
Gi4/15,IDF:,no
Gi4/16,IDF:,no
Gi4/17,IDF:,no
Gi4/18,IDF:,no
Gi4/19,IDF:,no
Gi4/20,IDF:,no
Gi4/21,IDF:,no
Gi4/22,IDF:,no
Gi4/23,IDF:,no
Gi4/24,IDF:,no
Gi4/25,IDF:,no
Gi4/26,IDF:,no
Gi4/27,IDF:,no
Gi4/28,IDF:,no
Gi4/29,IDF:,no
Gi4/30,IDF:,no
Gi4/31,IDF:,no
Gi4/32,IDF:,no
Gi4/33,IDF:,no
Gi4/34,IDF:,no
Gi4/35,IDF:,no
Gi4/36,IDF:,no
Gi4/37,IDF:,no
Gi4/38,IDF:,no
Gi4/39,IDF:,no
Gi4/40,IDF:,no
Gi4/41,IDF:,no
Gi4/42,IDF:,no
Gi4/43,IDF:,no
Gi4/44,IDF:,no
Gi4/45,IDF:,no
Te5/2,notconnect,no
Te5/3,notconnect,no
Te5/4,notconnect,no
Te6/2,notconnect,no
Te6/3,notconnect,no
Te6/4,notconnect,no
