Interface,Description,Used
Gi1/0/1,IDF:,no
Gi1/0/21,IDF:, 
Gi1/0/22,IDF:, 
Gi1/0/30,IDF:,no
Gi1/0/31,IDF:,no
Gi1/0/32,IDF:, 
Gi1/0/34,IDF:, 
Gi1/0/36,IDF:, 
Gi1/0/37,IDF:,no
Gi1/0/38,IDF:, 
Gi1/0/39,IDF:, 
Gi1/0/40,IDF:, 
Gi1/0/41,IDF:, 
Gi1/0/42,IDF:, 
Gi1/1/1,notconnect,no
Gi1/1/2,notconnect,no
Te1/1/4,notconnect,no
Gi2/0/2,IDF:, 
Gi2/0/3,IDF:, 
Gi2/0/4,IDF:, 
Gi2/0/5,IDF:, 
Gi2/0/6,IDF:,no
Gi2/0/13,IDF:,no
Gi2/0/16,IDF:, 
Gi2/0/17,IDF:, 
Gi2/0/22,IDF:, 
Gi2/0/23,IDF:, 
Gi2/0/25,IDF:, 
Gi2/0/27,IDF:,no
Gi2/0/31,IDF:,no
Gi2/0/32,IDF:,yes
Gi2/0/36,IDF:, 
Gi2/0/37,IDF:,no
Gi2/0/38,IDF:, 
Gi2/0/39,IDF:, 
Gi2/0/40,IDF:,no
Gi2/0/41,IDF:,no
Gi2/0/42,IDF:, 
Gi2/0/43,IDF:,no
Gi2/0/44,IDF:,no
Gi3/0/9,IDF:,no
Gi3/0/14,IDF:,no
Gi3/0/15,IDF:,yes
Gi3/0/19,IDF:,no
Gi3/0/21,IDF:,no
Gi3/0/22,IDF:,no
Gi3/0/23,IDF:, 
Gi3/0/24,IDF:,no
Gi3/0/28,IDF:,no
Gi3/0/32,IDF:,no
Gi3/0/34,IDF:,no
Gi3/0/35,IDF:,no
Gi3/0/37,IDF:, 
Gi3/0/40,IDF:,no
Gi3/0/41,IDF:,no
Gi3/0/42,IDF:,no
Gi3/0/43,IDF:,no
Gi3/0/44,IDF:,no
Gi3/0/47,IDF:,no
Gi3/0/48,IDF:,no
Gi3/1/1,notconnect,no
Gi3/1/2,notconnect,no
Te3/1/4,notconnect,no
