Interface,Description,Used
Gi1/1,IDF:,no
Gi1/2,IDF:,no
Gi1/4,IDF:,no
Gi1/8,IDF:,no
Gi1/10,IDF:,no
Gi1/12,IDF:,no
Gi1/13,IDF:,no
Gi1/15,IDF:,no
Gi1/16,IDF:,no
Gi1/17,IDF:,no
Gi1/21,IDF:,no
Gi1/22,IDF:,no
Gi1/23,IDF:,no
Gi1/26,IDF:,no
Gi1/27,IDF:,no
Gi1/28,IDF:,no
Gi1/29,IDF:,no
Gi1/30,IDF:,no
Gi1/31,IDF:,no
Gi1/32,IDF:,no
Gi1/33,IDF:,no
Gi1/36,IDF:,no
Gi1/40,IDF:,no
Gi1/41,IDF:,no
Gi1/42,IDF:,no
Gi1/43,IDF:,no
Gi1/44,IDF:,no
Gi1/47,IDF:,no
Gi1/48,IDF:,no
Gi2/1,IDF:,no
Gi2/3,IDF:,no
Gi2/10,IDF:,no
Gi2/12,IDF:,no
Gi2/13,IDF:,no
Gi2/14,IDF:,no
Gi2/18,IDF:,no
Gi2/19,IDF:,no
Gi2/20,IDF:,no
Gi2/21,IDF:,no
Gi2/22,IDF:,no
Gi2/23,IDF:, 
Gi2/24,IDF:, 
Gi2/25,IDF:,no
Gi2/27,IDF:,no
Gi2/28,IDF:,no
Gi2/31,IDF:,no
Gi2/35,IDF:,no
Gi2/37,IDF:,no
Gi2/38,IDF:,no
Gi2/39,IDF:,no
Gi2/40,IDF:,no
Gi2/41,IDF:,no
Gi2/42,IDF:,no
Gi2/43,IDF:,no
Gi2/44,IDF:,no
Te3/2,notconnect,no
Te3/3,notconnect,no
Te3/4,notconnect,no
Te4/2,notconnect,no
Te4/3,notconnect,no
Te4/4,notconnect,no
Gi5/1,IDF:,no
Gi5/2,IDF:,no
Gi5/3,IDF:,yes
Gi5/4,IDF:,no
Gi5/5,IDF:,no
Gi5/7,IDF:,no
Gi5/8,IDF:,no
Gi5/9,IDF:,no
Gi5/10,IDF:,no
Gi5/11,IDF:,no
Gi5/12,IDF:,no
Gi5/13,IDF:,no
Gi5/15,IDF:,no
Gi5/16,IDF:,no
Gi5/18,IDF:,no
Gi5/20,IDF:,no
Gi5/21,IDF:,no
Gi5/22,IDF:,no
Gi5/23,IDF:,yes
Gi5/24,IDF:,no
Gi5/25,IDF:,no
Gi5/26,IDF:,no
Gi5/27,IDF:,no
Gi5/28,IDF:,no
Gi5/29,IDF:,yes
Gi5/30,IDF:,no
Gi5/31,IDF:,no
Gi5/32,IDF:,no
Gi5/33,IDF:,no
