Interface,Description,Used
Gi1/0/1,IDF:,no
Gi1/0/2,IDF:,no
Gi1/0/3,IDF:,no
Gi1/0/6,IDF:,no
Gi1/0/7,IDF:,no
Gi1/0/9,IDF:,yes
Gi1/0/10,IDF:, 
Gi1/0/11,IDF:,no
Gi1/0/12,IDF:,no
Gi1/0/13,IDF:,no
Gi1/0/15,IDF:,no
Gi1/0/16,IDF:,no
Gi1/0/17,IDF:,no
Gi1/0/19,IDF:,no
Gi1/0/21,IDF:,no
Gi1/0/22,IDF:,no
Gi1/0/27,IDF:,no
Gi1/0/28,IDF:,no
Gi1/0/34,IDF:,no
Gi1/0/36,IDF:,no
Gi1/0/37,IDF:,no
Gi1/0/38,IDF:,no
Gi1/0/40,IDF:,no
Gi1/0/41,IDF:,yes
Gi1/0/42,IDF:,yes
Gi1/0/46,IDF:,no
Gi1/0/47,IDF:,no
Gi1/1/1,notconnect,no
Gi1/1/2,notconnect,no
Gi2/0/1,IDF:,no
Gi2/0/2,IDF:,no
Gi2/0/3,IDF:,no
Gi2/0/4,IDF:,no
Gi2/0/10,IDF:,no
Gi2/0/14,IDF:,yes
Gi2/0/15,IDF:,no
Gi2/0/16,IDF:,no
Gi2/0/17,IDF:,no
Gi2/0/18,IDF:,yes
Gi2/0/19,IDF:,no
Gi2/0/21,IDF:,no
Gi2/0/22,IDF:,no
Gi2/0/23,IDF:,no
Gi2/0/25,IDF:,no
Gi2/0/27,IDF:,no
Gi2/0/29,IDF:,no
Gi2/0/30,IDF:,no
Gi2/0/34,IDF:,no
Gi2/0/37,IDF:,no
Gi2/0/38,IDF:,no
Gi2/0/42,IDF:, 
Gi2/0/43,IDF:,no
Gi2/0/44,IDF:,no
Gi3/0/2,IDF:,no
Gi3/0/3,IDF:,no
Gi3/0/4,IDF:,no
Gi3/0/5,IDF:,no
Gi3/0/7,IDF:,no
Gi3/0/8,IDF:,no
Gi3/0/9,IDF:,no
Gi3/0/10,IDF:,no
Gi3/0/12,IDF:,no
Gi3/0/13,IDF:,no
Gi3/0/14,IDF:,no
Gi3/0/15,IDF:,no
Gi3/0/16,IDF:,no
Gi3/0/17,IDF:,no
Gi3/0/18,IDF:,no
Gi3/0/19,IDF:,no
Gi3/0/20,IDF:,no
Gi3/0/21,IDF:,no
Gi3/0/22,IDF:,no
Gi3/0/23,IDF:,no
Gi3/0/24,IDF:,no
Gi3/0/27,IDF:,no
Gi3/0/28,IDF:,no
Gi3/0/29,IDF:,no
Gi3/0/30,IDF:,no
Gi3/0/31,IDF:,no
Gi3/0/32,IDF:,no
Gi3/0/33,IDF:,no
Gi3/0/34,IDF:,no
Gi3/0/40,IDF:,no
Gi3/0/41,IDF:,no
Gi3/0/43,IDF:,no
Gi3/0/44,IDF:,no
Gi4/0/2,IDF:,no
Gi4/0/3,IDF:,no
Gi4/0/4,IDF:,no
Gi4/0/5,IDF:,no
Gi4/0/6,IDF:,no
Gi4/0/7,IDF:,no
Gi4/0/8,IDF:,no
Gi4/0/9,IDF:,no
Gi4/0/10,IDF:,no
Gi4/0/11,IDF:,no
Gi4/0/12,IDF:,no
Gi4/0/13,IDF:,no
Gi4/0/14,IDF:,no
Gi4/0/15,IDF:,no
Gi4/0/16,IDF:,no
Gi4/0/17,IDF:,no
Gi4/0/18,IDF:,no
Gi4/0/19,IDF:,no
Gi4/0/20,IDF:,no
Gi4/0/21,IDF:,no
Gi4/0/22,IDF:,no
Gi4/0/23,IDF:,no
Gi4/0/24,IDF:,no
Gi4/0/25,IDF:,no
Gi4/0/26,IDF:,no
Gi4/0/27,IDF:,no
Gi4/0/28,IDF:,no
Gi4/0/29,IDF:,no
Gi4/0/30,IDF:,no
Gi4/0/31,IDF:,no
Gi4/0/32,IDF:,no
Gi4/0/33,IDF:,no
Gi4/0/34,IDF:,no
Gi4/0/35,IDF:,no
Gi4/0/36,IDF:,no
Gi4/0/37,IDF:,no
Gi4/0/38,IDF:,no
Gi4/0/39,IDF:,no
Gi4/0/40,IDF:,no
Gi4/0/41,IDF:,no
Gi4/0/42,IDF:,no
Gi4/0/43,L2OnlyConvergentVi,no
Gi4/1/1,notconnect,no
Gi4/1/2,notconnect,no
Te4/1/4,notconnect,no
