Interface,Description,Used
Gi1/0/10,Data_VLAN_10.65.4.,no
Gi1/0/11,Data_VLAN_10.65.4.,no
Gi1/0/12,Data_VLAN_10.65.4.,no
Gi1/0/13,Data_VLAN_10.65.4.,no
Gi1/0/14,Data_VLAN_10.65.4.,no
Gi1/0/18,Data_VLAN_10.65.4.,no
Gi1/0/19,Data_VLAN_10.65.4.,yes
Gi1/0/22,Data_VLAN_10.65.4.,no
Gi1/0/23,Data_VLAN_10.65.4.,yes
Gi1/0/25,Data_VLAN_10.65.4.,no
Gi1/0/28,Data_VLAN_10.65.4.,no
Gi1/0/30,Data_VLAN_10.65.4.,no
Gi1/0/31,Data_VLAN_10.65.4.,yes
Gi1/0/34,Data_VLAN_10.65.4.,no
Gi1/0/39,Data_VLAN_10.65.4.,yes
Gi1/0/43,Data_VLAN_10.65.4.,no
Gi1/0/44,Data_VLAN_10.65.4.,no
Gi1/0/48,Wireless_AP_10.65.,no
Gi1/1/2,notconnect,no
Te1/1/3,notconnect,no
Te1/1/4,notconnect,no
Gi2/0/3,Data_VLAN_10.65.4.,no
Gi2/0/5,Data_VLAN_10.65.4.,no
Gi2/0/6,Data_VLAN_10.65.4.,no
Gi2/0/10,Data_VLAN_10.65.4.,no
Gi2/0/12,Data_VLAN_10.65.4.,no
Gi2/0/15,Data_VLAN_10.65.4.,no
Gi2/0/18,Data_VLAN_10.65.4.,no
Gi2/0/21,Data_VLAN_10.65.4.,no
Gi2/0/24,Data_VLAN_10.65.4.,no
Gi2/0/25,Data_VLAN_10.65.4.,no
Gi2/0/26,Data_VLAN_10.65.4.,no
Gi2/0/29,Data_VLAN_10.65.4.,no
Gi2/0/30,Data_VLAN_10.65.4.,no
Gi2/0/32,Data_VLAN_10.65.4.,no
Gi2/0/39,Data_VLAN_10.65.4.,yes
Gi2/0/40,Data_VLAN_10.65.4.,no
Gi2/0/41,Data_VLAN_10.65.4.,no
Gi2/0/42,Data_VLAN_10.65.4.,no
Gi2/0/43,Data_VLAN_10.65.4.,no
Gi2/0/44,Data_VLAN_10.65.4.,no
Gi2/0/48,Wireless_AP_10.65.,no
Gi2/1/2,notconnect,no
Gi3/0/2,Data_VLAN_10.65.4.,no
Gi3/0/5,Data_VLAN_10.65.4.,yes
Gi3/0/7,Data_VLAN_10.65.4.,no
Gi3/0/15,Data_VLAN_10.65.4.,no
Gi3/0/16,Data_VLAN_10.65.4.,no
Gi3/0/21,**to,no
Gi3/0/22,Data_VLAN_10.65.4.,yes
Gi3/0/23,Data_VLAN_10.65.4.,no
Gi3/0/31,Data_VLAN_10.65.4.,no
Gi3/0/32,Data_VLAN_10.65.4.,no
Gi3/0/33,Data_VLAN_10.65.4.,no
Gi3/0/34,Data_VLAN_10.65.4.,no
Gi3/0/36,Data_VLAN_10.65.4.,no
Gi3/0/37,Data_VLAN_10.65.4.,no
Gi3/0/38,Data_VLAN_10.65.4.,no
Gi3/0/39,Data_VLAN_10.65.4.,no
Gi3/0/40,Data_VLAN_10.65.4.,no
Gi3/0/41,Data_VLAN_10.65.4.,no
Gi3/0/42,Data_VLAN_10.65.4.,no
Gi3/0/43,Data_VLAN_10.65.4.,no
Gi3/0/44,Data_VLAN_10.65.4.,no
Gi3/0/47,Wireless_AP_10.65.,no
Gi4/0/1,Data_VLAN_10.65.4.,no
Gi4/0/2,Data_VLAN_10.65.4.,no
Gi4/0/3,Data_VLAN_10.65.4.,no
Gi4/0/4,Data_VLAN_10.65.4.,no
Gi4/0/5,Data_VLAN_10.65.4.,no
Gi4/0/6,Data_VLAN_10.65.4.,no
Gi4/0/7,Data_VLAN_10.65.4.,no
Gi4/0/8,Data_VLAN_10.65.4.,no
Gi4/0/9,Data_VLAN_10.65.4.,no
Gi4/0/10,Data_VLAN_10.65.4.,no
Gi4/0/11,Data_VLAN_10.65.4.,no
Gi4/0/12,Data_VLAN_10.65.4.,no
Gi4/0/13,Data_VLAN_10.65.4.,no
Gi4/0/14,Data_VLAN_10.65.4.,no
Gi4/0/15,Data_VLAN_10.65.4.,no
Gi4/0/16,Data_VLAN_10.65.4.,no
Gi4/0/17,Data_VLAN_10.65.4.,no
Gi4/0/18,Data_VLAN_10.65.4.,no
Gi4/0/19,Data_VLAN_10.65.4.,no
Gi4/0/20,Data_VLAN_10.65.4.,no
Gi4/0/21,Data_VLAN_10.65.4.,no
Gi4/0/22,Data_VLAN_10.65.4.,no
Gi4/0/23,Data_VLAN_10.65.4.,no
Gi4/0/24,Data_VLAN_10.65.4.,no
Gi4/0/25,Data_VLAN_10.65.4.,no
Gi4/0/26,Data_VLAN_10.65.4.,no
Gi4/0/27,Data_VLAN_10.65.4.,no
Gi4/0/28,Data_VLAN_10.65.4.,yes
Gi4/0/29,Data_VLAN_10.65.4.,yes
Gi4/0/31,Data_VLAN_10.65.4.,no
Gi4/0/32,Data_VLAN_10.65.4.,no
Gi4/0/33,Data_VLAN_10.65.4.,no
Gi4/0/34,Data_VLAN_10.65.4.,no
Gi4/0/35,Data_VLAN_10.65.4.,no
Gi4/0/36,Data_VLAN_10.65.4.,no
Gi4/0/37,Data_VLAN_10.65.4.,yes
Gi4/0/38,Data_VLAN_10.65.4.,yes
Gi4/0/39,Data_VLAN_10.65.4.,no
Gi4/0/40,Data_VLAN_10.65.4.,no
Gi4/0/41,Data_VLAN_10.65.4.,no
Gi4/0/42,Data_VLAN_10.65.4.,no
Gi4/0/43,Data_VLAN_10.65.4.,no
Gi4/0/44,Data_VLAN_10.65.4.,no
Gi4/0/45,Wireless_AP_10.65.,no
Gi4/0/46,Wireless_AP_10.65.,no
Gi4/0/47,Wireless_AP_10.65.,no
Gi4/0/48,Wireless_AP_10.65.,no
