Interface,Description,Used
Te1/0/1,notconnect,no
Te1/0/2,notconnect,no
Te2/0/1,notconnect,no
Te2/0/2,notconnect,no
Gi3/0/1,notconnect,no
Gi3/0/4,notconnect,no
Gi3/0/7,MGMT,no
Gi3/0/9,rALCRcar99,no
Gi3/0/10,Servers,no
Gi3/0/11,Servers,no
Gi3/0/12,Servers,no
Gi3/0/14,Servers,no
Gi3/0/24,Servers,no
Gi3/0/37,Servers,yes
Gi3/0/41,Servers,no
Gi3/0/42,Servers,no
Gi3/0/43,Servers,no
Gi3/0/44,Servers,no
Gi3/0/45,Servers,no
Gi3/0/46,Servers,no
Gi3/0/47,Servers,no
Gi3/0/48,Servers,no
Gi4/0/1,notconnect,no
Gi4/0/4,notconnect,no
Gi4/0/7,MGMT,no
Gi4/0/8,Servers,no
Gi4/0/9,Servers,no
Gi4/0/11,Servers,yes
Gi4/0/12,Servers,yes
Gi4/0/29,Servers,yes
Gi4/0/30,Servers,no
Gi4/0/33,VMware,no
Gi4/0/36,Servers,no
Gi4/0/37,Servers,yes
Gi4/0/39,Servers,no
Gi4/0/44,Servers,no
Gi4/0/45,Servers,no
Gi4/0/46,Servers,no
Gi4/0/48,Servers,yes
