Interface,Description,Used
Gi1/0/1,Data_VLAN_10.65.8.,yes
Gi1/0/3,Data_VLAN_10.65.8.,yes
Gi1/0/4,Data_VLAN_10.65.8.,yes
Gi1/0/6,Data_VLAN_10.65.8.,yes
Gi1/0/9,Data_VLAN_10.65.8.,yes
Gi1/0/10,Data_VLAN_10.65.8.,yes
Gi1/0/20,Data_VLAN_10.65.8.,yes
Gi1/0/23,Data_VLAN_10.65.8.,yes
Gi1/0/31,Data_VLAN_10.65.8.,no
Gi1/0/32,Data_VLAN_10.65.8.,no
Gi1/0/33,Data_VLAN_10.65.8.,no
Gi1/0/34,Data_VLAN_10.65.8.,no
Gi1/0/35,Data_VLAN_10.65.8.,no
Gi1/0/36,Data_VLAN_10.65.8.,no
Gi1/0/37,Data_VLAN_10.65.8.,no
Gi1/0/38,Data_VLAN_10.65.8.,no
Gi1/0/39,Data_VLAN_10.65.8.,no
Gi1/0/40,Data_VLAN_10.65.8.,no
Gi1/0/41,Data_VLAN_10.65.8.,no
Gi1/0/42,Data_VLAN_10.65.8.,yes
Gi1/0/44,Data_VLAN_10.65.8.,no
Gi1/1/2,notconnect,no
Te1/1/3,notconnect,no
Te1/1/4,notconnect,no
Gi2/0/12,Data_VLAN_10.65.8.,no
Gi2/0/13,Data_VLAN_10.65.8.,no
Gi2/0/14,Data_VLAN_10.65.8.,no
Gi2/0/15,Data_VLAN_10.65.8.,no
Gi2/0/16,Data_VLAN_10.65.8.,no
Gi2/0/17,Data_VLAN_10.65.8.,no
Gi2/0/18,Data_VLAN_10.65.8.,no
Gi2/0/19,Data_VLAN_10.65.8.,no
Gi2/0/20,Data_VLAN_10.65.8.,no
Gi2/0/21,Data_VLAN_10.65.8.,no
Gi2/0/22,Data_VLAN_10.65.8.,no
Gi2/0/23,Data_VLAN_10.65.8.,no
Gi2/0/24,Data_VLAN_10.65.8.,no
Gi2/0/25,Data_VLAN_10.65.8.,no
Gi2/0/26,Data_VLAN_10.65.8.,no
Gi2/0/27,Data_VLAN_10.65.8.,no
Gi2/0/28,Data_VLAN_10.65.8.,no
Gi2/0/29,Data_VLAN_10.65.8.,no
Gi2/0/30,Data_VLAN_10.65.8.,no
Gi2/0/31,Data_VLAN_10.65.8.,no
Gi2/0/32,Data_VLAN_10.65.8.,yes
Gi2/0/33,Data_VLAN_10.65.8.,yes
Gi2/0/34,Data_VLAN_10.65.8.,no
Gi2/0/35,Data_VLAN_10.65.8.,no
Gi2/0/36,Data_VLAN_10.65.8.,no
Gi2/0/37,Data_VLAN_10.65.8.,no
Gi2/0/38,Data_VLAN_10.65.8.,no
Gi2/0/39,Data_VLAN_10.65.8.,no
Gi2/0/40,Data_VLAN_10.65.8.,no
Gi2/0/41,Data_VLAN_10.65.8.,no
Gi2/0/42,Data_VLAN_10.65.8.,no
Gi2/0/43,Data_VLAN_10.65.8.,no
Gi2/0/44,Data_VLAN_10.65.8.,no
Gi2/0/48,Wireless_AP_10.65.,no
