Interface,Description,Used
Gi1/0/9,Data_VLAN_10.65.16,no
Gi1/0/14,Data_VLAN_10.65.16,no
Gi1/0/21,Data_VLAN_10.65.16,no
Gi1/0/22,Data_VLAN_10.65.16,no
Gi1/0/30,Data_VLAN_10.65.16,no
Gi1/0/31,Data_VLAN_10.65.16,no
Gi1/0/33,Data_VLAN_10.65.16,yes
Gi1/0/35,Data_VLAN_10.65.16,no
Gi1/0/36,Data_VLAN_10.65.16,no
Gi1/0/37,Data_VLAN_10.65.16,no
Gi1/0/38,Data_VLAN_10.65.16,no
Gi1/0/39,Data_VLAN_10.65.16,no
Gi1/0/40,Data_VLAN_10.65.16,no
Gi1/0/41,Data_VLAN_10.65.16,no
Gi1/0/42,Data_VLAN_10.65.16,no
Gi1/0/43,Data_VLAN_10.65.16,no
Gi1/0/44,Data_VLAN_10.65.16,no
Gi1/0/46,Wireless_AP_10.65.,no
Gi1/0/47,Wireless_AP_10.65.,no
Gi1/0/48,Wireless_AP_10.65.,no
Te1/1/3,notconnect,no
Te1/1/4,notconnect,no
