Interface,Description,Used
Gi1/1,"['IDF:', 'DF3-1W_Data', 'Gi1/10', 'up', 'up', 'IDF:', 'DF3-1W_Data', 'Gi1/11', 'up', 'up', 'IDF:', 'DF3-1W_Data', 'Gi1/12', 'up', 'up', 'IDF:', 'DF3-1W_Data', 'Gi1/13', 'down', 'down', 'IDF:', 'DF3-1W_Data', 'Gi1/14', 'down', 'down', 'IDF:', 'DF3-1W_Data', 'Gi1/15', 'up', 'up', 'IDF:', 'DF3-1W_Data', 'Gi1/16', 'up', 'up', 'IDF:', 'DF3-1W_Data', 'Gi1/17', 'up', 'up', 'IDF:', 'DF3-1W_Data', 'Gi1/18', 'up', 'up', 'IDF:', 'DF3-1W_Data', 'Gi1/19', 'up', 'up', 'IDF:', 'DF3-1W_Data']",no
Gi1/8,"['IDF:', 'DF3-1W_Data']",no
Gi1/9,"['IDF:', 'DF3-1W_Data']",no
Gi1/13,"['IDF:', 'DF3-1W_Data']",no
Gi1/14,"['IDF:', 'DF3-1W_Data']",no
Gi1/24,"['IDF:', 'DF3-1W_Data']",no
Gi1/27,"['IDF:', 'DF3-1W_Data']",no
Gi1/30,"['IDF:', 'DF3-1W_Data']",no
Gi1/31,"['IDF:', 'DF3-1W_Data']",no
Gi1/32,"['IDF:', 'DF3-1W_Data']",no
Gi1/34,"['IDF:', 'DF3-1W_Data']",no
Gi1/35,"['IDF:', 'DF3-1W_Data']",no
Gi1/36,"['IDF:', 'DF3-1W_Data']",no
Gi1/37,"['IDF:', 'DF3-1W_Data']",no
Gi1/40,"['IDF:', 'DF3-1W_Data']",no
Gi1/43,"['IDF:', 'DF3-1W_Data']",no
Gi1/47,"['IDF:', 'DF3-1W_APs']",no
Gi1/48,"['IDF:', 'DF3-1W_APs']",no
Gi2/1,"['IDF:', 'DF3-1W_Data', 'Gi2/10', 'down', 'down', 'IDF:', 'DF3-1W_Data', 'Gi2/11', 'down', 'down', 'IDF:', 'DF3-1W_Data', 'Gi2/12', 'down', 'down', 'IDF:', 'DF3-1W_Data', 'Gi2/13', 'up', 'up', 'IDF:', 'DF3-1W_Data', 'Gi2/14', 'up', 'up', 'IDF:', 'DF3-1W_Data', 'Gi2/15', 'down', 'down', 'IDF:', 'DF3-1W_Data', 'Gi2/16', 'down', 'down', 'IDF:', 'DF3-1W_Data', 'Gi2/17', 'up', 'up', 'IDF:', 'DF3-1W_Data', 'Gi2/18', 'down', 'down', 'IDF:', 'DF3-1W_Data', 'Gi2/19', 'down', 'down', 'IDF:', 'DF3-1W_Data']",no
Gi2/4,"['IDF:', 'DF3-1W_Data', 'Gi2/40', 'down', 'down', 'IDF:', 'DF3-1W_Data', 'Gi2/41', 'down', 'down', 'IDF:', 'DF3-1W_Data', 'Gi2/42', 'down', 'down', 'IDF:', 'DF3-1W_Data', 'Gi2/43', 'down', 'down', 'IDF:', 'DF3-1W_Data', 'Gi2/44', 'down', 'down', 'IDF:', 'DF3-1W_Data', 'Gi2/45', 'up', 'up', 'IDF:', 'DF3-1W_APs', 'Gi2/46', 'up', 'up', 'IDF:', 'DF3-1W_APs', 'Gi2/47', 'down', 'down', 'IDF:', 'DF3-1W_APs', 'Gi2/48', 'down', 'down', 'IDF:', 'DF3-1W_APs']",no
Gi2/5,"['IDF:', 'DF3-1W_Data']",no
Gi2/10,"['IDF:', 'DF3-1W_Data']",no
Gi2/11,"['IDF:', 'DF3-1W_Data']",no
Gi2/12,"['IDF:', 'DF3-1W_Data']",no
Gi2/15,"['IDF:', 'DF3-1W_Data']",no
Gi2/16,"['IDF:', 'DF3-1W_Data']",no
Gi2/18,"['IDF:', 'DF3-1W_Data']",no
Gi2/19,"['IDF:', 'DF3-1W_Data']",no
Gi2/20,"['IDF:', 'DF3-1W_Data']",no
Gi2/21,"['IDF:', 'DF3-1W_Data']",no
Gi2/22,"['IDF:', 'DF3-1W_Data']",no
Gi2/28,"['IDF:', 'DF3-1W_Data']",no
Gi2/37,"['IDF:', 'DF3-1W_Data']",no
Gi2/38,"['IDF:', 'DF3-1W_Data']",no
Gi2/39,"['IDF:', 'DF3-1W_Data']",no
Gi2/40,"['IDF:', 'DF3-1W_Data']",no
Gi2/41,"['IDF:', 'DF3-1W_Data']",no
Gi2/42,"['IDF:', 'DF3-1W_Data']",no
Gi2/43,"['IDF:', 'DF3-1W_Data']",no
Gi2/44,"['IDF:', 'DF3-1W_Data']",no
Gi2/47,"['IDF:', 'DF3-1W_APs']",no
Gi2/48,"['IDF:', 'DF3-1W_APs']",no
Te3/2,[],no
Te3/3,[],no
Te3/4,[],no
Te4/2,[],no
Te4/3,[],no
Te4/4,[],no
Gi5/7,"['IDF:', 'DF3-1W_Data']",no
Gi5/8,"['IDF:', 'DF3-1W_Data']",no
Gi5/12,"['IDF:', 'DF3-1W_Data']",no
Gi5/13,"['IDF:', 'DF3-1W_Data']",no
Gi5/14,"['IDF:', 'DF3-1W_Data']",no
Gi5/19,"['IDF:', 'DF3-1W_Data']", 
Gi5/21,"['IDF:', 'DF3-1W_Data']",no
Gi5/24,"['IDF:', 'DF3-1W_Data']",no
Gi5/25,"['IDF:', 'DF3-1W_Data']",no
Gi5/26,"['IDF:', 'DF3-1W_Data']",no
Gi5/27,"['IDF:', 'DF3-1W_Data']",no
Gi5/28,"['IDF:', 'DF3-1W_Data']",no
Gi5/29,"['IDF:', 'DF3-1W_Data']",no
Gi5/30,"['IDF:', 'DF3-1W_Data']",no
Gi5/31,"['IDF:', 'DF3-1W_Data']",no
Gi5/32,"['IDF:', 'DF3-1W_Data']",no
Gi5/35,"['IDF:', 'DF3-1W_Data']",no
Gi5/37,"['IDF:', 'DF3-1W_Data']",no
Gi5/38,"['IDF:', 'DF3-1W_Data']",no
Gi5/43,"['IDF:', 'DF3-1W_Data']",no
Gi5/44,"['IDF:', 'DF3-1W_Data']",no
Gi5/47,"['IDF:', 'DF3-1W_APs']",no
Gi5/48,"['IDF:', 'DF3-1W_APs']",no
Gi6/3,"['IDF:', 'DF3-1W_Data', 'Gi6/30', 'up', 'up', 'IDF:', 'DF3-1W_Data', 'Gi6/31', 'down', 'down', 'IDF:', 'DF3-1W_Data', 'Gi6/32', 'down', 'down', 'IDF:', 'DF3-1W_Data', 'Gi6/33', 'down', 'down', 'IDF:', 'DF3-1W_Data', 'Gi6/34', 'down', 'down', 'IDF:', 'DF3-1W_Data', 'Gi6/35', 'down', 'down', 'IDF:', 'DF3-1W_Data', 'Gi6/36', 'down', 'down', 'IDF:', 'DF3-1W_Data', 'Gi6/37', 'down', 'down', 'IDF:', 'DF3-1W_Data', 'Gi6/38', 'down', 'down', 'IDF:', 'DF3-1W_Data', 'Gi6/39', 'down', 'down', 'IDF:', 'DF3-1W_Data']",no
Gi6/18,"['IDF:', 'DF3-1W_Data']",no
Gi6/19,"['IDF:', 'DF3-1W_Data']",no
Gi6/20,"['IDF:', 'DF3-1W_Data']",no
Gi6/23,"['IDF:', 'DF3-1W_Data']",no
Gi6/27,"['IDF:', 'DF3-1W_Data']",no
Gi6/31,"['IDF:', 'DF3-1W_Data']",no
Gi6/32,"['IDF:', 'DF3-1W_Data']",no
Gi6/33,"['IDF:', 'DF3-1W_Data']",no
Gi6/34,"['IDF:', 'DF3-1W_Data']",no
Gi6/35,"['IDF:', 'DF3-1W_Data']",no
Gi6/36,"['IDF:', 'DF3-1W_Data']",no
Gi6/37,"['IDF:', 'DF3-1W_Data']",no
Gi6/38,"['IDF:', 'DF3-1W_Data']",no
Gi6/39,"['IDF:', 'DF3-1W_Data']",no
Gi6/40,"['IDF:', 'DF3-1W_Data']",no
Gi6/41,"['IDF:', 'DF3-1W_Data']",no
Gi6/42,"['IDF:', 'DF3-1W_Data']",no
Gi6/43,"['IDF:', 'DF3-1W_Data']",no
Gi6/44,"['IDF:', 'DF3-1W_Data']",no
Gi6/48,"['IDF:', 'DF3-1W_APs']",no
Gi7/4,"['IDF:', 'DF3-1W_Data', 'Gi7/40', 'down', 'down', 'IDF:', 'DF3-1W_Data', 'Gi7/41', 'down', 'down', 'IDF:', 'DF3-1W_Data', 'Gi7/42', 'down', 'down', 'IDF:', 'DF3-1W_Data', 'Gi7/43', 'down', 'down', 'ConvergentVideo', 'Gi7/44', 'up', 'up', 'ConvergentVideo', 'Gi7/45', 'up', 'up', 'IDF:', 'DF3-1W_APs', 'Gi7/46', 'up', 'up', 'IDF:', 'DF3-1W_APs', 'Gi7/47', 'down', 'down', 'IDF:', 'DF3-1W_APs', 'Gi7/48', 'down', 'down', 'IDF:', 'DF3-1W_APs']",no
Gi7/5,"['IDF:', 'DF3-1W_Data']",no
Gi7/6,"['IDF:', 'DF3-1W_Data']",no
Gi7/7,"['IDF:', 'DF3-1W_Data']",no
Gi7/8,"['IDF:', 'DF3-1W_Data']",no
Gi7/9,"['IDF:', 'DF3-1W_Data']",no
Gi7/10,"['IDF:', 'DF3-1W_Data']",no
Gi7/11,"['IDF:', 'DF3-1W_Data']",no
Gi7/12,"['IDF:', 'DF3-1W_Data']",no
Gi7/13,"['IDF:', 'DF3-1W_Data']",no
Gi7/14,"['IDF:', 'DF3-1W_Data']",no
Gi7/15,"['IDF:', 'DF3-1W_Data']",no
Gi7/16,"['IDF:', 'DF3-1W_Data']",no
Gi7/17,"['IDF:', 'DF3-1W_Data']",no
Gi7/18,"['IDF:', 'DF3-1W_Data']",no
Gi7/19,"['IDF:', 'DF3-1W_Data']",no
Gi7/20,"['IDF:', 'DF3-1W_Data']",no
Gi7/21,"['IDF:', 'DF3-1W_Data']",no
Gi7/22,"['IDF:', 'DF3-1W_Data']",no
Gi7/23,"['IDF:', 'DF3-1W_Data']",no
Gi7/24,"['IDF:', 'DF3-1W_Data']",no
Gi7/25,"['IDF:', 'DF3-1W_Data']",no
Gi7/26,"['IDF:', 'DF3-1W_Data']",no
Gi7/27,"['IDF:', 'DF3-1W_Data']",no
Gi7/28,"['IDF:', 'DF3-1W_Data']",no
Gi7/29,"['IDF:', 'DF3-1W_Data']",no
Gi7/30,"['IDF:', 'DF3-1W_Data']",no
Gi7/31,"['IDF:', 'DF3-1W_Data']",no
Gi7/32,"['IDF:', 'DF3-1W_Data']",no
Gi7/33,"['IDF:', 'DF3-1W_Data']",no
Gi7/34,"['IDF:', 'DF3-1W_Data']",no
Gi7/35,"['IDF:', 'DF3-1W_Data']",no
Gi7/36,"['IDF:', 'DF3-1W_Data']",no
Gi7/37,"['IDF:', 'DF3-1W_Data']",no
Gi7/38,"['IDF:', 'DF3-1W_Data']",no
Gi7/39,"['IDF:', 'DF3-1W_Data']",no
Gi7/40,"['IDF:', 'DF3-1W_Data']",no
Gi7/41,"['IDF:', 'DF3-1W_Data']",no
Gi7/42,"['IDF:', 'DF3-1W_Data']",no
Gi7/43,['ConvergentVideo'],no
Gi7/47,"['IDF:', 'DF3-1W_APs']",no
Gi7/48,"['IDF:', 'DF3-1W_APs']",no
