Interface,Description,Used
Gi1/1,"['IDF:', 'DF1-2W_Data']",no
Gi1/2,"['IDF:', 'DF1-2W_Data']",no
Gi1/4,"['IDF:', 'DF1-2W_Data']",no
Gi1/5,"['IDF:', 'DF1-2W_Data']",no
Gi1/6,"['IDF:', 'DF1-2W_Data']",no
Gi1/7,"['IDF:', 'DF1-2W_Data']",no
Gi1/12,"['IDF:', 'DF1-2W_Data']",no
Gi1/13,"['IDF:', 'DF1-2W_Data']",no
Gi1/18,"['IDF:', 'DF1-2W_Data']",no
Gi1/20,"['IDF:', 'DF1-2W_Data']",no
Gi1/21,"['IDF:', 'DF1-2W_Data']",no
Gi1/23,"['IDF:', 'DF1-2W_Data']",no
Gi1/25,"['IDF:', 'DF1-2W_Data']",no
Gi1/27,"['IDF:', 'DF1-2W_Data']",no
Gi1/28,"['IDF:', 'DF1-2W_Data']",no
Gi1/29,"['IDF:', 'DF1-2W_Data']",no
Gi1/30,"['IDF:', 'DF1-2W_Data']",no
Gi1/31,"['IDF:', 'DF1-2W_Data']",no
Gi1/34,"['IDF:', 'DF1-2W_Data']",no
Gi1/38,"['IDF:', 'DF1-2W_Data']",no
Gi1/40,"['IDF:', 'DF1-2W_Data']",no
Gi1/41,"['IDF:', 'DF1-2W_Data']",no
Gi1/42,"['IDF:', 'DF1-2W_Data']",no
Gi1/44,"['IDF:', 'DF1-2W_Data']",no
Gi2/2,"['IDF:', 'DF1-2W_Data']",no
Gi2/5,"['IDF:', 'DF1-2W_Data']",no
Gi2/7,"['IDF:', 'DF1-2W_Data']",no
Gi2/8,"['IDF:', 'DF1-2W_Data']",no
Gi2/9,"['IDF:', 'DF1-2W_Data']",no
Gi2/10,"['IDF:', 'DF1-2W_Data']",no
Gi2/11,"['IDF:', 'DF1-2W_Data']",no
Gi2/12,"['IDF:', 'DF1-2W_Data']",no
Gi2/13,"['IDF:', 'DF1-2W_Data']",no
Gi2/14,"['IDF:', 'DF1-2W_Data']",no
Gi2/15,"['IDF:', 'DF1-2W_Data']",no
Gi2/16,"['IDF:', 'DF1-2W_Data']",no
Gi2/17,"['IDF:', 'DF1-2W_Data']",no
Gi2/19,"['IDF:', 'DF1-2W_Data']",no
Gi2/20,"['IDF:', 'DF1-2W_Data']",no
Gi2/21,"['IDF:', 'DF1-2W_Data']",no
Gi2/23,"['IDF:', 'DF1-2W_Data']",no
Gi2/26,"['IDF:', 'DF1-2W_Data']",no
Gi2/27,"['IDF:', 'DF1-2W_Data']",no
Gi2/29,"['IDF:', 'DF1-2W_Data']",no
Gi2/32,"['IDF:', 'DF1-2W_Data']",no
Gi2/34,"['IDF:', 'DF1-2W_Data']",no
Gi2/36,"['IDF:', 'DF1-2W_Data']",no
Gi2/37,"['IDF:', 'DF1-2W_Data']",no
Gi2/38,"['IDF:', 'DF1-2W_Data']",no
Gi2/39,"['IDF:', 'DF1-2W_Data']",no
Gi2/42,"['IDF:', 'DF1-2W_Data']",no
Te3/2,[],no
Te3/3,[],no
Te3/4,[],no
Te4/2,[],no
Te4/3,[],no
Te4/4,[],no
