Interface,Description,Used
Fa1/0/2,"['Fa1/0/20', 'down', 'down', 'Fa1/0/21', 'down', 'down', 'Fa1/0/22', 'down', 'down', 'Fa1/0/23', 'down', 'down', 'Connection', 'to', 'rILUSded02', 'FA1/0', 'Fa1/0/24', 'down', 'down', 'Fa1/0/25', 'down', 'down', 'CNR_VM:10.10.106.100:P1', 'Fa1/0/26', 'down', 'down', 'CNR_VM:10.10.106.100:P2', 'Fa1/0/27', 'down', 'down', 'Fa1/0/28', 'down', 'down', 'Fa1/0/29', 'down', 'down']",no
Fa1/0/3,"['connection', 'to', 'rCWUSded11', 'Fa1/0/30', 'down', 'down', 'Fa1/0/31', 'down', 'down', 'Fa1/0/32', 'down', 'down', 'Fa1/0/33', 'down', 'down', 'Fa1/0/34', 'down', 'down', 'Fa1/0/35', 'admin', 'down', 'down', 'rIWUSded11', 'Fa1/0/36', 'down', 'down', 'rILUSded13', 'Fa1/0/37', 'down', 'down', 'Fa1/0/38', 'down', 'down', 'Fa1/0/39', 'down', 'down']",no
Fa1/0/4,"['connection', 'to', 'RTRBUSWAN5', 'Fa1/0/40', 'down', 'down', 'Fa1/0/41', 'down', 'down', 'Fa1/0/42', 'down', 'down', 'connection', 'to', 'rCWUSded12', 'Fa1/0/43', 'down', 'down', 'Fa1/0/44', 'down', 'down', 'Fa1/0/45', 'down', 'down', 'connection', 'to', 'sALUSded70', 'Fa1/0/46', 'down', 'down', 'connection', 'to', 'sALUSded70', 'Fa1/0/47', 'up', 'up', 'Port-channel', 'connection', 'to', 'sALUSded90', 'FastEthernet1/0/47', 'Fa1/0/48', 'up', 'up', 'Port-channel', 'connection', 'to', 'sALUSded90', 'FastEthernet1/0/48']",no
Fa1/0/5,"['connection', 'to', 'rCWUSded16']",no
Fa1/0/7,[],no
Fa1/0/8,"['CNR', 'Hidden', 'Master', 'DNS']",no
Fa1/0/9,"['connection', 'to', 'rILUSded14']",no
Fa1/0/10,"['connection', 'to', 'rCWUSded14']",no
Fa1/0/11,"['connection', 'to', 'rDWUSded17']",no
Fa1/0/13,[],no
Fa1/0/14,[],no
Fa1/0/15,[],no
Fa1/0/16,"['IPS', 'monitoring', 'port', 'to', 'iILUSded02', 'in', '2/3']",no
Fa1/0/17,"['Fenwal-7206-g0/1', '10.10.104.16']",no
Fa1/0/18,[],no
Fa1/0/19,[],no
Fa1/0/20,[],no
Fa1/0/21,[],no
Fa1/0/22,[],no
Fa1/0/23,"['Connection', 'to', 'rILUSded02', 'FA1/0']",no
Fa1/0/24,[],no
Fa1/0/25,['CNR_VM:10.10.106.100:P1'],no
Fa1/0/26,['CNR_VM:10.10.106.100:P2'],no
Fa1/0/27,[],no
Fa1/0/28,[],no
Fa1/0/29,[],no
Fa1/0/30,[],no
Fa1/0/31,[],no
Fa1/0/32,[],no
Fa1/0/33,[],no
Fa1/0/34,[],no
Fa1/0/36,['rILUSded13'],no
Fa1/0/37,[],no
Fa1/0/38,[],no
Fa1/0/39,[],no
Fa1/0/40,[],no
Fa1/0/41,[],no
Fa1/0/42,"['connection', 'to', 'rCWUSded12']",no
Fa1/0/43,[],no
Fa1/0/44,[],no
Fa1/0/45,"['connection', 'to', 'sALUSded70']",no
Fa1/0/46,"['connection', 'to', 'sALUSded70']",no
Po2,"['Port-channel', 'trunk', 'connection', 'to', 'sALUSded70']",no
