Interface,Description,Used
Gi1/1,"['IDF:', 'DF3-2W_Data', 'Gi1/10', 'up', 'up', 'IDF:', 'DF3-2W_Data', 'Gi1/11', 'down', 'down', 'IDF:', 'DF3-2W_Data', 'Gi1/12', 'up', 'up', 'IDF:', 'DF3-2W_Data', 'Gi1/13', 'up', 'up', 'IDF:', 'DF3-2W_Data', 'Gi1/14', 'down', 'down', 'IDF:', 'DF3-2W_Data', 'Gi1/15', 'down', 'down', 'IDF:', 'DF3-2W_Data', 'Gi1/16', 'up', 'up', 'IDF:', 'DF3-2W_Data', 'Gi1/17', 'down', 'down', 'IDF:', 'DF3-2W_Data', 'Gi1/18', 'down', 'down', 'IDF:', 'DF3-2W_Data', 'Gi1/19', 'up', 'up', 'IDF:', 'DF3-2W_Data']",no
Gi1/11,"['IDF:', 'DF3-2W_Data']",no
Gi1/14,"['IDF:', 'DF3-2W_Data']",no
Gi1/15,"['IDF:', 'DF3-2W_Data']",no
Gi1/17,"['IDF:', 'DF3-2W_Data']",no
Gi1/18,"['IDF:', 'DF3-2W_Data']",no
Gi1/23,"['IDF:', 'DF3-2W_Data']",no
Gi1/28,"['IDF:', 'DF3-2W_Data']",no
Gi1/30,"['IDF:', 'DF3-2W_Data']",no
Gi1/31,"['IDF:', 'DF3-2W_Data']",no
Gi1/32,"['IDF:', 'DF3-2W_Data']",no
Gi1/33,"['IDF:', 'DF3-2W_Data']",no
Gi1/34,"['IDF:', 'DF3-2W_Data']",no
Gi1/35,"['IDF:', 'DF3-2W_Data']",no
Gi1/36,"['IDF:', 'DF3-2W_Data']",no
Gi1/37,"['IDF:', 'DF3-2W_Data']",no
Gi1/38,"['IDF:', 'DF3-2W_Data']",no
Gi1/41,"['IDF:', 'DF3-2W_Data']",no
Gi1/42,"['IDF:', 'DF3-2W_Data']",no
Gi1/43,"['IDF:', 'DF3-2W_Data']",no
Gi1/44,"['IDF:', 'DF3-2W_Data']",no
Gi2/2,"['IDF:', 'DF3-2W_Data', 'Gi2/20', 'up', 'up', 'IDF:', 'DF3-2W_Data', 'Gi2/21', 'up', 'up', 'IDF:', 'DF3-2W_Data', 'Gi2/22', 'up', 'up', 'IDF:', 'DF3-2W_Data', 'Gi2/23', 'up', 'up', 'IDF:', 'DF3-2W_Data', 'Gi2/24', 'up', 'up', 'IDF:', 'DF3-2W_Data', 'Gi2/25', 'up', 'up', 'IDF:', 'DF3-2W_Data', 'Gi2/26', 'up', 'up', 'IDF:', 'DF3-2W_Data', 'Gi2/27', 'up', 'up', 'IDF:', 'DF3-2W_Data', 'Gi2/28', 'down', 'down', 'IDF:', 'DF3-2W_Data', 'Gi2/29', 'down', 'down', 'IDF:', 'DF3-2W_Data']",yes
Gi2/5,"['IDF:', 'DF3-2W_Data']",no
Gi2/6,"['IDF:', 'DF3-2W_Data']",no
Gi2/7,"['IDF:', 'DF3-2W_Data']",no
Gi2/9,"['IDF:', 'DF3-2W_Data']",no
Gi2/10,"['IDF:', 'DF3-2W_Data']",no
Gi2/11,"['IDF:', 'DF3-2W_Data']",no
Gi2/12,"['IDF:', 'DF3-2W_Data']",no
Gi2/13,"['IDF:', 'DF3-2W_Data']",no
Gi2/14,"['IDF:', 'DF3-2W_Data']",no
Gi2/15,"['IDF:', 'DF3-2W_Data']",no
Gi2/16,"['IDF:', 'DF3-2W_Data']",no
Gi2/17,"['IDF:', 'DF3-2W_Data']",no
Gi2/28,"['IDF:', 'DF3-2W_Data']",no
Gi2/29,"['IDF:', 'DF3-2W_Data']",no
Gi2/30,"['IDF:', 'DF3-2W_Data']",no
Gi2/31,"['IDF:', 'DF3-2W_Data']",no
Gi2/32,"['IDF:', 'DF3-2W_Data']",no
Gi2/33,"['IDF:', 'DF3-2W_Data']",no
Gi2/34,"['IDF:', 'DF3-2W_Data']",no
Gi2/35,"['IDF:', 'DF3-2W_Data']",no
Gi2/36,"['IDF:', 'DF3-2W_Data']",no
Gi2/37,"['IDF:', 'DF3-2W_Data']",no
Gi2/38,"['IDF:', 'DF3-2W_Data']",no
Gi2/39,"['IDF:', 'DF3-2W_Data']",no
Gi2/40,"['IDF:', 'DF3-2W_Data']",no
Gi2/41,"['IDF:', 'DF3-2W_Data']",no
Gi2/42,"['IDF:', 'DF3-2W_Data']",no
Gi2/43,"['IDF:', 'DF3-2W_Data']",no
Gi2/44,"['IDF:', 'DF3-2W_Data']",no
Te3/1,[],no
Te3/3,[],no
Te3/4,[],no
Te4/1,[],no
Te4/3,[],no
Te4/4,[],no
Gi5/2,"['IDF:', 'DF3-2W_Data', 'Gi5/20', 'down', 'down', 'IDF:', 'DF3-2W_Data', 'Gi5/21', 'up', 'up', 'IDF:', 'DF3-2W_Data', 'Gi5/22', 'up', 'up', 'IDF:', 'DF3-2W_Data', 'Gi5/23', 'up', 'up', 'IDF:', 'DF3-2W_Data', 'Gi5/24', 'down', 'down', 'IDF:', 'DF3-2W_Data', 'Gi5/25', 'up', 'up', 'IDF:', 'DF3-2W_Data', 'Gi5/26', 'up', 'up', 'IDF:', 'DF3-2W_Data', 'Gi5/27', 'up', 'up', 'IDF:', 'DF3-2W_Data', 'Gi5/28', 'up', 'up', 'IDF:', 'DF3-2W_Data', 'Gi5/29', 'up', 'up', 'IDF:', 'DF3-2W_Data']",no
Gi5/11,"['IDF:', 'DF3-2W_Data']",no
Gi5/13,"['IDF:', 'DF3-2W_Data']",yes
Gi5/14,"['IDF:', 'DF3-2W_Data']",yes
Gi5/20,"['IDF:', 'DF3-2W_Data']",no
Gi5/24,"['IDF:', 'DF3-2W_Data']",no
Gi5/30,"['IDF:', 'DF3-2W_Data']",no
Gi5/31,"['IDF:', 'DF3-2W_Data']",no
Gi5/33,"['IDF:', 'DF3-2W_Data']",no
Gi5/34,"['IDF:', 'DF3-2W_Data']",no
Gi5/36,"['IDF:', 'DF3-2W_Data']",no
Gi5/37,"['IDF:', 'DF3-2W_Data']",no
Gi5/38,"['IDF:', 'DF3-2W_Data']",no
Gi5/41,"['IDF:', 'DF3-2W_Data']",no
Gi5/42,"['IDF:', 'DF3-2W_Data']",no
Gi5/43,"['IDF:', 'DF3-2W_Data']",no
Gi5/44,"['IDF:', 'DF3-2W_Data']",yes
Gi5/46,"['IDF:', 'DF3-2W_APs']",no
Gi6/5,"['IDF:', 'DF3-2W_Data']",no
Gi6/6,"['IDF:', 'DF3-2W_Data']",no
Gi6/8,"['IDF:', 'DF3-2W_Data']",no
Gi6/9,"['IDF:', 'DF3-2W_Data']",no
Gi6/10,"['IDF:', 'DF3-2W_Data']",no
Gi6/12,"['IDF:', 'DF3-2W_Data']",yes
Gi6/15,"['IDF:', 'DF3-2W_Data']",no
Gi6/16,"['IDF:', 'DF3-2W_Data']",no
Gi6/17,"['IDF:', 'DF3-2W_Data']",no
Gi6/23,"['IDF:', 'DF3-2W_Data']",no
Gi6/26,"['IDF:', 'DF3-2W_Data']",no
Gi6/31,"['IDF:', 'DF3-2W_Data']",no
Gi6/32,"['IDF:', 'DF3-2W_Data']",no
Gi6/33,"['IDF:', 'DF3-2W_Data']",no
Gi6/34,"['IDF:', 'DF3-2W_Data']",no
Gi6/35,"['IDF:', 'DF3-2W_Data']",no
Gi6/36,"['IDF:', 'DF3-2W_Data']",no
Gi6/37,"['IDF:', 'DF3-2W_Data']",no
Gi6/38,"['IDF:', 'DF3-2W_Data']",no
Gi6/39,"['IDF:', 'DF3-2W_Data']",no
Gi6/40,"['IDF:', 'DF3-2W_Data']",no
Gi6/41,"['IDF:', 'DF3-2W_Data']",no
Gi6/42,"['IDF:', 'DF3-2W_Data']",no
Gi6/43,"['IDF:', 'DF3-2W_Data']",no
Gi6/44,"['IDF:', 'DF3-2W_Data']",no
Gi6/45,"['IDF:', 'DF3-2W_APs']",no
Gi6/46,"['IDF:', 'DF3-2W_APs']",no
Gi6/47,"['IDF:', 'DF3-2W_APs']",no
Gi6/48,"['IDF:', 'DF3-2W_APs']",no
Gi7/1,"['IDF:', 'DF3-2W_Data', 'Gi7/10', 'down', 'down', 'IDF:', 'DF3-2W_Data', 'Gi7/11', 'up', 'up', 'IDF:', 'DF3-2W_Data', 'Gi7/12', 'down', 'down', 'IDF:', 'DF3-2W_Data', 'Gi7/13', 'up', 'up', 'IDF:', 'DF3-2W_Data', 'Gi7/14', 'down', 'down', 'IDF:', 'DF3-2W_Data', 'Gi7/15', 'down', 'down', 'IDF:', 'DF3-2W_Data', 'Gi7/16', 'up', 'up', 'IDF:', 'DF3-2W_Data', 'Gi7/17', 'down', 'down', 'IDF:', 'DF3-2W_Data', 'Gi7/18', 'up', 'up', 'IDF:', 'DF3-2W_Data', 'Gi7/19', 'down', 'down', 'IDF:', 'DF3-2W_Data']",no
Gi7/2,"['IDF:', 'DF3-2W_Data', 'Gi7/20', 'down', 'down', 'IDF:', 'DF3-2W_Data', 'Gi7/21', 'down', 'down', 'IDF:', 'DF3-2W_Data', 'Gi7/22', 'up', 'up', 'IDF:', 'DF3-2W_Data', 'Gi7/23', 'up', 'up', 'IDF:', 'DF3-2W_Data', 'Gi7/24', 'up', 'up', 'IDF:', 'DF3-2W_Data', 'Gi7/25', 'up', 'up', 'IDF:', 'DF3-2W_Data', 'Gi7/26', 'up', 'up', 'IDF:', 'DF3-2W_Data', 'Gi7/27', 'down', 'down', 'IDF:', 'DF3-2W_Data', 'Gi7/28', 'down', 'down', 'IDF:', 'DF3-2W_Data', 'Gi7/29', 'down', 'down', 'IDF:', 'DF3-2W_Data']",no
Gi7/3,"['IDF:', 'DF3-2W_Data', 'Gi7/30', 'down', 'down', 'IDF:', 'DF3-2W_Data', 'Gi7/31', 'down', 'down', 'IDF:', 'DF3-2W_Data', 'Gi7/32', 'down', 'down', 'IDF:', 'DF3-2W_Data', 'Gi7/33', 'down', 'down', 'IDF:', 'DF3-2W_Data', 'Gi7/34', 'down', 'down', 'IDF:', 'DF3-2W_Data', 'Gi7/35', 'down', 'down', 'IDF:', 'DF3-2W_Data', 'Gi7/36', 'down', 'down', 'IDF:', 'DF3-2W_Data', 'Gi7/37', 'down', 'down', 'IDF:', 'DF3-2W_Data', 'Gi7/38', 'down', 'down', 'IDF:', 'DF3-2W_Data', 'Gi7/39', 'down', 'down', 'IDF:', 'DF3-2W_Data']",no
Gi7/4,"['IDF:', 'DF3-2W_Data', 'Gi7/40', 'down', 'down', 'IDF:', 'DF3-2W_Data', 'Gi7/41', 'down', 'down', 'IDF:', 'DF3-2W_Data', 'Gi7/42', 'down', 'down', 'IDF:', 'DF3-2W_Data', 'Gi7/43', 'down', 'down', 'IDF:', 'DF3-2W_Data', 'Gi7/44', 'down', 'down', 'IDF:', 'DF3-2W_Data', 'Gi7/45', 'down', 'down', 'IDF:', 'DF3-2W_APs', 'Gi7/46', 'down', 'down', 'IDF:', 'DF3-2W_APs', 'Gi7/47', 'down', 'down', 'IDF:', 'DF3-2W_APs', 'Gi7/48', 'down', 'down', 'IDF:', 'DF3-2W_APs']",no
Gi7/5,"['IDF:', 'DF3-2W_Data']",no
Gi7/7,"['IDF:', 'DF3-2W_Data']",no
Gi7/8,"['IDF:', 'DF3-2W_Data']",no
Gi7/9,"['IDF:', 'DF3-2W_Data']",no
Gi7/10,"['IDF:', 'DF3-2W_Data']",no
Gi7/12,"['IDF:', 'DF3-2W_Data']",no
Gi7/14,"['IDF:', 'DF3-2W_Data']",no
Gi7/15,"['IDF:', 'DF3-2W_Data']",no
Gi7/17,"['IDF:', 'DF3-2W_Data']",no
Gi7/19,"['IDF:', 'DF3-2W_Data']",no
Gi7/20,"['IDF:', 'DF3-2W_Data']",no
Gi7/21,"['IDF:', 'DF3-2W_Data']",no
Gi7/27,"['IDF:', 'DF3-2W_Data']",no
Gi7/28,"['IDF:', 'DF3-2W_Data']",no
Gi7/29,"['IDF:', 'DF3-2W_Data']",no
Gi7/30,"['IDF:', 'DF3-2W_Data']",no
Gi7/31,"['IDF:', 'DF3-2W_Data']",no
Gi7/32,"['IDF:', 'DF3-2W_Data']",no
Gi7/33,"['IDF:', 'DF3-2W_Data']",no
Gi7/34,"['IDF:', 'DF3-2W_Data']",no
Gi7/35,"['IDF:', 'DF3-2W_Data']",no
Gi7/36,"['IDF:', 'DF3-2W_Data']",no
Gi7/37,"['IDF:', 'DF3-2W_Data']",no
Gi7/38,"['IDF:', 'DF3-2W_Data']",no
Gi7/39,"['IDF:', 'DF3-2W_Data']",no
Gi7/40,"['IDF:', 'DF3-2W_Data']",no
Gi7/41,"['IDF:', 'DF3-2W_Data']",no
Gi7/42,"['IDF:', 'DF3-2W_Data']",no
Gi7/43,"['IDF:', 'DF3-2W_Data']",no
Gi7/44,"['IDF:', 'DF3-2W_Data']",no
Gi7/45,"['IDF:', 'DF3-2W_APs']",no
Gi7/46,"['IDF:', 'DF3-2W_APs']",no
Gi7/47,"['IDF:', 'DF3-2W_APs']",no
Gi7/48,"['IDF:', 'DF3-2W_APs']",no
