Interface,Description,Used
Gi1/2,"['IDF:', 'DF5-2E_Data', 'Gi1/20', 'down', 'down', 'IDF:', 'DF5-2E_Data', 'Gi1/21', 'down', 'down', 'IDF:', 'DF5-2E_Data', 'Gi1/22', 'down', 'down', 'IDF:', 'DF5-2E_Data', 'Gi1/23', 'down', 'down', 'IDF:', 'DF5-2E_Data', 'Gi1/24', 'up', 'up', 'IDF:', 'DF5-2E_Data', 'Gi1/25', 'up', 'up', 'IDF:', 'DF5-2E_Data', 'Gi1/26', 'up', 'up', 'IDF:', 'DF5-2E_Data', 'Gi1/27', 'up', 'up', 'IDF:', 'DF5-2E_Data', 'Gi1/28', 'up', 'up', 'IDF:', 'DF5-2E_Data', 'Gi1/29', 'up', 'up', 'IDF:', 'DF5-2E_Data']",no
Gi1/8,"['IDF:', 'DF5-2E_Data']",no
Gi1/9,"['IDF:', 'DF5-2E_Data']",no
Gi1/10,"['IDF:', 'DF5-2E_Data']",no
Gi1/16,"['IDF:', 'DF5-2E_Data']",no
Gi1/17,"['IDF:', 'DF5-2E_Data']",no
Gi1/18,"['IDF:', 'DF5-2E_Data']",yes
Gi1/20,"['IDF:', 'DF5-2E_Data']",no
Gi1/21,"['IDF:', 'DF5-2E_Data']",no
Gi1/22,"['IDF:', 'DF5-2E_Data']",no
Gi1/23,"['IDF:', 'DF5-2E_Data']",no
Gi1/30,"['IDF:', 'DF5-2E_Data']",no
Gi1/31,"['IDF:', 'DF5-2E_Data']",no
Gi1/33,"['IDF:', 'DF5-2E_Data']",no
Gi1/34,"['IDF:', 'DF5-2E_Data']",no
Gi1/35,"['IDF:', 'DF5-2E_Data']",no
Gi1/36,"['IDF:', 'DF5-2E_Data']",no
Gi1/37,"['IDF:', 'DF5-2E_Data']",no
Gi1/38,"['IDF:', 'DF5-2E_Data']",no
Gi1/39,"['IDF:', 'DF5-2E_Data']",no
Gi1/40,"['IDF:', 'DF5-2E_Data']",no
Gi1/42,"['IDF:', 'DF5-2E_Data']",no
Gi1/43,"['IDF:', 'DF5-2E_Data']",yes
Gi1/44,"['IDF:', 'DF5-2E_Data']",no
Gi2/1,"['IDF:', 'DF5-2E_Data', 'Gi2/10', 'down', 'down', 'IDF:', 'DF5-2E_Data', 'Gi2/11', 'down', 'down', 'IDF:', 'DF5-2E_Data', 'Gi2/12', 'down', 'down', 'IDF:', 'DF5-2E_Data', 'Gi2/13', 'up', 'up', 'IDF:', 'DF5-2E_Data', 'Gi2/14', 'up', 'up', 'IDF:', 'DF5-2E_Data', 'Gi2/15', 'up', 'up', 'IDF:', 'DF5-2E_Data', 'Gi2/16', 'down', 'down', 'IDF:', 'DF5-2E_Data', 'Gi2/17', 'up', 'up', 'IDF:', 'DF5-2E_Data', 'Gi2/18', 'up', 'up', 'IDF:', 'DF5-2E_Data', 'Gi2/19', 'up', 'up', 'IDF:', 'DF5-2E_Data']",no
Gi2/2,"['IDF:', 'DF5-2E_Data', 'Gi2/20', 'up', 'up', 'IDF:', 'DF5-2E_Data', 'Gi2/21', 'up', 'up', 'IDF:', 'DF5-2E_Data', 'Gi2/22', 'up', 'up', 'IDF:', 'DF5-2E_Data', 'Gi2/23', 'down', 'down', 'IDF:', 'DF5-2E_Data', 'Gi2/24', 'up', 'up', 'IDF:', 'DF5-2E_Data', 'Gi2/25', 'up', 'up', 'IDF:', 'DF5-2E_Data', 'Gi2/26', 'up', 'up', 'IDF:', 'DF5-2E_Data', 'Gi2/27', 'up', 'up', 'IDF:', 'DF5-2E_Data', 'Gi2/28', 'up', 'up', 'IDF:', 'DF5-2E_Data', 'Gi2/29', 'up', 'up', 'IDF:', 'DF5-2E_Data']",no
Gi2/3,"['IDF:', 'DF5-2E_Data', 'Gi2/30', 'down', 'down', 'IDF:', 'DF5-2E_Data', 'Gi2/31', 'up', 'up', 'IDF:', 'DF5-2E_Data', 'Gi2/32', 'up', 'up', 'IDF:', 'DF5-2E_Data', 'Gi2/33', 'up', 'up', 'IDF:', 'DF5-2E_Data', 'Gi2/34', 'up', 'up', 'IDF:', 'DF5-2E_Data', 'Gi2/35', 'up', 'up', 'IDF:', 'DF5-2E_Data', 'Gi2/36', 'up', 'up', 'IDF:', 'DF5-2E_Data', 'Gi2/37', 'down', 'down', 'IDF:', 'DF5-2E_Data', 'Gi2/38', 'down', 'down', 'IDF:', 'DF5-2E_Data', 'Gi2/39', 'down', 'down', 'IDF:', 'DF5-2E_Data']",no
Gi2/4,"['IDF:', 'DF5-2E_Data', 'Gi2/40', 'down', 'down', 'IDF:', 'DF5-2E_Data', 'Gi2/41', 'up', 'up', 'IDF:', 'DF5-2E_Data', 'Gi2/42', 'down', 'down', 'IDF:', 'DF5-2E_Data', 'Gi2/43', 'up', 'up', 'IDF:', 'DF5-2E_Data', 'Gi2/44', 'up', 'up', 'IDF:', 'DF5-2E_Data', 'Gi2/45', 'down', 'down', 'IDF:', 'DF5-2E_APs', 'Gi2/46', 'up', 'up', 'IDF:', 'DF5-2E_APs', 'Gi2/47', 'up', 'up', 'IDF:', 'DF5-2E_APs', 'Gi2/48', 'up', 'up', 'IDF:', 'DF5-2E_APs']",no
Gi2/5,"['IDF:', 'DF5-2E_Data']",no
Gi2/6,"['IDF:', 'DF5-2E_Data']",no
Gi2/7,"['IDF:', 'DF5-2E_Data']",no
Gi2/8,"['IDF:', 'DF5-2E_Data']",no
Gi2/9,"['IDF:', 'DF5-2E_Data']",no
Gi2/10,"['IDF:', 'DF5-2E_Data']",no
Gi2/11,"['IDF:', 'DF5-2E_Data']",no
Gi2/12,"['IDF:', 'DF5-2E_Data']",no
Gi2/16,"['IDF:', 'DF5-2E_Data']",no
Gi2/23,"['IDF:', 'DF5-2E_Data']",no
Gi2/30,"['IDF:', 'DF5-2E_Data']",no
Gi2/37,"['IDF:', 'DF5-2E_Data']",no
Gi2/38,"['IDF:', 'DF5-2E_Data']",no
Gi2/39,"['IDF:', 'DF5-2E_Data']",no
Gi2/40,"['IDF:', 'DF5-2E_Data']",no
Gi2/42,"['IDF:', 'DF5-2E_Data']",no
Gi2/45,"['IDF:', 'DF5-2E_APs']",no
Gi3/1,"['IDF:', 'DF5-2E_Data', 'Gi3/10', 'up', 'up', 'IDF:', 'DF5-2E_Data', 'Gi3/11', 'up', 'up', 'IDF:', 'DF5-2E_Data', 'Gi3/12', 'up', 'up', 'IDF:', 'DF5-2E_Data', 'Gi3/13', 'up', 'up', 'IDF:', 'DF5-2E_Data', 'Gi3/14', 'up', 'up', 'IDF:', 'DF5-2E_Data', 'Gi3/15', 'down', 'down', 'IDF:', 'DF5-2E_Data', 'Gi3/16', 'up', 'up', 'IDF:', 'DF5-2E_Data', 'Gi3/17', 'up', 'up', 'IDF:', 'DF5-2E_Data', 'Gi3/18', 'up', 'up', 'IDF:', 'DF5-2E_Data', 'Gi3/19', 'up', 'up', 'IDF:', 'DF5-2E_Data']",no
Gi3/8,"['IDF:', 'DF5-2E_Data']",no
Gi3/15,"['IDF:', 'DF5-2E_Data']",no
Gi3/22,"['IDF:', 'DF5-2E_Data']",no
Gi3/25,"['IDF:', 'DF5-2E_Data']",yes
Gi3/26,"['IDF:', 'DF5-2E_Data']",no
Gi3/34,"['IDF:', 'DF5-2E_Data']",no
Gi3/38,"['IDF:', 'DF5-2E_Data']",no
Gi3/39,"['IDF:', 'DF5-2E_Data']",no
Gi3/40,"['IDF:', 'DF5-2E_Data']",no
Gi3/41,"['IDF:', 'DF5-2E_Data']",no
Gi3/42,"['IDF:', 'DF5-2E_Data']",no
Gi3/43,"['IDF:', 'DF5-2E_Data']",no
Gi3/44,"['IDF:', 'DF5-2E_Data']",no
Gi3/45,"['IDF:', 'DF5-2E_APs']",no
Gi3/46,"['IDF:', 'DF5-2E_APs']",no
Gi3/48,"['IDF:', 'DF5-2E_APs']",no
Gi4/3,"['IDF:', 'DF5-2E_Data', 'Gi4/30', 'down', 'down', 'IDF:', 'DF5-2E_Data', 'Gi4/31', 'down', 'down', 'IDF:', 'DF5-2E_Data', 'Gi4/32', 'down', 'down', 'IDF:', 'DF5-2E_Data', 'Gi4/33', 'down', 'down', 'IDF:', 'DF5-2E_Data', 'Gi4/34', 'down', 'down', 'IDF:', 'DF5-2E_Data', 'Gi4/35', 'down', 'down', 'IDF:', 'DF5-2E_Data', 'Gi4/36', 'down', 'down', 'IDF:', 'DF5-2E_Data', 'Gi4/37', 'down', 'down', 'IDF:', 'DF5-2E_Data', 'Gi4/38', 'down', 'down', 'IDF:', 'DF5-2E_Data', 'Gi4/39', 'down', 'down', 'IDF:', 'DF5-2E_Data']",no
Gi4/4,"['IDF:', 'DF5-2E_Data', 'Gi4/40', 'down', 'down', 'IDF:', 'DF5-2E_Data', 'Gi4/41', 'down', 'down', 'IDF:', 'DF5-2E_Data', 'Gi4/42', 'down', 'down', 'IDF:', 'DF5-2E_Data', 'Gi4/43', 'down', 'down', 'IDF:', 'DF5-2E_Data', 'Gi4/44', 'down', 'down', 'IDF:', 'DF5-2E_Data', 'Gi4/45', 'down', 'down', 'IDF:', 'DF5-2E_APs', 'Gi4/46', 'up', 'up', 'IDF:', 'DF5-2E_APs', 'Gi4/47', 'up', 'up', 'IDF:', 'DF5-2E_APs', 'Gi4/48', 'up', 'up', 'IDF:', 'DF5-2E_APs']",no
Gi4/5,"['IDF:', 'DF5-2E_Data']",no
Gi4/6,"['IDF:', 'DF5-2E_Data']",no
Gi4/7,"['IDF:', 'DF5-2E_Data']",no
Gi4/8,"['IDF:', 'DF5-2E_Data']",no
Gi4/9,"['IDF:', 'DF5-2E_Data']",no
Gi4/10,"['IDF:', 'DF5-2E_Data']",no
Gi4/11,"['IDF:', 'DF5-2E_Data']",no
Gi4/12,"['IDF:', 'DF5-2E_Data']",no
Gi4/13,"['IDF:', 'DF5-2E_Data']",no
Gi4/14,"['IDF:', 'DF5-2E_Data']",no
Gi4/15,"['IDF:', 'DF5-2E_Data']",no
Gi4/16,"['IDF:', 'DF5-2E_Data']",no
Gi4/17,"['IDF:', 'DF5-2E_Data']",no
Gi4/18,"['IDF:', 'DF5-2E_Data']",no
Gi4/19,"['IDF:', 'DF5-2E_Data']",no
Gi4/20,"['IDF:', 'DF5-2E_Data']",no
Gi4/21,"['IDF:', 'DF5-2E_Data']",no
Gi4/22,"['IDF:', 'DF5-2E_Data']",no
Gi4/23,"['IDF:', 'DF5-2E_Data']",no
Gi4/24,"['IDF:', 'DF5-2E_Data']",no
Gi4/25,"['IDF:', 'DF5-2E_Data']",no
Gi4/26,"['IDF:', 'DF5-2E_Data']",no
Gi4/27,"['IDF:', 'DF5-2E_Data']",no
Gi4/28,"['IDF:', 'DF5-2E_Data']",no
Gi4/29,"['IDF:', 'DF5-2E_Data']",no
Gi4/30,"['IDF:', 'DF5-2E_Data']",no
Gi4/31,"['IDF:', 'DF5-2E_Data']",no
Gi4/32,"['IDF:', 'DF5-2E_Data']",no
Gi4/33,"['IDF:', 'DF5-2E_Data']",no
Gi4/34,"['IDF:', 'DF5-2E_Data']",no
Gi4/35,"['IDF:', 'DF5-2E_Data']",no
Gi4/36,"['IDF:', 'DF5-2E_Data']",no
Gi4/37,"['IDF:', 'DF5-2E_Data']",no
Gi4/38,"['IDF:', 'DF5-2E_Data']",no
Gi4/39,"['IDF:', 'DF5-2E_Data']",no
Gi4/40,"['IDF:', 'DF5-2E_Data']",no
Gi4/41,"['IDF:', 'DF5-2E_Data']",no
Gi4/42,"['IDF:', 'DF5-2E_Data']",no
Gi4/43,"['IDF:', 'DF5-2E_Data']",no
Gi4/44,"['IDF:', 'DF5-2E_Data']",no
Gi4/45,"['IDF:', 'DF5-2E_APs']",no
Te5/2,[],no
Te5/3,[],no
Te5/4,[],no
Te6/2,[],no
Te6/3,[],no
Te6/4,[],no
