Interface,Description,Used
Gi1/2,"['IDF:', 'DF5-1E_Data', 'Gi1/20', 'down', 'down', 'IDF:', 'DF5-1E_Data', 'Gi1/21', 'down', 'down', 'IDF:', 'DF5-1E_Data', 'Gi1/22', 'down', 'down', 'IDF:', 'DF5-1E_Data', 'Gi1/23', 'down', 'down', 'IDF:', 'DF5-1E_Data', 'Gi1/24', 'down', 'down', 'IDF:', 'DF5-1E_Data', 'Gi1/25', 'up', 'up', 'IDF:', 'DF5-1E_Data', 'Gi1/26', 'up', 'up', 'IDF:', 'DF5-1E_Data', 'Gi1/27', 'up', 'up', 'IDF:', 'DF5-1E_Data', 'Gi1/28', 'down', 'down', 'IDF:', 'DF5-1E_Data', 'Gi1/29', 'down', 'down', 'IDF:', 'DF5-1E_Data']",no
Gi1/8,"['IDF:', 'DF5-1E_Data']",no
Gi1/9,"['IDF:', 'DF5-1E_Data']",no
Gi1/10,"['IDF:', 'DF5-1E_Data']",no
Gi1/11,"['IDF:', 'DF5-1E_Data']",no
Gi1/12,"['IDF:', 'DF5-1E_Data']",no
Gi1/13,"['IDF:', 'DF5-1E_Data']",no
Gi1/14,"['IDF:', 'DF5-1E_Data']",no
Gi1/16,"['IDF:', 'DF5-1E_Data']",no
Gi1/18,"['IDF:', 'DF5-1E_Data']",no
Gi1/19,"['IDF:', 'DF5-1E_Data']",no
Gi1/20,"['IDF:', 'DF5-1E_Data']",no
Gi1/21,"['IDF:', 'DF5-1E_Data']",no
Gi1/22,"['IDF:', 'DF5-1E_Data']",no
Gi1/23,"['IDF:', 'DF5-1E_Data']",no
Gi1/24,"['IDF:', 'DF5-1E_Data']",no
Gi1/28,"['IDF:', 'DF5-1E_Data']",no
Gi1/29,"['IDF:', 'DF5-1E_Data']",no
Gi1/30,"['IDF:', 'DF5-1E_Data']",no
Gi1/31,"['IDF:', 'DF5-1E_Data']",no
Gi1/32,"['IDF:', 'DF5-1E_Data']",no
Gi1/33,"['IDF:', 'DF5-1E_Data']",no
Gi1/34,"['IDF:', 'DF5-1E_Data']",no
Gi1/35,"['IDF:', 'DF5-1E_Data']",no
Gi1/36,"['IDF:', 'DF5-1E_Data']",no
Gi1/37,"['IDF:', 'DF5-1E_Data']",no
Gi1/38,"['IDF:', 'DF5-1E_Data']",no
Gi1/39,"['IDF:', 'DF5-1E_Data']",no
Gi1/40,"['IDF:', 'DF5-1E_Data']",no
Gi1/41,"['IDF:', 'DF5-1E_Data']",no
Gi1/42,"['IDF:', 'DF5-1E_Data']",no
Gi1/43,"['IDF:', 'DF5-1E_Data']",no
Gi1/44,"['IDF:', 'DF5-1E_Data']",no
Gi1/46,"['IDF:', 'DF5-1E_APs']",no
Gi2/2,"['IDF:', 'DF5-1E_Data', 'Gi2/20', 'down', 'down', 'IDF:', 'DF5-1E_Data', 'Gi2/21', 'down', 'down', 'IDF:', 'DF5-1E_Data', 'Gi2/22', 'down', 'down', 'IDF:', 'DF5-1E_Data', 'Gi2/23', 'up', 'up', 'IDF:', 'DF5-1E_Data', 'Gi2/24', 'down', 'down', 'IDF:', 'DF5-1E_Data', 'Gi2/25', 'down', 'down', 'IDF:', 'DF5-1E_Data', 'Gi2/26', 'down', 'down', 'IDF:', 'DF5-1E_Data', 'Gi2/27', 'up', 'up', 'IDF:', 'DF5-1E_Data', 'Gi2/28', 'up', 'up', 'IDF:', 'DF5-1E_Data', 'Gi2/29', 'up', 'up', 'IDF:', 'DF5-1E_Data']",yes
Gi2/4,"['IDF:', 'DF5-1E_Data', 'Gi2/40', 'down', 'down', 'IDF:', 'DF5-1E_Data', 'Gi2/41', 'down', 'down', 'IDF:', 'DF5-1E_Data', 'Gi2/42', 'down', 'down', 'IDF:', 'DF5-1E_Data', 'Gi2/43', 'down', 'down', 'IDF:', 'DF5-1E_Data', 'Gi2/44', 'down', 'down', 'IDF:', 'DF5-1E_Data', 'Gi2/45', 'down', 'down', 'IDF:', 'DF5-1E_APs', 'Gi2/46', 'down', 'down', 'IDF:', 'DF5-1E_APs', 'Gi2/47', 'up', 'up', 'IDF:', 'DF5-1E_APs', 'Gi2/48', 'up', 'up', 'IDF:', 'DF5-1E_APs']",no
Gi2/6,"['IDF:', 'DF5-1E_Data']",no
Gi2/12,"['IDF:', 'DF5-1E_Data']",no
Gi2/13,"['IDF:', 'DF5-1E_Data']",no
Gi2/18,"['IDF:', 'DF5-1E_Data']",no
Gi2/19,"['IDF:', 'DF5-1E_Data']",no
Gi2/20,"['IDF:', 'DF5-1E_Data']",yes
Gi2/21,"['IDF:', 'DF5-1E_Data']",yes
Gi2/22,"['IDF:', 'DF5-1E_Data']",no
Gi2/24,"['IDF:', 'DF5-1E_Data']",no
Gi2/25,"['IDF:', 'DF5-1E_Data']",no
Gi2/26,"['IDF:', 'DF5-1E_Data']",no
Gi2/32,"['IDF:', 'DF5-1E_Data']",no
Gi2/33,"['IDF:', 'DF5-1E_Data']",no
Gi2/34,"['IDF:', 'DF5-1E_Data']",no
Gi2/35,"['IDF:', 'DF5-1E_Data']",no
Gi2/36,"['IDF:', 'DF5-1E_Data']",no
Gi2/37,"['IDF:', 'DF5-1E_Data']",no
Gi2/38,"['IDF:', 'DF5-1E_Data']",no
Gi2/39,"['IDF:', 'DF5-1E_Data']",no
Gi2/40,"['IDF:', 'DF5-1E_Data']",no
Gi2/41,"['IDF:', 'DF5-1E_Data']",no
Gi2/42,"['IDF:', 'DF5-1E_Data']",no
Gi2/43,"['IDF:', 'DF5-1E_Data']",no
Gi2/44,"['IDF:', 'DF5-1E_Data']",no
Gi2/45,"['IDF:', 'DF5-1E_APs']",no
Gi2/46,"['IDF:', 'DF5-1E_APs']",no
Gi3/1,"['IDF:', 'DF5-1E_Data', 'Gi3/10', 'down', 'down', 'IDF:', 'DF5-1E_Data', 'Gi3/11', 'down', 'down', 'IDF:', 'DF5-1E_Data', 'Gi3/12', 'down', 'down', 'IDF:', 'DF5-1E_Data', 'Gi3/13', 'down', 'down', 'IDF:', 'DF5-1E_Data', 'Gi3/14', 'down', 'down', 'IDF:', 'DF5-1E_Data', 'Gi3/15', 'down', 'down', 'IDF:', 'DF5-1E_Data', 'Gi3/16', 'down', 'down', 'IDF:', 'DF5-1E_Data', 'Gi3/17', 'down', 'down', 'IDF:', 'DF5-1E_Data', 'Gi3/18', 'down', 'down', 'IDF:', 'DF5-1E_Data', 'Gi3/19', 'down', 'down', 'IDF:', 'DF5-1E_Data']",no
Gi3/2,"['IDF:', 'DF5-1E_Data', 'Gi3/20', 'down', 'down', 'IDF:', 'DF5-1E_Data', 'Gi3/21', 'up', 'up', 'IDF:', 'DF5-1E_Data', 'Gi3/22', 'up', 'up', 'IDF:', 'DF5-1E_Data', 'Gi3/23', 'up', 'up', 'IDF:', 'DF5-1E_Data', 'Gi3/24', 'up', 'up', 'IDF:', 'DF5-1E_Data', 'Gi3/25', 'down', 'down', 'IDF:', 'DF5-1E_Data', 'Gi3/26', 'down', 'down', 'IDF:', 'DF5-1E_Data', 'Gi3/27', 'down', 'down', 'IDF:', 'DF5-1E_Data', 'Gi3/28', 'down', 'down', 'IDF:', 'DF5-1E_Data', 'Gi3/29', 'down', 'down', 'IDF:', 'DF5-1E_Data']",no
Gi3/3,"['IDF:', 'DF5-1E_Data', 'Gi3/30', 'up', 'up', 'IDF:', 'DF5-1E_Data', 'Gi3/31', 'down', 'down', 'IDF:', 'DF5-1E_Data', 'Gi3/32', 'down', 'down', 'IDF:', 'DF5-1E_Data', 'Gi3/33', 'down', 'down', 'IDF:', 'DF5-1E_Data', 'Gi3/34', 'down', 'down', 'Desktop', 'Gi3/35', 'down', 'down', 'IDF:', 'DF5-1E_Data', 'Gi3/36', 'down', 'down', 'IDF:', 'DF5-1E_Data', 'Gi3/37', 'down', 'down', 'IDF:', 'DF5-1E_Data', 'Gi3/38', 'down', 'down', 'IDF:', 'DF5-1E_Data', 'Gi3/39', 'down', 'down', 'IDF:', 'DF5-1E_Data']",no
Gi3/5,"['IDF:', 'DF5-1E_Data']",no
Gi3/7,"['IDF:', 'DF5-1E_Data']",no
Gi3/8,"['IDF:', 'DF5-1E_Data']",no
Gi3/9,"['IDF:', 'DF5-1E_Data']",no
Gi3/10,"['IDF:', 'DF5-1E_Data']",no
Gi3/11,"['IDF:', 'DF5-1E_Data']",no
Gi3/12,"['IDF:', 'DF5-1E_Data']",no
Gi3/13,"['IDF:', 'DF5-1E_Data']",no
Gi3/14,"['IDF:', 'DF5-1E_Data']",no
Gi3/15,"['IDF:', 'DF5-1E_Data']",no
Gi3/16,"['IDF:', 'DF5-1E_Data']",no
Gi3/17,"['IDF:', 'DF5-1E_Data']",no
Gi3/18,"['IDF:', 'DF5-1E_Data']",no
Gi3/19,"['IDF:', 'DF5-1E_Data']",no
Gi3/20,"['IDF:', 'DF5-1E_Data']",no
Gi3/25,"['IDF:', 'DF5-1E_Data']",no
Gi3/26,"['IDF:', 'DF5-1E_Data']",no
Gi3/27,"['IDF:', 'DF5-1E_Data']",no
Gi3/28,"['IDF:', 'DF5-1E_Data']",no
Gi3/29,"['IDF:', 'DF5-1E_Data']",no
Gi3/31,"['IDF:', 'DF5-1E_Data']",no
Gi3/32,"['IDF:', 'DF5-1E_Data']",no
Gi3/33,"['IDF:', 'DF5-1E_Data']",no
Gi3/34,['Desktop'],yes
Gi3/35,"['IDF:', 'DF5-1E_Data']",no
Gi3/36,"['IDF:', 'DF5-1E_Data']",no
Gi3/37,"['IDF:', 'DF5-1E_Data']",no
Gi3/38,"['IDF:', 'DF5-1E_Data']",no
Gi3/39,"['IDF:', 'DF5-1E_Data']",no
Gi3/40,['Desktop-Linksys'],yes
Gi3/41,"['IDF:', 'DF5-1E_Data']",yes
Gi3/42,"['IDF:', 'DF5-1E_Data']",no
Gi3/43,"['IDF:', 'DF5-1E_Data']",no
Gi3/44,"['IDF:', 'DF5-1E_Data']",no
Gi3/45,"['IDF:', 'DF5-1E_APs']",no
Gi3/46,"['IDF:', 'DF5-1E_APs']",no
Gi3/48,"['IDF:', 'DF5-1E_APs']",no
Gi4/1,"['IDF:', 'DF5-1E_Data', 'Gi4/10', 'down', 'down', 'IDF:', 'DF5-1E_Data', 'Gi4/11', 'down', 'down', 'IDF:', 'DF5-1E_Data', 'Gi4/12', 'down', 'down', 'IDF:', 'DF5-1E_Data', 'Gi4/13', 'down', 'down', 'IDF:', 'DF5-1E_Data', 'Gi4/14', 'down', 'down', 'IDF:', 'DF5-1E_Data', 'Gi4/15', 'down', 'down', 'IDF:', 'DF5-1E_Data', 'Gi4/16', 'down', 'down', 'IDF:', 'DF5-1E_Data', 'Gi4/17', 'down', 'down', 'IDF:', 'DF5-1E_Data', 'Gi4/18', 'down', 'down', 'IDF:', 'DF5-1E_Data', 'Gi4/19', 'down', 'down', 'IDF:', 'DF5-1E_Data']",no
Gi4/2,"['IDF:', 'DF5-1E_Data', 'Gi4/20', 'down', 'down', 'IDF:', 'DF5-1E_Data', 'Gi4/21', 'down', 'down', 'IDF:', 'DF5-1E_Data', 'Gi4/22', 'down', 'down', 'IDF:', 'DF5-1E_Data', 'Gi4/23', 'up', 'up', 'IDF:', 'DF5-1E_Data', 'Gi4/24', 'down', 'down', 'IDF:', 'DF5-1E_Data', 'Gi4/25', 'up', 'up', 'IDF:', 'DF5-1E_Data', 'Gi4/26', 'down', 'down', 'IDF:', 'DF5-1E_Data', 'Gi4/27', 'down', 'down', 'IDF:', 'DF5-1E_Data', 'Gi4/28', 'down', 'down', 'IDF:', 'DF5-1E_Data', 'Gi4/29', 'down', 'down', 'IDF:', 'DF5-1E_Data']",no
Gi4/3,"['IDF:', 'DF5-1E_Data', 'Gi4/30', 'down', 'down', 'IDF:', 'DF5-1E_Data', 'Gi4/31', 'down', 'down', 'IDF:', 'DF5-1E_Data', 'Gi4/32', 'down', 'down', 'IDF:', 'DF5-1E_Data', 'Gi4/33', 'down', 'down', 'IDF:', 'DF5-1E_Data', 'Gi4/34', 'down', 'down', 'IDF:', 'DF5-1E_Data', 'Gi4/35', 'down', 'down', 'IDF:', 'DF5-1E_Data', 'Gi4/36', 'down', 'down', 'IDF:', 'DF5-1E_Data', 'Gi4/37', 'down', 'down', 'IDF:', 'DF5-1E_Data', 'Gi4/38', 'down', 'down', 'IDF:', 'DF5-1E_Data', 'Gi4/39', 'down', 'down', 'IDF:', 'DF5-1E_Data']",no
Gi4/4,"['IDF:', 'DF5-1E_Data', 'Gi4/40', 'down', 'down', 'IDF:', 'DF5-1E_Data', 'Gi4/41', 'down', 'down', 'IDF:', 'DF5-1E_Data', 'Gi4/42', 'down', 'down', 'IDF:', 'DF5-1E_Data', 'Gi4/43', 'down', 'down', 'IDF:', 'DF5-1E_Data', 'Gi4/44', 'down', 'down', 'IDF:', 'DF5-1E_Data', 'Gi4/45', 'down', 'down', 'IDF:', 'DF5-1E_APs', 'Gi4/46', 'down', 'down', 'IDF:', 'DF5-1E_APs', 'Gi4/47', 'down', 'down', 'IDF:', 'DF5-1E_APs', 'Gi4/48', 'down', 'down', 'IDF:', 'DF5-1E_APs']",no
Gi4/5,"['IDF:', 'DF5-1E_Data']",no
Gi4/6,"['IDF:', 'DF5-1E_Data']",no
Gi4/7,"['IDF:', 'DF5-1E_Data']",no
Gi4/8,"['IDF:', 'DF5-1E_Data']",no
Gi4/9,"['IDF:', 'DF5-1E_Data']",no
Gi4/10,"['IDF:', 'DF5-1E_Data']",no
Gi4/11,"['IDF:', 'DF5-1E_Data']",no
Gi4/12,"['IDF:', 'DF5-1E_Data']",no
Gi4/13,"['IDF:', 'DF5-1E_Data']",no
Gi4/14,"['IDF:', 'DF5-1E_Data']",no
Gi4/15,"['IDF:', 'DF5-1E_Data']",no
Gi4/16,"['IDF:', 'DF5-1E_Data']",no
Gi4/17,"['IDF:', 'DF5-1E_Data']",no
Gi4/18,"['IDF:', 'DF5-1E_Data']",no
Gi4/19,"['IDF:', 'DF5-1E_Data']",no
Gi4/20,"['IDF:', 'DF5-1E_Data']",no
Gi4/21,"['IDF:', 'DF5-1E_Data']",no
Gi4/22,"['IDF:', 'DF5-1E_Data']",no
Gi4/24,"['IDF:', 'DF5-1E_Data']",no
Gi4/26,"['IDF:', 'DF5-1E_Data']",no
Gi4/27,"['IDF:', 'DF5-1E_Data']",no
Gi4/28,"['IDF:', 'DF5-1E_Data']",no
Gi4/29,"['IDF:', 'DF5-1E_Data']",no
Gi4/30,"['IDF:', 'DF5-1E_Data']",no
Gi4/31,"['IDF:', 'DF5-1E_Data']",no
Gi4/32,"['IDF:', 'DF5-1E_Data']",no
Gi4/33,"['IDF:', 'DF5-1E_Data']",no
Gi4/34,"['IDF:', 'DF5-1E_Data']",no
Gi4/35,"['IDF:', 'DF5-1E_Data']",no
Gi4/36,"['IDF:', 'DF5-1E_Data']",no
Gi4/37,"['IDF:', 'DF5-1E_Data']",no
Gi4/38,"['IDF:', 'DF5-1E_Data']",no
Gi4/39,"['IDF:', 'DF5-1E_Data']",no
Gi4/40,"['IDF:', 'DF5-1E_Data']",no
Gi4/41,"['IDF:', 'DF5-1E_Data']",no
Gi4/42,"['IDF:', 'DF5-1E_Data']",no
Gi4/43,"['IDF:', 'DF5-1E_Data']",no
Gi4/44,"['IDF:', 'DF5-1E_Data']",no
Gi4/45,"['IDF:', 'DF5-1E_APs']",no
Gi4/46,"['IDF:', 'DF5-1E_APs']",no
Gi4/47,"['IDF:', 'DF5-1E_APs']",no
Gi4/48,[],no
Te5/2,[],no
Te5/3,[],no
Te5/4,[],no
Te6/2,[],no
Te6/3,[],no
Te6/4,[],no
Gi7/1,"['IDF:', 'DF5-1E_Data', 'Gi7/20', 'down', 'down', 'IDF:', 'DF5-1E_Data', 'Gi7/21', 'down', 'down', 'IDF:', 'DF5-1E_Data', 'Gi7/22', 'down', 'down', 'IDF:', 'DF5-1E_Data', 'Gi7/23', 'down', 'down', 'IDF:', 'DF5-1E_Data', 'Gi7/24', 'down', 'down', 'IDF:', 'DF5-1E_Data', 'Gi7/25', 'down', 'down', 'IDF:', 'DF5-1E_Data', 'Gi7/26', 'down', 'down', 'IDF:', 'DF5-1E_Data', 'Gi7/27', 'down', 'down', 'IDF:', 'DF5-1E_Data', 'Gi7/28', 'down', 'down', 'IDF:', 'DF5-1E_Data', 'Gi7/29', 'down', 'down', 'IDF:', 'DF5-1E_Data']",no
Gi7/2,"['IDF:', 'DF5-1E_Data', 'Gi7/20', 'down', 'down', 'IDF:', 'DF5-1E_Data', 'Gi7/21', 'down', 'down', 'IDF:', 'DF5-1E_Data', 'Gi7/22', 'down', 'down', 'IDF:', 'DF5-1E_Data', 'Gi7/23', 'down', 'down', 'IDF:', 'DF5-1E_Data', 'Gi7/24', 'down', 'down', 'IDF:', 'DF5-1E_Data', 'Gi7/25', 'down', 'down', 'IDF:', 'DF5-1E_Data', 'Gi7/26', 'down', 'down', 'IDF:', 'DF5-1E_Data', 'Gi7/27', 'down', 'down', 'IDF:', 'DF5-1E_Data', 'Gi7/28', 'down', 'down', 'IDF:', 'DF5-1E_Data', 'Gi7/29', 'down', 'down', 'IDF:', 'DF5-1E_Data']",no
Gi7/3,"['IDF:', 'DF5-1E_Data', 'Gi7/30', 'down', 'down', 'IDF:', 'DF5-1E_Data', 'Gi7/31', 'down', 'down', 'IDF:', 'DF5-1E_Data', 'Gi7/32', 'down', 'down', 'IDF:', 'DF5-1E_Data', 'Gi7/33', 'down', 'down', 'IDF:', 'DF5-1E_Data', 'Gi7/34', 'down', 'down', 'IDF:', 'DF5-1E_Data', 'Gi7/35', 'down', 'down', 'IDF:', 'DF5-1E_Data', 'Gi7/36', 'down', 'down', 'IDF:', 'DF5-1E_Data', 'Gi7/37', 'down', 'down', 'IDF:', 'DF5-1E_Data', 'Gi7/38', 'down', 'down', 'IDF:', 'DF5-1E_Data', 'Gi7/39', 'down', 'down', 'IDF:', 'DF5-1E_Data']",no
Gi7/4,"['IDF:', 'DF5-1E_Data', 'Gi7/40', 'down', 'down', 'IDF:', 'DF5-1E_Data', 'Gi7/41', 'down', 'down', 'IDF:', 'DF5-1E_Data', 'Gi7/42', 'down', 'down', 'IDF:', 'DF5-1E_Data', 'Gi7/43', 'down', 'down', 'IDF:', 'DF5-1E_Data', 'Gi7/44', 'down', 'down', 'IDF:', 'DF5-1E_Data', 'Gi7/45', 'up', 'up', 'IDF:', 'DF5-1E_APs', 'Gi7/46', 'down', 'down', 'IDF:', 'DF5-1E_APs', 'Gi7/47', 'up', 'up', 'IDF:', 'DF5-1E_APs', 'Gi7/48', 'up', 'up']",no
Gi7/5,"['IDF:', 'DF5-1E_Data']",no
Gi7/6,"['IDF:', 'DF5-1E_Data']",no
Gi7/7,"['IDF:', 'DF5-1E_Data']",no
Gi7/8,"['IDF:', 'DF5-1E_Data']",no
Gi7/9,"['IDF:', 'DF5-1E_Data']",no
Gi7/10,"['IDF:', 'DF5-1E_Data']",no
Gi7/11,"['IDF:', 'DF5-1E_Data']",no
Gi7/12,"['IDF:', 'DF5-1E_Data']",no
Gi7/13,"['IDF:', 'DF5-1E_Data']",no
Gi7/14,"['IDF:', 'DF5-1E_Data']",no
Gi7/15,"['IDF:', 'DF5-1E_Data']",no
Gi7/16,"['IDF:', 'DF5-1E_Data']",no
Gi7/17,"['IDF:', 'DF5-1E_Data']",no
Gi7/18,"['IDF:', 'DF5-1E_Data']",no
Gi7/19,"['IDF:', 'DF5-1E_Data']",no
Gi7/20,"['IDF:', 'DF5-1E_Data']",no
Gi7/21,"['IDF:', 'DF5-1E_Data']",no
Gi7/22,"['IDF:', 'DF5-1E_Data']",no
Gi7/23,"['IDF:', 'DF5-1E_Data']",no
Gi7/24,"['IDF:', 'DF5-1E_Data']",no
Gi7/25,"['IDF:', 'DF5-1E_Data']",no
Gi7/26,"['IDF:', 'DF5-1E_Data']",no
Gi7/27,"['IDF:', 'DF5-1E_Data']",no
Gi7/28,"['IDF:', 'DF5-1E_Data']",no
Gi7/29,"['IDF:', 'DF5-1E_Data']",no
Gi7/30,"['IDF:', 'DF5-1E_Data']",no
Gi7/31,"['IDF:', 'DF5-1E_Data']",no
Gi7/32,"['IDF:', 'DF5-1E_Data']",no
Gi7/33,"['IDF:', 'DF5-1E_Data']",no
Gi7/34,"['IDF:', 'DF5-1E_Data']",no
Gi7/35,"['IDF:', 'DF5-1E_Data']",no
Gi7/36,"['IDF:', 'DF5-1E_Data']",no
Gi7/37,"['IDF:', 'DF5-1E_Data']",no
Gi7/38,"['IDF:', 'DF5-1E_Data']",no
Gi7/39,"['IDF:', 'DF5-1E_Data']",no
Gi7/40,"['IDF:', 'DF5-1E_Data']",no
Gi7/41,"['IDF:', 'DF5-1E_Data']",no
Gi7/42,"['IDF:', 'DF5-1E_Data']",no
Gi7/43,"['IDF:', 'DF5-1E_Data']",no
Gi7/44,"['IDF:', 'DF5-1E_Data']",no
Gi7/46,"['IDF:', 'DF5-1E_APs']",no
