Interface,Description,Used
Gi1/3,"['IDF:', 'DF3-3E_Data', 'Gi1/30', 'up', 'up', 'IDF:', 'DF3-3E_Data', 'Gi1/31', 'up', 'up', 'IDF:', 'DF3-3E_Data', 'Gi1/32', 'up', 'up', 'IDF:', 'DF3-3E_Data', 'Gi1/33', 'down', 'down', 'IDF:', 'DF3-3E_Data', 'Gi1/34', 'up', 'up', 'IDF:', 'DF3-3E_Data', 'Gi1/35', 'down', 'down', 'IDF:', 'DF3-3E_Data', 'Gi1/36', 'up', 'up', 'IDF:', 'DF3-3E_Data', 'Gi1/37', 'down', 'down', 'IDF:', 'DF3-3E_Data', 'Gi1/38', 'down', 'down', 'IDF:', 'DF3-3E_Data', 'Gi1/39', 'down', 'down', 'IDF:', 'DF3-3E_Data']",no
Gi1/4,"['IDF:', 'DF3-3E_Data', 'Gi1/40', 'down', 'down', 'IDF:', 'DF3-3E_Data', 'Gi1/41', 'down', 'down', 'IDF:', 'DF3-3E_Data', 'Gi1/42', 'down', 'down', 'IDF:', 'DF3-3E_Data', 'Gi1/43', 'up', 'up', 'CIO', 'Room', 'Kit', 'Plus', 'Gi1/44', 'up', 'up', 'IDF:', 'DF3-3E_Data', 'Gi1/45', 'up', 'up', 'IDF:', 'UPS', 'Gi1/46', 'up', 'up', 'IDF:', 'DF3-3E_APs', 'Gi1/47', 'up', 'up', 'IDF:', 'DF3-3E_APs', 'Gi1/48', 'up', 'up', 'IDF:', 'DF3-3E_APs']",yes
Gi1/7,"['IDF:', 'DF3-3E_Data']",no
Gi1/8,"['IDF:', 'DF3-3E_Data']",no
Gi1/10,"['IDF:', 'DF3-3E_Data']",no
Gi1/11,"['IDF:', 'DF3-3E_Data']",no
Gi1/13,"['IDF:', 'DF3-3E_Data']",yes
Gi1/19,"['IDF:', 'DF3-3E_Data']",yes
Gi1/22,"['IDF:', 'DF3-3E_Data']",no
Gi1/33,"['IDF:', 'DF3-3E_Data']",no
Gi1/35,"['IDF:', 'DF3-3E_Data']",no
Gi1/37,"['IDF:', 'DF3-3E_Data']",no
Gi1/38,"['IDF:', 'DF3-3E_Data']",no
Gi1/39,"['IDF:', 'DF3-3E_Data']",no
Gi1/40,"['IDF:', 'DF3-3E_Data']",no
Gi1/41,"['IDF:', 'DF3-3E_Data']",no
Gi1/42,"['IDF:', 'DF3-3E_Data']",no
Gi2/1,"['IDF:', 'DF3-3E_Data', 'Gi2/10', 'down', 'down', 'IDF:', 'DF3-3E_Data', 'Gi2/11', 'down', 'down', 'IDF:', 'DF3-3E_Data', 'Gi2/12', 'down', 'down', 'IDF:', 'DF3-3E_Data', 'Gi2/13', 'up', 'up', 'IDF:', 'DF3-3E_Data', 'Gi2/14', 'up', 'up', 'IDF:', 'DF3-3E_Data', 'Gi2/15', 'up', 'up', 'IDF:', 'DF3-3E_Data', 'Gi2/16', 'up', 'up', 'IDF:', 'DF3-3E_Data', 'Gi2/17', 'up', 'up', 'IDF:', 'DF3-3E_Data', 'Gi2/18', 'up', 'up', 'IDF:', 'DF3-3E_Data', 'Gi2/19', 'up', 'up', 'IDF:', 'DF3-3E_Data']",no
Gi2/2,"['IDF:', 'DF3-3E_Data', 'Gi2/20', 'up', 'up', 'IDF:', 'DF3-3E_Data', 'Gi2/21', 'up', 'up', 'IDF:', 'DF3-3E_Data', 'Gi2/22', 'up', 'up', 'IDF:', 'DF3-3E_Data', 'Gi2/23', 'up', 'up', 'IDF:', 'DF3-3E_Data', 'Gi2/24', 'up', 'up', 'IDF:', 'DF3-3E_Data', 'Gi2/25', 'up', 'up', 'IDF:', 'DF3-3E_Data', 'Gi2/26', 'up', 'up', 'IDF:', 'DF3-3E_Data', 'Gi2/27', 'up', 'up', 'IDF:', 'DF3-3E_Data', 'Gi2/28', 'down', 'down', 'IDF:', 'DF3-3E_Data', 'Gi2/29', 'up', 'up', 'IDF:', 'DF3-3E_Data']",no
Gi2/4,"['IDF:', 'DF3-3E_Data', 'Gi2/40', 'down', 'down', 'IDF:', 'DF3-3E_Data', 'Gi2/41', 'down', 'down', 'IDF:', 'DF3-3E_Data', 'Gi2/42', 'down', 'down', 'IDF:', 'DF3-3E_Data', 'Gi2/43', 'up', 'up', 'IDF:', 'DF3-3E_Data', 'Gi2/44', 'up', 'up', 'IDF:', 'DF3-3E_Data', 'Gi2/45', 'down', 'down', 'IDF:', 'DF3-3E_APs', 'Gi2/46', 'up', 'up', 'IDF:', 'DF3-3E_APs', 'Gi2/47', 'up', 'up', 'IDF:', 'DF3-3E_APs', 'Gi2/48', 'up', 'up', 'IDF:', 'DF3-3E_APs']",no
Gi2/5,"['IDF:', 'DF3-3E_Data']",no
Gi2/9,"['IDF:', 'DF3-3E_Data']",no
Gi2/10,"['IDF:', 'DF3-3E_Data']",no
Gi2/11,"['IDF:', 'DF3-3E_Data']",no
Gi2/12,"['IDF:', 'DF3-3E_Data']",no
Gi2/28,"['IDF:', 'DF3-3E_Data']",yes
Gi2/37,"['IDF:', 'DF3-3E_Data']",no
Gi2/38,"['IDF:', 'DF3-3E_Data']",no
Gi2/39,"['IDF:', 'DF3-3E_Data']",no
Gi2/40,"['IDF:', 'DF3-3E_Data']",no
Gi2/41,"['IDF:', 'DF3-3E_Data']",no
Gi2/42,"['IDF:', 'DF3-3E_Data']",no
Gi2/45,"['IDF:', 'DF3-3E_APs']",no
Te3/2,[],no
Te3/3,[],no
Te3/4,[],no
Te4/2,[],no
Te4/3,[],no
Te4/4,[],no
Gi5/17,"['IDF:', 'DF3-3E_Data']",yes
Gi5/37,"['IDF:', 'DF3-3E_Data']",no
Gi5/39,"['IDF:', 'DF3-3E_Data']",no
Gi5/41,"['IDF:', 'DF3-3E_Data']",no
Gi5/43,"['IDF:', 'DF3-3E_Data']",no
Gi5/44,"['IDF:', 'DF3-3E_Data']",no
Gi5/45,"['IDF:', 'DF3-3E_APs']",no
Gi5/46,"['IDF:', 'DF3-3E_APs']",no
Gi6/5,"['IDF:', 'DF3-3E_Data']",yes
Gi6/17,"['IDF:', 'DF3-3E_Data']",yes
Gi6/24,"['IDF:', 'DF3-3E_Data']",yes
Gi6/31,"['IDF:', 'DF3-3E_Data']",no
Gi6/32,"['IDF:', 'DF3-3E_Data']",no
Gi6/33,"['IDF:', 'DF3-3E_Data']",no
Gi6/34,"['IDF:', 'DF3-3E_Data']",no
Gi6/35,"['IDF:', 'DF3-3E_Data']",no
Gi6/36,"['IDF:', 'DF3-3E_Data']",no
Gi6/37,"['IDF:', 'DF3-3E_Data']",no
Gi6/42,"['IDF:', 'DF3-3E_Data']",no
Gi6/43,"['IDF:', 'DF3-3E_Data']",no
Gi6/46,"['IDF:', 'DF3-3E_APs']",no
Gi6/47,"['IDF:', 'DF3-3E_APs']",no
Gi6/48,"['IDF:', 'DF3-3E_APs']",no
Gi7/2,"['IDF:', 'DF3-3E_Data', 'Gi7/20', 'up', 'up', 'IDF:', 'DF3-3E_Data', 'Gi7/21', 'up', 'up', 'IDF:', 'DF3-3E_Data', 'Gi7/22', 'down', 'down', 'IDF:', 'DF3-3E_Data', 'Gi7/23', 'up', 'up', 'IDF:', 'DF3-3E_Data', 'Gi7/24', 'down', 'down', 'IDF:', 'DF3-3E_Data', 'Gi7/25', 'down', 'down', 'IDF:', 'DF3-3E_Data', 'Gi7/26', 'down', 'down', 'IDF:', 'DF3-3E_Data', 'Gi7/27', 'up', 'up', 'IDF:', 'DF3-3E_Data', 'Gi7/28', 'up', 'up', 'IDF:', 'DF3-3E_Data', 'Gi7/29', 'up', 'up', 'IDF:', 'DF3-3E_Data']",no
Gi7/3,"['IDF:', 'DF3-3E_Data', 'Gi7/30', 'up', 'up', 'IDF:', 'DF3-3E_Data', 'Gi7/31', 'down', 'down', 'IDF:', 'DF3-3E_Data', 'Gi7/32', 'up', 'up', 'IDF:', 'DF3-3E_Data', 'Gi7/33', 'down', 'down', 'IDF:', 'DF3-3E_Data', 'Gi7/34', 'down', 'down', 'IDF:', 'DF3-3E_Data', 'Gi7/35', 'down', 'down', 'IDF:', 'DF3-3E_Data', 'Gi7/36', 'up', 'up', 'IDF:', '-', '3560', 'ARO', 'Team', '3', 'Room', 'DF3-3E028', 'Gi7/37', 'down', 'down', 'IDF:', 'DF3-3E_Data', 'Gi7/38', 'down', 'down', 'IDF:', 'DF3-3E_Data', 'Gi7/39', 'down', 'down', 'IDF:', 'DF3-3E_Data']",no
Gi7/4,"['IDF:', 'DF3-3E_Data', 'Gi7/40', 'down', 'down', 'IDF:', 'DF3-3E_Data', 'Gi7/41', 'down', 'down', 'IDF:', 'DF3-3E_Data', 'Gi7/42', 'down', 'down', 'IDF:', 'DF3-3E_Data', 'Gi7/43', 'down', 'down', 'IDF:', 'DF3-3E_Data', 'Gi7/44', 'down', 'down', 'IDF:', 'DF3-3E_Data', 'Gi7/45', 'down', 'down', 'IDF:', 'DF3-3E_APs', 'Gi7/46', 'down', 'down', 'IDF:', 'DF3-3E_APs', 'Gi7/47', 'down', 'down', 'IDF:', 'DF3-3E_APs', 'Gi7/48', 'down', 'down', 'IDF:', 'DF3-3E_APs']",no
Gi7/5,"['IDF:', 'DF3-3E_Data']",no
Gi7/6,"['IDF:', 'DF3-3E_Data']",no
Gi7/7,"['IDF:', 'DF3-3E_Data']",no
Gi7/8,"['IDF:', 'DF3-3E_Data']",no
Gi7/9,"['IDF:', 'DF3-3E_Data']",no
Gi7/10,"['IDF:', 'DF3-3E_Data']",no
Gi7/11,"['IDF:', 'DF3-3E_Data']",no
Gi7/12,"['IDF:', 'DF3-3E_Data']",no
Gi7/15,"['IDF:', 'DF3-3E_Data']",no
Gi7/22,"['IDF:', 'DF3-3E_Data']",no
Gi7/24,"['IDF:', 'DF3-3E_Data']",no
Gi7/25,"['IDF:', 'DF3-3E_Data']",no
Gi7/26,"['IDF:', 'DF3-3E_Data']",no
Gi7/31,"['IDF:', 'DF3-3E_Data']",no
Gi7/33,"['IDF:', 'DF3-3E_Data']",no
Gi7/34,"['IDF:', 'DF3-3E_Data']",no
Gi7/35,"['IDF:', 'DF3-3E_Data']",no
Gi7/37,"['IDF:', 'DF3-3E_Data']",no
Gi7/38,"['IDF:', 'DF3-3E_Data']",no
Gi7/39,"['IDF:', 'DF3-3E_Data']",no
Gi7/40,"['IDF:', 'DF3-3E_Data']",no
Gi7/41,"['IDF:', 'DF3-3E_Data']",no
Gi7/42,"['IDF:', 'DF3-3E_Data']",no
Gi7/43,"['IDF:', 'DF3-3E_Data']",no
Gi7/44,"['IDF:', 'DF3-3E_Data']",no
Gi7/45,"['IDF:', 'DF3-3E_APs']",no
Gi7/46,"['IDF:', 'DF3-3E_APs']",no
Gi7/47,"['IDF:', 'DF3-3E_APs']",no
Gi7/48,"['IDF:', 'DF3-3E_APs']",no
