Interface,Description,Used
Gi1/0/2,"['IDF:', 'Maint.', 'Gar._Data', 'Gi1/0/20', 'down', 'down', 'IDF:', 'Maint.', 'Gar._Data', 'Gi1/0/21', 'down', 'down', 'IDF:', 'Maint.', 'Gar._Data', 'Gi1/0/22', 'down', 'down', 'IDF:', 'Maint.', 'Gar._Data', 'Gi1/0/23', 'down', 'down', 'IDF:', 'Maint.', 'Gar._Data', 'Gi1/0/24', 'down', 'down', 'IDF:', 'Maint.', 'Gar._Data', 'Gi1/0/25', 'down', 'down', 'IDF:', 'Maint.', 'Gar._Data', 'Gi1/0/26', 'down', 'down', 'IDF:', 'Maint.', 'Gar._Data', 'Gi1/0/27', 'down', 'down', 'IDF:', 'Maint.', 'Gar._Data', 'Gi1/0/28', 'down', 'down', 'IDF:', 'Maint.', 'Gar._Data', 'Gi1/0/29', 'down', 'down', 'IDF:', 'Maint.', 'Gar._Data']",no
Gi1/0/5,"['IDF:', 'Maint.', 'Gar._Data']",no
Gi1/0/6,"['IDF:', 'Maint.', 'Gar._Data']",no
Gi1/0/7,"['IDF:', 'Maint.', 'Gar._Data']",no
Gi1/0/8,"['IDF:', 'Maint.', 'Gar._Data']",no
Gi1/0/9,"['IDF:', 'Maint.', 'Gar._Data']",no
Gi1/0/10,"['IDF:', 'Maint.', 'Gar._Data']",no
Gi1/0/11,"['IDF:', 'Maint.', 'Gar._Data']",no
Gi1/0/12,"['IDF:', 'Maint.', 'Gar._Data']",no
Gi1/0/13,"['IDF:', 'Maint.', 'Gar._Data']",no
Gi1/0/14,"['IDF:', 'Maint.', 'Gar._Data']",no
Gi1/0/15,"['IDF:', 'Maint.', 'Gar._Data']",no
Gi1/0/16,"['IDF:', 'Maint.', 'Gar._Data']",no
Gi1/0/17,"['IDF:', 'Maint.', 'Gar._Data']",no
Gi1/0/18,"['IDF:', 'Maint.', 'Gar._Data']",no
Gi1/0/19,"['IDF:', 'Maint.', 'Gar._Data']",no
Gi1/0/20,"['IDF:', 'Maint.', 'Gar._Data']",no
Gi1/0/21,"['IDF:', 'Maint.', 'Gar._Data']",no
Gi1/0/22,"['IDF:', 'Maint.', 'Gar._Data']",no
Gi1/0/23,"['IDF:', 'Maint.', 'Gar._Data']",no
Gi1/0/24,"['IDF:', 'Maint.', 'Gar._Data']",no
Gi1/0/25,"['IDF:', 'Maint.', 'Gar._Data']",no
Gi1/0/26,"['IDF:', 'Maint.', 'Gar._Data']",no
Gi1/0/27,"['IDF:', 'Maint.', 'Gar._Data']",no
Gi1/0/28,"['IDF:', 'Maint.', 'Gar._Data']",no
Gi1/0/29,"['IDF:', 'Maint.', 'Gar._Data']",no
Gi1/0/30,"['IDF:', 'Maint.', 'Gar._Data']",no
Gi1/0/31,"['IDF:', 'Maint.', 'Gar._Data']",no
Gi1/0/32,"['IDF:', 'Maint.', 'Gar._Data']",no
Gi1/0/33,"['IDF:', 'Maint.', 'Gar._Data']",no
Gi1/0/34,"['IDF:', 'Maint.', 'Gar._Data']",no
Gi1/0/35,"['IDF:', 'Maint.', 'Gar._Data']",no
Gi1/0/36,"['IDF:', 'Maint.', 'Gar._Data']",no
Gi1/0/37,"['IDF:', 'Maint.', 'Gar._Data']",no
Gi1/0/38,"['IDF:', 'Maint.', 'Gar._Data']",no
Gi1/0/39,"['IDF:', 'Maint.', 'Gar._Data']",no
Gi1/0/40,"['IDF:', 'Maint.', 'Gar._Data']",no
Gi1/0/43,"['Security', 'Cameras']",no
Gi1/0/45,"['Wireless', 'APs']",no
Gi1/0/46,"['Wireless', 'APs']",no
Gi1/0/47,"['Wireless', 'APs']",no
Gi1/0/48,"['Wireless', 'APs']",no
Gi1/1/1,[],no
Gi1/1/2,[],no
