Interface,Description,Used
Gi1/0/2,"['IDF:', 'DF6-2E_Data', 'Gi1/0/20', 'up', 'up', 'IDF:', 'DF6-2E_Data', 'Gi1/0/21', 'down', 'down', 'IDF:', 'DF6-2E_Data', 'Gi1/0/22', 'up', 'up', 'IDF:', 'DF6-2E_Data', 'Gi1/0/23', 'up', 'up', 'IDF:', 'DF6-2E_Data', 'Gi1/0/24', 'up', 'up', 'IDF:', 'DF6-2E_Data', 'Gi1/0/25', 'up', 'up', 'IDF:', 'DF6-2E_Data', 'Gi1/0/26', 'up', 'up', 'IDF:', 'DF6-2E_Data', 'Gi1/0/27', 'up', 'up', 'IDF:', 'DF6-2E_Data', 'Gi1/0/28', 'up', 'up', 'IDF:', 'DF6-2E_Data', 'Gi1/0/29', 'down', 'down', 'IDF:', 'DF6-2E_Data']",no
Gi1/0/8,"['IDF:', 'DF6-2E_Data']",no
Gi1/0/9,"['IDF:', 'DF6-2E_Data']",no
Gi1/0/11,"['IDF:', 'DF6-2E_Data']",no
Gi1/0/13,"['IDF:', 'DF6-2E_Data']",no
Gi1/0/14,"['IDF:', 'DF6-2E_Data']",no
Gi1/0/16,"['IDF:', 'DF6-2E_Data']",no
Gi1/0/17,"['IDF:', 'DF6-2E_Data']",no
Gi1/0/18,"['IDF:', 'DF6-2E_Data']",no
Gi1/0/21,"['IDF:', 'DF6-2E_Data']",no
Gi1/0/29,"['IDF:', 'DF6-2E_Data']",no
Gi1/0/30,"['IDF:', 'DF6-2E_Data']",no
Gi1/0/31,"['IDF:', 'DF6-2E_Data']",no
Gi1/0/32,"['IDF:', 'DF6-2E_Data']",no
Gi1/0/33,"['IDF:', 'DF6-2E_Data']",no
Gi1/0/34,"['IDF:', 'DF6-2E_Data']",no
Gi1/0/35,"['IDF:', 'DF6-2E_Data']",no
Gi1/0/36,"['IDF:', 'DF6-2E_Data']",no
Gi1/0/37,"['IDF:', 'DF6-2E_Data']",no
Gi1/0/38,"['IDF:', 'DF6-2E_Data']",no
Gi1/0/39,"['IDF:', 'DF6-2E_Data']",no
Gi1/0/40,"['IDF:', 'DF6-2E_Data']",no
Gi1/0/42,"['IDF:', 'DF6-2E_Data']",no
Gi1/0/43,"['IDF:', 'DF6-2E_Data']",no
Gi1/0/44,"['IDF:', 'DF6-2E_Data']",no
Gi1/0/45,"['IDF:APC', 'UPS']",no
Gi1/0/47,"['IDF:', 'DF6-2E_APs']",no
Gi1/0/48,"['IDF:', 'DF6-2E_APs']",no
Gi1/1/1,[],no
Gi1/1/2,[],no
Te1/1/4,[],no
Gi2/0/1,"['IDF:', 'DF6-2E_Data', 'Gi2/0/10', 'up', 'up', 'IDF:', 'DF6-2E_Data', 'Gi2/0/11', 'up', 'up', 'IDF:', 'DF6-2E_Data', 'Gi2/0/12', 'up', 'up', 'IDF:', 'DF6-2E_Data', 'Gi2/0/13', 'down', 'down', 'IDF:', 'DF6-2E_Data', 'Gi2/0/14', 'down', 'down', 'IDF:', 'DF6-2E_Data', 'Gi2/0/15', 'down', 'down', 'IDF:', 'DF6-2E_Data', 'Gi2/0/16', 'down', 'down', 'IDF:', 'DF6-2E_Data', 'Gi2/0/17', 'down', 'down', 'IDF:', 'DF6-2E_Data', 'Gi2/0/18', 'down', 'down', 'IDF:', 'DF6-2E_Data', 'Gi2/0/19', 'down', 'down', 'IDF:', 'DF6-2E_Data']",no
Gi2/0/2,"['IDF:', 'DF6-2E_Data', 'Gi2/0/20', 'down', 'down', 'IDF:', 'DF6-2E_Data', 'Gi2/0/21', 'down', 'down', 'IDF:', 'DF6-2E_Data', 'Gi2/0/22', 'up', 'up', 'IDF:', 'DF6-2E_Data', 'Gi2/0/23', 'up', 'up', 'IDF:', 'DF6-2E_Data', 'Gi2/0/24', 'up', 'up', 'IDF:', 'DF6-2E_Data', 'Gi2/0/25', 'up', 'up', 'IDF:', 'DF6-2E_Data', 'Gi2/0/26', 'up', 'up', 'IDF:', 'DF6-2E_Data', 'Gi2/0/27', 'up', 'up', 'IDF:', 'DF6-2E_Data', 'Gi2/0/28', 'down', 'down', 'IDF:', 'DF6-2E_Data', 'Gi2/0/29', 'up', 'up', 'IDF:', 'DF6-2E_Data']",no
Gi2/0/4,"['IDF:', 'DF6-2E_Data', 'Gi2/0/40', 'down', 'down', 'IDF:', 'DF6-2E_Data', 'Gi2/0/41', 'down', 'down', 'IDF:', 'DF6-2E_Data', 'Gi2/0/42', 'down', 'down', 'IDF:', 'DF6-2E_Data', 'Gi2/0/43', 'up', 'up', 'IDF:', 'DF6-2E_Data', 'Gi2/0/44', 'down', 'down', 'IDF:', 'DF6-2E_Data', 'Gi2/0/45', 'up', 'up', 'IDF:', 'DF6-2E_APs', 'Gi2/0/46', 'up', 'up', 'IDF:', 'DF6-2E_APs', 'Gi2/0/47', 'up', 'up', 'IDF:', 'DF6-2E_APs', 'Gi2/0/48', 'up', 'up', 'IDF:', 'DF6-2E_APs']",no
Gi2/0/5,"['IDF:', 'DF6-2E_Data']",no
Gi2/0/6,"['IDF:', 'DF6-2E_Data']",no
Gi2/0/7,"['IDF:', 'DF6-2E_Data']",no
Gi2/0/9,"['IDF:', 'DF6-2E_Data']",no
Gi2/0/13,"['IDF:', 'DF6-2E_Data']",no
Gi2/0/14,"['IDF:', 'DF6-2E_Data']",no
Gi2/0/15,"['IDF:', 'DF6-2E_Data']",no
Gi2/0/16,"['IDF:', 'DF6-2E_Data']",no
Gi2/0/17,"['IDF:', 'DF6-2E_Data']",no
Gi2/0/18,"['IDF:', 'DF6-2E_Data']",no
Gi2/0/19,"['IDF:', 'DF6-2E_Data']",no
Gi2/0/20,"['IDF:', 'DF6-2E_Data']",no
Gi2/0/21,"['IDF:', 'DF6-2E_Data']",no
Gi2/0/28,"['IDF:', 'DF6-2E_Data']",no
Gi2/0/32,"['IDF:', 'DF6-2E_Data']",no
Gi2/0/33,"['IDF:', 'DF6-2E_Data']",no
Gi2/0/36,"['IDF:', 'DF6-2E_Data']",no
Gi2/0/37,"['IDF:', 'DF6-2E_Data']",no
Gi2/0/38,"['IDF:', 'DF6-2E_Data']",no
Gi2/0/39,"['IDF:', 'DF6-2E_Data']",no
Gi2/0/40,"['IDF:', 'DF6-2E_Data']",no
Gi2/0/41,"['IDF:', 'DF6-2E_Data']",no
Gi2/0/42,"['IDF:', 'DF6-2E_Data']",no
Gi2/0/44,"['IDF:', 'DF6-2E_Data']",no
Gi3/0/5,"['IDF:', 'DF6-2E_Data']",yes
Gi3/0/6,"['IDF:', 'DF6-2E_Data']",no
Gi3/0/12,"['IDF:', 'DF6-2E_Data']",no
Gi3/0/13,"['IDF:', 'DF6-2E_Data']",no
Gi3/0/15,"['IDF:', 'DF6-2E_Data']",no
Gi3/0/19,"['IDF:', 'DF6-2E_Data']",no
Gi3/0/23,"['IDF:', 'DF6-2E_Data']",no
Gi3/0/24,"['IDF:', 'DF6-2E_Data']",no
Gi3/0/25,"['IDF:', 'DF6-2E_Data']",no
Gi3/0/26,"['IDF:', 'DF6-2E_Data']",no
Gi3/0/27,"['IDF:', 'DF6-2E_Data']",no
Gi3/0/28,"['IDF:', 'DF6-2E_Data']",no
Gi3/0/29,"['IDF:', 'DF6-2E_Data']",no
Gi3/0/30,"['IDF:', 'DF6-2E_Data']",no
Gi3/0/31,"['IDF:', 'DF6-2E_Data']",no
Gi3/0/32,"['IDF:', 'DF6-2E_Data']",no
Gi3/0/33,"['IDF:', 'DF6-2E_Data']",no
Gi3/0/34,"['IDF:', 'DF6-2E_Data']",no
Gi3/0/35,"['IDF:', 'DF6-2E_Data']",no
Gi3/0/38,"['IDF:', 'DF6-2E_Data']",no
Gi3/0/39,"['IDF:', 'DF6-2E_Data']",no
Gi3/0/40,"['IDF:', 'DF6-2E_Data']",no
Gi3/0/41,"['IDF:', 'DF6-2E_Data']",no
Gi3/0/42,"['IDF:', 'DF6-2E_Data']",no
Gi3/0/43,['ConvergentVideo'],no
Gi3/0/47,"['IDF:', 'DF6-2E_APs']",no
Gi3/1/1,[],no
Gi3/1/2,[],no
Te3/1/4,[],no
