Interface,Description,Used
Gi1/4,"['IDF:', 'DF4-1E_Data', 'Gi1/40', 'up', 'up', 'IDF:', 'DF4-1E_Data', 'Gi1/41', 'up', 'up', 'IDF:', 'DF4-1E_Data', 'Gi1/42', 'down', 'down', 'IDF:', 'DF4-1E_Data', 'Gi1/43', 'down', 'down', 'IDF:', 'DF4-1E_Data', 'Gi1/44', 'down', 'down', 'IDF:', 'DF4-1E_Data', 'Gi1/45', 'up', 'up', 'IDF:', 'UPS', 'Gi1/46', 'up', 'up', 'IDF:', 'DF4-1E_APs', 'Gi1/47', 'up', 'up', 'IDF:', 'DF4-1E_APs', 'Gi1/48', 'up', 'up', 'IDF:', 'DF4-1E_APs']",no
Gi1/5,"['IDF:', 'DF4-1E_Data']",no
Gi1/12,"['IDF:', 'DF4-1E_Data']",no
Gi1/13,"['IDF:', 'DF4-1E_Data']",no
Gi1/24,"['IDF:', 'DF4-1E_Data']",no
Gi1/30,"['IDF:', 'DF4-1E_Data']",no
Gi1/37,"['IDF:', 'DF4-1E_Data']",no
Gi1/38,"['IDF:', 'DF4-1E_Data']",no
Gi1/39,"['IDF:', 'DF4-1E_Data']",no
Gi1/42,"['IDF:', 'DF4-1E_Data']",no
Gi1/43,"['IDF:', 'DF4-1E_Data']",no
Gi1/44,"['IDF:', 'DF4-1E_Data']",no
Gi2/10,"['IDF:', 'DF4-1E_Data']",no
Gi2/39,"['IDF:', 'DF4-1E_Data']",no
Gi2/40,"['IDF:', 'DF4-1E_Data']",no
Gi2/41,"['IDF:', 'DF4-1E_Data']",no
Gi2/42,"['IDF:', 'DF4-1E_Data']",no
Gi2/43,"['IDF:', 'DF4-1E_Data']",no
Gi2/44,"['IDF:', 'DF4-1E_Data']",no
Te3/2,[],no
Te3/3,[],no
Te3/4,[],no
Te4/2,[],no
Te4/3,[],no
Te4/4,[],no
Gi5/3,"['IDF:', 'DF4-1E_Data', 'Gi5/30', 'up', 'up', 'IDF:', 'DF4-1E_Data', 'Gi5/31', 'down', 'down', 'IDF:', 'DF4-1E_Data', 'Gi5/32', 'up', 'up', 'IDF:', 'DF4-1E_Data', 'Gi5/33', 'down', 'down', 'IDF:', 'DF4-1E_Data', 'Gi5/34', 'down', 'down', 'IDF:', 'DF4-1E_Data', 'Gi5/35', 'down', 'down', 'IDF:', 'DF4-1E_Data', 'Gi5/36', 'up', 'up', 'IDF:', 'DF4-1E_Data', 'Gi5/37', 'down', 'down', 'IDF:', 'DF4-1E_Data', 'Gi5/38', 'up', 'up', 'IDF:', 'DF4-1E_Data', 'Gi5/39', 'down', 'down', 'IDF:', 'DF4-1E_Data']",no
Gi5/11,"['IDF:', 'DF4-1E_Data']",no
Gi5/17,"['IDF:', 'DF4-1E_Data']",no
Gi5/26,"['IDF:', 'DF4-1E_Data']",no
Gi5/31,"['IDF:', 'DF4-1E_Data']",yes
Gi5/33,"['IDF:', 'DF4-1E_Data']",no
Gi5/34,"['IDF:', 'DF4-1E_Data']",no
Gi5/35,"['IDF:', 'DF4-1E_Data']",no
Gi5/37,"['IDF:', 'DF4-1E_Data']",no
Gi5/39,"['IDF:', 'DF4-1E_Data']",no
Gi5/40,"['IDF:', 'DF4-1E_Data']",no
Gi5/43,"['IDF:', 'DF4-1E_Data']",no
Gi5/44,"['IDF:', 'DF4-1E_Data']",no
Gi5/45,"['IDF:', 'DF4-1E_APs']",no
Gi5/46,"['IDF:', 'DF4-1E_APs']",no
Gi5/47,"['IDF:', 'DF4-1E_APs']",no
Gi5/48,"['IDF:', 'DF4-1E_APs']",no
Gi6/4,"['IDF:', 'DF4-1E_Data', 'Gi6/40', 'down', 'down', 'IDF:', 'DF4-1E_Data', 'Gi6/41', 'down', 'down', 'IDF:', 'DF4-1E_Data', 'Gi6/42', 'up', 'up', 'IDF:', 'DF4-1E_Data', 'Gi6/43', 'up', 'up', 'IDF:', 'DF4-1E_Data', 'Gi6/44', 'up', 'up', 'IDF:', 'DF4-1E_Data', 'Gi6/45', 'down', 'down', 'IDF:', 'DF4-1E_APs', 'Gi6/46', 'down', 'down', 'IDF:', 'DF4-1E_APs', 'Gi6/47', 'down', 'down', 'IDF:', 'DF4-1E_APs', 'Gi6/48', 'down', 'down', 'IDF:', 'DF4-1E_APs']",no
Gi6/5,"['IDF:', 'DF4-1E_Data']",no
Gi6/7,"['IDF:', 'DF4-1E_Data']",yes
Gi6/8,"['IDF:', 'DF4-1E_Data']",no
Gi6/9,"['IDF:', 'DF4-1E_Data']",no
Gi6/10,"['IDF:', 'DF4-1E_Data']",no
Gi6/11,"['IDF:', 'DF4-1E_Data']",no
Gi6/12,"['IDF:', 'DF4-1E_Data']",no
Gi6/28,"['IDF:', 'DF4-1E_Data']",no
Gi6/34,"['IDF:', 'DF4-1E_Data']",no
Gi6/35,"['IDF:', 'DF4-1E_Data']",no
Gi6/36,"['IDF:', 'DF4-1E_Data']",no
Gi6/37,"['IDF:', 'DF4-1E_Data']",no
Gi6/40,"['IDF:', 'DF4-1E_Data']",no
Gi6/41,"['IDF:', 'DF4-1E_Data']",no
Gi6/45,"['IDF:', 'DF4-1E_APs']",no
Gi6/46,"['IDF:', 'DF4-1E_APs']",no
Gi6/47,"['IDF:', 'DF4-1E_APs']",no
Gi6/48,"['IDF:', 'DF4-1E_APs']",no
