Interface,Description,Used
Gi1/0/1,"['IDF:', 'DF1-2S_Data']",no
Gi1/0/2,"['IDF:', 'DF1-2S_Data']",no
Gi1/0/5,"['IDF:', 'DF1-2S_Data']",no
Gi1/0/6,"['IDF:', 'DF1-2S_Data']",yes
Gi1/0/7,"['IDF:', 'DF1-2S_Data']",no
Gi1/0/12,"['IDF:', 'DF1-2S_Data']",no
Gi1/0/13,"['IDF:', 'DF1-2S_Data']",no
Gi1/0/14,"['IDF:', 'DF1-2S_Data']",no
Gi1/0/16,"['IDF:', 'DF1-2S_Data']",no
Gi1/0/17,"['IDF:', 'DF1-2S_Data']",no
Gi1/0/19,"['IDF:', 'DF1-2S_Data']",no
Gi1/0/21,"['IDF:', 'DF1-2S_Data']",no
Gi1/0/22,"['IDF:', 'DF1-2S_Data']",no
Gi1/0/25,"['IDF:', 'DF1-2S_Data']",no
Gi1/0/26,"['IDF:', 'DF1-2S_Data']",no
Gi1/0/27,"['IDF:', 'DF1-2S_Data']",no
Gi1/0/28,"['IDF:', 'DF1-2S_Data']",no
Gi1/0/29,"['IDF:', 'DF1-2S_Data']",no
Gi1/0/30,"['IDF:', 'DF1-2S_Data']",no
Gi1/0/31,"['IDF:', 'DF1-2S_Data']",no
Gi1/0/32,"['IDF:', 'DF1-2S_Data']",no
Gi1/0/33,"['IDF:', 'DF1-2S_Data']",yes
Gi1/0/34,"['IDF:', 'DF1-2S_Data']",yes
Gi1/0/35,"['IDF:', 'DF1-2S_Data']",no
Gi1/0/36,"['IDF:', 'DF1-2S_Data']",no
Gi1/0/37,"['IDF:', 'DF1-2S_Data']",no
Gi1/0/38,"['IDF:', 'DF1-2S_Data']",no
Gi1/0/41,"['IDF:', 'DF1-2S_Data']",no
Gi1/0/42,"['IDF:', 'DF1-2S_Data']",no
Gi1/0/43,"['IDF:', 'DF1-2S_Data']",no
Gi1/0/44,"['IDF:', 'DF1-2S_Data']",no
Gi1/1/1,[],no
Gi1/1/2,[],no
Te1/1/4,[],no
Gi2/0/3,"['IDF:', 'DF1-2S_Data']",no
Gi2/0/4,"['IDF:', 'DF1-2S_Data']",no
Gi2/0/5,"['IDF:', 'DF1-2S_Data']",no
Gi2/0/7,"['IDF:', 'DF1-2S_Data']",no
Gi2/0/8,"['IDF:', 'DF1-2S_Data']",no
Gi2/0/9,"['IDF:', 'DF1-2S_Data']",no
Gi2/0/11,"['IDF:', 'DF1-2S_Data']",no
Gi2/0/14,"['IDF:', 'DF1-2S_Data']",no
Gi2/0/16,"['IDF:', 'DF1-2S_Data']",no
Gi2/0/17,"['IDF:', 'DF1-2S_Data']",no
Gi2/0/18,"['IDF:', 'DF1-2S_Data']",no
Gi2/0/19,"['IDF:', 'DF1-2S_Data']",yes
Gi2/0/20,"['IDF:', 'DF1-2S_Data']",no
Gi2/0/21,"['IDF:', 'DF1-2S_Data']",no
Gi2/0/22,"['IDF:', 'DF1-2S_Data']",no
Gi2/0/23,"['IDF:', 'DF1-2S_Data']",no
Gi2/0/24,"['IDF:', 'DF1-2S_Data']",no
Gi2/0/27,"['IDF:', 'DF1-2S_Data']",no
Gi2/0/28,"['IDF:', 'DF1-2S_Data']",no
Gi2/0/29,"['IDF:', 'DF1-2S_Data']",no
Gi2/0/30,"['IDF:', 'DF1-2S_Data']",no
Gi2/0/31,"['IDF:', 'DF1-2S_Data']",no
Gi2/0/32,"['IDF:', 'DF1-2S_Data']",no
Gi2/0/35,"['IDF:', 'DF1-2S_Data']",no
Gi2/0/38,"['IDF:', 'DF1-2S_Data']",no
Gi2/0/43,"['IDF:', 'DF1-2S_Data']",no
Gi2/0/48,"['IDF:', 'DF1-2S_APs']",no
Gi2/1/1,[],no
Gi2/1/2,[],no
Te2/1/4,[],no
