Interface,Description,Used
Gi1/1,"['IDF:', 'DF2-1E_Data', 'Gi1/10', 'up', 'up', 'IDF:', 'DF2-1E_Data', 'Gi1/11', 'up', 'up', 'IDF:', 'DF2-1E_Data', 'Gi1/12', 'up', 'up', 'IDF:', 'DF2-1E_Data', 'Gi1/13', 'up', 'up', 'IDF:', 'DF2-1E_Data', 'Gi1/14', 'up', 'up', 'IDF:', 'DF2-1E_Data', 'Gi1/15', 'up', 'up', 'IDF:', 'DF2-1E_Data', 'Gi1/16', 'up', 'up', 'IDF:', 'DF2-1E_Data', 'Gi1/17', 'down', 'down', 'IDF:', 'DF2-1E_Data', 'Gi1/18', 'down', 'down', 'IDF:', 'DF2-1E_Data', 'Gi1/19', 'up', 'up', 'IDF:', 'DF2-1E_Data']",no
Gi1/8,"['IDF:', 'DF2-1E_Data']",no
Gi1/17,"['IDF:', 'DF2-1E_Data']",no
Gi1/18,"['IDF:', 'DF2-1E_Data']",no
Gi1/20,"['IDF:', 'DF2-1E_Data']",no
Gi1/21,"['IDF:', 'DF2-1E_Data']",no
Gi1/31,"['IDF:', 'DF2-1E_Data']",no
Gi1/33,"['IDF:', 'DF2-1E_Data']",no
Gi1/34,"['IDF:', 'DF2-1E_Data']",no
Gi1/37,"['IDF:', 'DF2-1E_Data']",no
Gi1/38,"['IDF:', 'DF2-1E_Data']",no
Gi1/39,"['IDF:', 'DF2-1E_Data']",no
Gi1/40,"['IDF:', 'DF2-1E_Data']",yes
Gi1/41,"['IDF:', 'DF2-1E_Data']",no
Gi1/42,"['IDF:', 'DF2-1E_Data']",no
Gi1/43,"['IDF:', 'DF2-1E_Data']",no
Gi1/44,"['IDF:', 'DF2-1E_Data']",no
Gi2/1,"['IDF:', 'DF2-1E_Data', 'Gi2/10', 'down', 'down', 'IDF:', 'DF2-1E_Data', 'Gi2/11', 'up', 'up', 'IDF:', 'DF2-1E_Data', 'Gi2/12', 'up', 'up', 'IDF:', 'DF2-1E_Data', 'Gi2/13', 'down', 'down', 'IDF:', 'DF2-1E_Data', 'Gi2/14', 'up', 'up', 'IDF:', 'DF2-1E_Data', 'Gi2/15', 'up', 'up', 'IDF:', 'DF2-1E_Data', 'Gi2/16', 'up', 'up', 'IDF:', 'DF2-1E_Data', 'Gi2/17', 'up', 'up', 'IDF:', 'DF2-1E_Data', 'Gi2/18', 'down', 'down', 'IDF:', 'DF2-1E_Data', 'Gi2/19', 'up', 'up', 'IDF:', 'DF2-1E_Data']",no
Gi2/2,"['IDF:', 'DF2-1E_Data', 'Gi2/20', 'down', 'down', 'IDF:', 'DF2-1E_Data', 'Gi2/21', 'up', 'up', 'IDF:', 'DF2-1E_Data', 'Gi2/22', 'up', 'up', 'IDF:', 'DF2-1E_Data', 'Gi2/23', 'down', 'down', 'IDF:', 'DF2-1E_Data', 'Gi2/24', 'down', 'down', 'IDF:', 'DF2-1E_Data', 'Gi2/25', 'up', 'up', 'IDF:', 'DF2-1E_Data', 'Gi2/26', 'up', 'up', 'IDF:', 'DF2-1E_Data', 'Gi2/27', 'down', 'down', 'IDF:', 'DF2-1E_Data', 'Gi2/28', 'up', 'up', 'IDF:', 'DF2-1E_Data', 'Gi2/29', 'up', 'up', 'IDF:', 'DF2-1E_Data']",no
Gi2/4,"['IDF:', 'DF2-1E_Data', 'Gi2/40', 'down', 'down', 'IDF:', 'DF2-1E_Data', 'Gi2/41', 'down', 'down', 'IDF:', 'DF2-1E_Data', 'Gi2/42', 'down', 'down', 'IDF:', 'DF2-1E_Data', 'Gi2/43', 'down', 'down', 'IDF:', 'DF2-1E_Data', 'Gi2/44', 'down', 'down', 'IDF:', 'DF2-1E_Data', 'Gi2/45', 'up', 'up', 'IDF:', 'DF2-1E_APs', 'Gi2/46', 'up', 'up', 'IDF:', 'DF2-1E_APs', 'Gi2/47', 'down', 'down', 'IDF:', 'DF2-1E_APs', 'Gi2/48', 'up', 'up', 'IDF:', 'DF2-1E_APs']",no
Gi2/6,"['IDF:', 'DF2-1E_Data']",no
Gi2/7,"['IDF:', 'DF2-1E_Data']",no
Gi2/9,"['IDF:', 'DF2-1E_Data']",no
Gi2/10,"['IDF:', 'DF2-1E_Data']",no
Gi2/13,"['IDF:', 'DF2-1E_Data']",no
Gi2/18,"['IDF:', 'DF2-1E_Data']",yes
Gi2/20,"['IDF:', 'DF2-1E_Data']",no
Gi2/23,"['IDF:', 'DF2-1E_Data']",no
Gi2/24,"['IDF:', 'DF2-1E_Data']",no
Gi2/27,"['IDF:', 'DF2-1E_Data']",no
Gi2/32,"['IDF:', 'DF2-1E_Data']",no
Gi2/35,"['IDF:', 'DF2-1E_Data']",no
Gi2/36,"['IDF:', 'DF2-1E_Data']",no
Gi2/37,"['IDF:', 'DF2-1E_Data']",no
Gi2/39,"['IDF:', 'DF2-1E_Data']",no
Gi2/40,"['IDF:', 'DF2-1E_Data']",no
Gi2/41,"['IDF:', 'DF2-1E_Data']",no
Gi2/42,"['IDF:', 'DF2-1E_Data']",no
Gi2/43,"['IDF:', 'DF2-1E_Data']",no
Gi2/44,"['IDF:', 'DF2-1E_Data']",no
Gi2/47,"['IDF:', 'DF2-1E_APs']",no
Te3/2,[],no
Te3/3,[],no
Te3/4,[],no
Te4/2,[],no
Te4/3,[],no
Te4/4,[],no
Gi5/2,"['IDF:', 'DF2-1E_Data', 'Gi5/20', 'down', 'down', 'IDF:', 'DF2-1E_Data', 'Gi5/21', 'down', 'down', 'IDF:', 'DF2-1E_Data', 'Gi5/22', 'up', 'up', 'IDF:', 'DF2-1E_Data', 'Gi5/23', 'up', 'up', 'IDF:', 'DF2-1E_Data', 'Gi5/24', 'down', 'down', 'IDF:', 'DF2-1E_Data', 'Gi5/25', 'down', 'down', 'IDF:', 'DF2-1E_Data', 'Gi5/26', 'down', 'down', 'IDF:', 'DF2-1E_Data', 'Gi5/27', 'down', 'down', 'IDF:', 'DF2-1E_Data', 'Gi5/28', 'down', 'down', 'IDF:', 'DF2-1E_Data', 'Gi5/29', 'down', 'down', 'IDF:', 'DF2-1E_Data']",no
Gi5/7,"['IDF:', 'DF2-1E_Data']",no
Gi5/9,"['IDF:', 'DF2-1E_Data']",no
Gi5/10,"['IDF:', 'DF2-1E_Data']",no
Gi5/11,"['IDF:', 'DF2-1E_Data']",no
Gi5/13,"['IDF:', 'DF2-1E_Data']",no
Gi5/14,"['IDF:', 'DF2-1E_Data']",no
Gi5/15,"['IDF:', 'DF2-1E_Data']",no
Gi5/16,"['IDF:', 'DF2-1E_Data']",no
Gi5/17,"['IDF:', 'DF2-1E_Data']",no
Gi5/18,"['IDF:', 'DF2-1E_Data']",no
Gi5/19,"['IDF:', 'DF2-1E_Data']",no
Gi5/20,"['IDF:', 'DF2-1E_Data']",yes
Gi5/21,"['IDF:', 'DF2-1E_Data']",no
Gi5/24,"['IDF:', 'DF2-1E_Data']",no
Gi5/25,"['IDF:', 'DF2-1E_Data']",no
Gi5/26,"['IDF:', 'DF2-1E_Data']",no
Gi5/27,"['IDF:', 'DF2-1E_Data']",no
Gi5/28,"['IDF:', 'DF2-1E_Data']",no
Gi5/29,"['IDF:', 'DF2-1E_Data']",no
Gi5/31,"['IDF:', 'DF2-1E_Data']",no
Gi5/32,"['IDF:', 'DF2-1E_Data']",no
Gi5/33,"['IDF:', 'DF2-1E_Data']",no
Gi5/34,"['IDF:', 'DF2-1E_Data']",no
Gi5/35,"['IDF:', 'DF2-1E_Data']",no
Gi5/36,"['IDF:', 'DF2-1E_Data']",no
Gi5/37,"['IDF:', 'DF2-1E_Data']",no
Gi5/38,"['IDF:', 'DF2-1E_Data']",no
Gi5/39,"['IDF:', 'DF2-1E_Data']",no
Gi5/40,"['IDF:', 'DF2-1E_Data']",no
Gi5/41,"['IDF:', 'DF2-1E_Data']",no
Gi5/42,"['IDF:', 'DF2-1E_Data']",no
Gi5/43,"['IDF:', 'DF2-1E_Data']",no
Gi5/44,"['IDF:', 'DF2-1E_Data']",no
Gi5/46,"['IDF:', 'DF2-1E_APs']",no
Gi5/47,"['IDF:', 'DF2-1E_APs']",no
Gi5/48,"['IDF:', 'DF2-1E_APs']",no
