Interface,Description,Used
Gi1/0/2,"['IDF:', 'DF6-2W_Data', 'Gi1/0/20', 'up', 'up', 'IDF:', 'DF6-2W_Data', 'Gi1/0/21', 'down', 'down', 'IDF:', 'DF6-2W_Data', 'Gi1/0/22', 'up', 'up', 'IDF:', 'DF6-2W_Data', 'Gi1/0/23', 'up', 'up', 'IDF:', 'DF6-2W_Data', 'Gi1/0/24', 'up', 'up', 'IDF:', 'DF6-2W_Data', 'Gi1/0/25', 'up', 'up', 'IDF:', 'DF6-2W_Data', 'Gi1/0/26', 'up', 'up', 'IDF:', 'DF6-2W_Data', 'Gi1/0/27', 'up', 'up', 'IDF:', 'DF6-2W_Data', 'Gi1/0/28', 'down', 'down', 'IDF:', 'DF6-2W_Data', 'Gi1/0/29', 'down', 'down', 'IDF:', 'DF6-2W_Data']",no
Gi1/0/10,"['IDF:', 'DF6-2W_Data']",no
Gi1/0/14,"['IDF:', 'DF6-2W_Data']",no
Gi1/0/15,"['IDF:', 'DF6-2W_Data']",no
Gi1/0/16,"['IDF:', 'DF6-2W_Data']",no
Gi1/0/17,"['IDF:', 'DF6-2W_Data']",no
Gi1/0/21,"['IDF:', 'DF6-2W_Data']",no
Gi1/0/28,"['IDF:', 'DF6-2W_Data']",no
Gi1/0/29,"['IDF:', 'DF6-2W_Data']",no
Gi1/0/30,"['IDF:', 'DF6-2W_Data']",no
Gi1/0/31,"['IDF:', 'DF6-2W_Data']",no
Gi1/0/32,"['IDF:', 'DF6-2W_Data']",no
Gi1/0/33,"['IDF:', 'DF6-2W_Data']",no
Gi1/0/34,"['IDF:', 'DF6-2W_Data']",no
Gi1/0/35,"['IDF:', 'DF6-2W_Data']",no
Gi1/0/36,"['IDF:', 'DF6-2W_Data']",no
Gi1/0/37,"['IDF:', 'DF6-2W_Data']",no
Gi1/0/38,"['IDF:', 'DF6-2W_Data']",no
Gi1/0/39,"['IDF:', 'DF6-2W_Data']",no
Gi1/0/40,"['IDF:', 'DF6-2W_Data']",no
Gi1/0/41,"['IDF:', 'DF6-2W_Data']",no
Gi1/0/43,"['IDF:', 'DF6-2W_Data']",no
Gi1/0/44,"['IDF:', 'DF6-2W_Data']",no
Gi1/1/1,[],no
Gi1/1/2,[],no
Te1/1/4,[],no
Gi2/0/1,"['IDF:', 'DF6-2W_Data', 'Gi2/0/10', 'down', 'down', 'IDF:', 'DF6-2W_Data', 'Gi2/0/11', 'down', 'down', 'IDF:', 'DF6-2W_Data', 'Gi2/0/12', 'up', 'up', 'IDF:', 'DF6-2W_Data', 'Gi2/0/13', 'up', 'up', 'IDF:', 'DF6-2W_Data', 'Gi2/0/14', 'up', 'up', 'IDF:', 'DF6-2W_Data', 'Gi2/0/15', 'up', 'up', 'IDF:', 'DF6-2W_Data', 'Gi2/0/16', 'up', 'up', 'IDF:', 'DF6-2W_Data', 'Gi2/0/17', 'up', 'up', 'IDF:', 'DF6-2W_Data', 'Gi2/0/18', 'up', 'up', 'IDF:', 'DF6-2W_Data', 'Gi2/0/19', 'up', 'up', 'IDF:', 'DF6-2W_Data']",no
Gi2/0/6,"['IDF:', 'DF6-2W_Data']",no
Gi2/0/7,"['IDF:', 'DF6-2W_Data']",no
Gi2/0/8,"['IDF:', 'DF6-2W_Data']",no
Gi2/0/9,"['IDF:', 'DF6-2W_Data']",no
Gi2/0/10,"['IDF:', 'DF6-2W_Data']",no
Gi2/0/11,"['IDF:', 'DF6-2W_Data']",no
Gi2/0/34,"['IDF:', 'DF6-2W_Data']",no
Gi2/0/37,"['IDF:', 'DF6-2W_Data']",no
Gi2/0/38,"['IDF:', 'DF6-2W_Data']",no
Gi2/0/39,"['IDF:', 'DF6-2W_Data']",no
Gi2/0/41,"['IDF:', 'DF6-2W_Data']",no
Gi2/0/42,"['IDF:', 'DF6-2W_Data']",no
Gi2/0/43,"['IDF:', 'DF6-2W_Data']",no
Gi2/0/44,"['IDF:', 'DF6-2W_Data']",no
Gi3/0/8,"['IDF:', 'DF6-2W_Data']",yes
Gi3/0/18,"['IDF:', 'DF6-2W_Data']",yes
Gi3/0/19,"['IDF:', 'DF6-2W_Data']",no
Gi3/0/20,"['IDF:', 'DF6-2W_Data']",no
Gi3/0/21,"['IDF:', 'DF6-2W_Data']",no
Gi3/0/23,"['IDF:', 'DF6-2W_Data']",no
Gi3/0/24,"['IDF:', 'DF6-2W_Data']",no
Gi3/0/25,"['IDF:', 'DF6-2W_Data']",no
Gi3/0/26,"['IDF:', 'DF6-2W_Data']",no
Gi3/0/27,"['IDF:', 'DF6-2W_Data']",no
Gi3/0/28,"['IDF:', 'DF6-2W_Data']",no
Gi3/0/29,"['IDF:', 'DF6-2W_Data']",no
Gi3/0/30,"['IDF:', 'DF6-2W_Data']",no
Gi3/0/31,"['IDF:', 'DF6-2W_Data']",no
Gi3/0/32,"['IDF:', 'DF6-2W_Data']",no
Gi3/0/33,"['IDF:', 'DF6-2W_Data']",no
Gi3/0/34,"['IDF:', 'DF6-2W_Data']",no
Gi3/0/35,"['IDF:', 'DF6-2W_Data']",no
Gi3/0/36,"['IDF:', 'DF6-2W_Data']",no
Gi3/0/37,"['IDF:', 'DF6-2W_Data']",no
Gi3/0/38,"['IDF:', 'DF6-2W_Data']",no
Gi3/0/39,"['IDF:', 'DF6-2W_Data']",no
Gi3/0/40,"['IDF:', 'DF6-2W_Data']",no
Gi3/0/41,"['IDF:', 'DF6-2W_Data']",no
Gi3/0/42,"['IDF:', 'DF6-2W_Data']",no
Gi3/0/43,['ConvergentVideo'],no
Gi3/0/44,['ConvergentVideo'],no
Gi3/0/47,"['IDF:', 'DF6-2W_APs']",no
Gi3/0/48,"['IDF:', 'DF6-2W_APs']",no
Gi3/1/1,[],no
Gi3/1/2,[],no
Te3/1/4,[],no
