Interface,Description,Used
Gi1/1,"['IDF:', 'DF1-Annex', '_Data']",no
Gi1/2,"['IDF:', 'DF1-Annex', '_Data']",no
Gi1/4,"['IDF:', 'DF1-Annex', '_Data']",no
Gi1/8,"['IDF:', 'DF1-Annex', '_Data']",no
Gi1/10,"['IDF:', 'DF1-Annex', '_Data']",no
Gi1/12,"['IDF:', 'DF1-Annex', '_Data']",no
Gi1/13,"['IDF:', 'DF1-Annex', '_Data']",no
Gi1/15,"['IDF:', 'DF1-Annex', '_Data']",no
Gi1/16,"['IDF:', 'DF1-Annex', '_Data']",no
Gi1/17,"['IDF:', 'DF1-Annex', '_Data']",no
Gi1/21,"['IDF:', 'DF1-Annex', '_Data']",no
Gi1/22,"['IDF:', 'DF1-Annex', '_Data']",no
Gi1/23,"['IDF:', 'DF1-Annex', '_Data']",no
Gi1/26,"['IDF:', 'DF1-Annex', '_Data']",no
Gi1/27,"['IDF:', 'DF1-Annex', '_Data']",no
Gi1/28,"['IDF:', 'DF1-Annex', '_Data']",no
Gi1/29,"['IDF:', 'DF1-Annex', '_Data']",no
Gi1/30,"['IDF:', 'DF1-Annex', '_Data']",no
Gi1/31,"['IDF:', 'DF1-Annex', '_Data']",no
Gi1/32,"['IDF:', 'DF1-Annex', '_Data']",no
Gi1/33,"['IDF:', 'DF1-Annex', '_Data']",no
Gi1/36,"['IDF:', 'DF1-Annex', '_Data']",no
Gi1/40,"['IDF:', 'DF1-Annex', '_Data']",no
Gi1/41,"['IDF:', 'DF1-Annex', '_Data']",no
Gi1/42,"['IDF:', 'DF1-Annex', '_Data']",no
Gi1/43,"['IDF:', 'DF1-Annex', '_Data']",no
Gi1/44,"['IDF:', 'DF1-Annex', '_Data']",no
Gi1/47,"['IDF:', 'DF1-Annex', '_APs']",no
Gi1/48,"['IDF:', 'DF1-Annex', '_APs']",no
Gi2/1,"['IDF:', 'DF1-Annex', '_Data']",no
Gi2/3,"['IDF:', 'DF1-Annex', '_Data']",no
Gi2/10,"['IDF:', 'DF1-Annex', '_Data']",no
Gi2/12,"['IDF:', 'DF1-Annex', '_Data']",no
Gi2/13,"['IDF:', 'DF1-Annex', '_Data']",no
Gi2/14,"['IDF:', 'DF1-Annex', '_Data']",no
Gi2/18,"['IDF:', 'DF1-Annex', '_Data']",no
Gi2/19,"['IDF:', 'DF1-Annex', '_Data']",no
Gi2/20,"['IDF:', 'DF1-Annex', '_Data']",no
Gi2/21,"['IDF:', 'DF1-Annex', '_Data']",no
Gi2/22,"['IDF:', 'DF1-Annex', '_Data']",no
Gi2/23,"['IDF:', 'DF1-Annex', '_Data']",no
Gi2/24,"['IDF:', 'DF1-Annex', '_Data']",no
Gi2/25,"['IDF:', 'DF1-Annex', '_Data']",no
Gi2/27,"['IDF:', 'DF1-Annex', '_Data']",no
Gi2/28,"['IDF:', 'DF1-Annex', '_Data']",no
Gi2/31,"['IDF:', 'DF1-Annex', '_Data']",no
Gi2/35,"['IDF:', 'DF1-Annex', '_Data']",no
Gi2/37,"['IDF:', 'DF1-Annex', '_Data']",no
Gi2/38,"['IDF:', 'DF1-Annex', '_Data']",no
Gi2/39,"['IDF:', 'DF1-Annex', '_Data']",no
Gi2/40,"['IDF:', 'DF1-Annex', '_Data']",no
Gi2/41,"['IDF:', 'DF1-Annex', '_Data']",no
Gi2/42,"['IDF:', 'DF1-Annex', '_Data']",no
Gi2/43,"['IDF:', 'DF1-Annex', '_Data']",no
Gi2/44,"['IDF:', 'DF1-Annex', '_Data']",no
Te3/2,[],no
Te3/3,[],no
Te3/4,[],no
Te4/2,[],no
Te4/3,[],no
Te4/4,[],no
Gi5/1,"['IDF:', 'DF1-Annex', '_Data']",no
Gi5/2,"['IDF:', 'DF1-Annex', '_Data']",no
Gi5/3,"['IDF:', 'DF1-Annex', '_Data']",yes
Gi5/4,"['IDF:', 'DF1-Annex', '_Data']",no
Gi5/5,"['IDF:', 'DF1-Annex', '_Data']",no
Gi5/7,"['IDF:', 'DF1-Annex', '_Data']",no
Gi5/8,"['IDF:', 'DF1-Annex', '_Data']",no
Gi5/9,"['IDF:', 'DF1-Annex', '_Data']",no
Gi5/10,"['IDF:', 'DF1-Annex', '_Data']",no
Gi5/11,"['IDF:', 'DF1-Annex', '_Data']",no
Gi5/12,"['IDF:', 'DF1-Annex', '_Data']",no
Gi5/13,"['IDF:', 'DF1-Annex', '_Data']",no
Gi5/15,"['IDF:', 'DF1-Annex', '_Data']",no
Gi5/16,"['IDF:', 'DF1-Annex', '_Data']",no
Gi5/18,"['IDF:', 'DF1-Annex', '_Data']",no
Gi5/20,"['IDF:', 'DF1-Annex', '_Data']",no
Gi5/21,"['IDF:', 'DF1-Annex', '_Data']",no
Gi5/22,"['IDF:', 'DF1-Annex', '_Data']",no
Gi5/23,"['IDF:', 'DF1-Annex', '_Data']",yes
Gi5/24,"['IDF:', 'DF1-Annex', '_Data']",no
Gi5/25,"['IDF:', 'DF1-Annex', '_Data']",no
Gi5/26,"['IDF:', 'DF1-Annex', '_Data']",no
Gi5/27,"['IDF:', 'DF1-Annex', '_Data']",no
Gi5/28,"['IDF:', 'DF1-Annex', '_Data']",no
Gi5/29,"['IDF:', 'DF1-Annex', '_Data']",yes
Gi5/30,"['IDF:', 'DF1-Annex', '_Data']",no
Gi5/31,"['IDF:', 'DF1-Annex', '_Data']",no
Gi5/32,"['IDF:', 'DF1-Annex', '_Data']",no
Gi5/33,"['IDF:', 'DF1-Annex', '_Data']",no
