Interface,Description,Used
Gi1/1,"['IDF:', 'DF4-2E_Data', 'Gi1/10', 'up', 'up', 'IDF:', 'DF4-2E_Data', 'Gi1/11', 'down', 'down', 'IDF:', 'DF4-2E_Data', 'Gi1/12', 'up', 'up', 'IDF:', 'DF4-2E_Data', 'Gi1/13', 'up', 'up', 'IDF:', 'DF4-2E_Data', 'Gi1/14', 'up', 'up', 'IDF:', 'DF4-2E_Data', 'Gi1/15', 'up', 'up', 'IDF:', 'DF4-2E_Data', 'Gi1/16', 'down', 'down', 'IDF:', 'DF4-2E_Data', 'Gi1/17', 'up', 'up', 'IDF:', 'DF4-2E_Data', 'Gi1/18', 'down', 'down', 'IDF:', 'DF4-2E_Data', 'Gi1/19', 'down', 'down', 'IDF:', 'DF4-2E_Data']",no
Gi1/2,"['IDF:', 'DF4-2E_Data', 'Gi1/20', 'down', 'down', 'IDF:', 'DF4-2E_Data', 'Gi1/21', 'down', 'down', 'IDF:', 'DF4-2E_Data', 'Gi1/22', 'down', 'down', 'IDF:', 'DF4-2E_Data', 'Gi1/23', 'down', 'down', 'IDF:', 'DF4-2E_Data', 'Gi1/24', 'down', 'down', 'IDF:', 'DF4-2E_Data', 'Gi1/25', 'down', 'down', 'IDF:', 'DF4-2E_Data', 'Gi1/26', 'down', 'down', 'IDF:', 'DF4-2E_Data', 'Gi1/27', 'down', 'down', 'IDF:', 'DF4-2E_Data', 'Gi1/28', 'down', 'down', 'IDF:', 'DF4-2E_Data', 'Gi1/29', 'down', 'down', 'IDF:', 'DF4-2E_Data']",yes
Gi1/4,"['IDF:', 'DF4-2E_Data', 'Gi1/40', 'down', 'down', 'IDF:', 'DF4-2E_Data', 'Gi1/41', 'down', 'down', 'IDF:', 'DF4-2E_Data', 'Gi1/42', 'down', 'down', 'IDF:', 'DF4-2E_Data', 'Gi1/43', 'down', 'down', 'IDF:', 'DF4-2E_Data', 'Gi1/44', 'down', 'down', 'IDF:', 'DF4-2E_Data', 'Gi1/45', 'up', 'up', 'UPS', 'Gi1/46', 'up', 'up', 'IDF:', 'DF4-2E_APs', 'Gi1/47', 'down', 'down', 'IDF:', 'DF4-2E_APs', 'Gi1/48', 'down', 'down', 'IDF:', 'DF4-2E_APs']",no
Gi1/6,"['IDF:', 'DF4-2E_Data']",no
Gi1/11,"['IDF:', 'DF4-2E_Data']",no
Gi1/16,"['IDF:', 'DF4-2E_Data']",no
Gi1/18,"['IDF:', 'DF4-2E_Data']",no
Gi1/19,"['IDF:', 'DF4-2E_Data']",no
Gi1/20,"['IDF:', 'DF4-2E_Data']",no
Gi1/21,"['IDF:', 'DF4-2E_Data']",no
Gi1/22,"['IDF:', 'DF4-2E_Data']",no
Gi1/23,"['IDF:', 'DF4-2E_Data']",no
Gi1/24,"['IDF:', 'DF4-2E_Data']",no
Gi1/25,"['IDF:', 'DF4-2E_Data']",no
Gi1/26,"['IDF:', 'DF4-2E_Data']",no
Gi1/27,"['IDF:', 'DF4-2E_Data']",no
Gi1/28,"['IDF:', 'DF4-2E_Data']",no
Gi1/29,"['IDF:', 'DF4-2E_Data']",no
Gi1/30,"['IDF:', 'DF4-2E_Data']",no
Gi1/31,"['IDF:', 'DF4-2E_Data']",no
Gi1/32,"['IDF:', 'DF4-2E_Data']",no
Gi1/34,"['IDF:', 'DF4-2E_Data']",no
Gi1/35,"['IDF:', 'DF4-2E_Data']",no
Gi1/37,"['IDF:', 'DF4-2E_Data']",yes
Gi1/38,"['IDF:', 'DF4-2E_Data']",no
Gi1/39,"['IDF:', 'DF4-2E_Data']",no
Gi1/40,"['IDF:', 'DF4-2E_Data']",no
Gi1/41,"['IDF:', 'DF4-2E_Data']",no
Gi1/42,"['IDF:', 'DF4-2E_Data']",no
Gi1/43,"['IDF:', 'DF4-2E_Data']",no
Gi1/44,"['IDF:', 'DF4-2E_Data']",no
Gi1/47,"['IDF:', 'DF4-2E_APs']",no
Gi1/48,"['IDF:', 'DF4-2E_APs']",no
Gi2/1,"['IDF:', 'DF4-2E_Data', 'Gi2/10', 'down', 'down', 'IDF:', 'DF4-2E_Data', 'Gi2/11', 'down', 'down', 'IDF:', 'DF4-2E_Data', 'Gi2/12', 'down', 'down', 'IDF:', 'DF4-2E_Data', 'Gi2/13', 'down', 'down', 'IDF:', 'DF4-2E_Data', 'Gi2/14', 'down', 'down', 'IDF:', 'DF4-2E_Data', 'Gi2/15', 'down', 'down', 'IDF:', 'DF4-2E_Data', 'Gi2/16', 'down', 'down', 'IDF:', 'DF4-2E_Data', 'Gi2/17', 'down', 'down', 'IDF:', 'DF4-2E_Data', 'Gi2/18', 'down', 'down', 'IDF:', 'DF4-2E_Data', 'Gi2/19', 'down', 'down', 'IDF:', 'DF4-2E_Data']",no
Gi2/2,"['IDF:', 'DF4-2E_Data', 'Gi2/20', 'down', 'down', 'IDF:', 'DF4-2E_Data', 'Gi2/21', 'down', 'down', 'IDF:', 'DF4-2E_Data', 'Gi2/22', 'down', 'down', 'IDF:', 'DF4-2E_Data', 'Gi2/23', 'down', 'down', 'IDF:', 'DF4-2E_Data', 'Gi2/24', 'down', 'down', 'IDF:', 'DF4-2E_Data', 'Gi2/25', 'down', 'down', 'IDF:', 'DF4-2E_Data', 'Gi2/26', 'down', 'down', 'IDF:', 'DF4-2E_Data', 'Gi2/27', 'down', 'down', 'IDF:', 'DF4-2E_Data', 'Gi2/28', 'down', 'down', 'IDF:', 'DF4-2E_Data', 'Gi2/29', 'down', 'down', 'IDF:', 'DF4-2E_Data']",no
Gi2/4,"['IDF:', 'DF4-2E_Data', 'Gi2/40', 'down', 'down', 'IDF:', 'DF4-2E_Data', 'Gi2/41', 'down', 'down', 'IDF:', 'DF4-2E_Data', 'Gi2/42', 'down', 'down', 'IDF:', 'DF4-2E_Data', 'Gi2/43', 'down', 'down', 'IDF:', 'DF4-2E_Data', 'Gi2/44', 'down', 'down', 'IDF:', 'DF4-2E_Data', 'Gi2/45', 'up', 'up', 'IDF:', 'DF4-2E_APs', 'Gi2/46', 'up', 'up', 'IDF:', 'DF4-2E_APs', 'Gi2/47', 'down', 'down', 'IDF:', 'DF4-2E_APs', 'Gi2/48', 'down', 'down', 'IDF:', 'DF4-2E_APs']",no
Gi2/6,"['IDF:', 'DF4-2E_Data']",no
Gi2/7,"['IDF:', 'DF4-2E_Data']",no
Gi2/8,"['IDF:', 'DF4-2E_Data']",no
Gi2/9,"['IDF:', 'DF4-2E_Data']",no
Gi2/10,"['IDF:', 'DF4-2E_Data']",no
Gi2/11, ,yes
Gi2/12,"['output', 'never,', 'output', 'hang', 'never', 'sALUSded22#']",no
Gi2/13,"['IDF:', 'DF4-2E_Data']",no
Gi2/14,"['IDF:', 'DF4-2E_Data']",no
Gi2/15,"['IDF:', 'DF4-2E_Data']",no
Gi2/16,"['IDF:', 'DF4-2E_Data']",no
Gi2/17,"['IDF:', 'DF4-2E_Data']",no
Gi2/18,"['IDF:', 'DF4-2E_Data']",no
Gi2/19,"['IDF:', 'DF4-2E_Data']",no
Gi2/20,"['IDF:', 'DF4-2E_Data']",no
Gi2/21,"['IDF:', 'DF4-2E_Data']",no
Gi2/22,"['IDF:', 'DF4-2E_Data']",no
Gi2/23,"['IDF:', 'DF4-2E_Data']",no
Gi2/24,"['IDF:', 'DF4-2E_Data']",no
Gi2/25,"['IDF:', 'DF4-2E_Data']",no
Gi2/26,"['IDF:', 'DF4-2E_Data']",no
Gi2/27,"['IDF:', 'DF4-2E_Data']",yes
Gi2/28,"['IDF:', 'DF4-2E_Data']",no
Gi2/29,"['IDF:', 'DF4-2E_Data']",no
Gi2/30,"['IDF:', 'DF4-2E_Data']",no
Gi2/31,"['IDF:', 'DF4-2E_Data']",no
Gi2/32,"['IDF:', 'DF4-2E_Data']",no
Gi2/33,"['IDF:', 'DF4-2E_Data']",no
Gi2/34,"['IDF:', 'DF4-2E_Data']",no
Gi2/35,"['IDF:', 'DF4-2E_Data']",no
Gi2/36,"['IDF:', 'DF4-2E_Data']",no
Gi2/37,"['IDF:', 'DF4-2E_Data']",no
Gi2/38,"['IDF:', 'DF4-2E_Data']",no
Gi2/39,"['IDF:', 'DF4-2E_Data']",no
Gi2/40,"['IDF:', 'DF4-2E_Data']",no
Gi2/41,"['IDF:', 'DF4-2E_Data']",no
Gi2/42,"['IDF:', 'DF4-2E_Data']",no
Gi2/43,"['IDF:', 'DF4-2E_Data']",no
Gi2/44,"['IDF:', 'DF4-2E_Data']",no
Gi2/47,"['IDF:', 'DF4-2E_APs']",no
Gi2/48,"['IDF:', 'DF4-2E_APs']",no
Te3/2,[],no
Te3/3,[],no
Te3/4,[],no
Te4/2,[],no
Te4/3,[],no
Te4/4,[],no
Gi5/1,"['IDF:', 'DF4-2E_Data', 'Gi5/10', 'down', 'down', 'IDF:', 'DF4-2E_Data', 'Gi5/11', 'down', 'down', 'IDF:', 'DF4-2E_Data', 'Gi5/12', 'down', 'down', 'IDF:', 'DF4-2E_Data', 'Gi5/13', 'up', 'up', 'IDF:', 'DF4-2E_Data', 'Gi5/14', 'up', 'up', 'IDF:', 'DF4-2E_Data', 'Gi5/15', 'down', 'down', 'IDF:', 'DF4-2E_Data', 'Gi5/16', 'up', 'up', 'IDF:', 'DF4-2E_Data', 'Gi5/17', 'up', 'up', 'IDF:', 'DF4-2E_Data', 'Gi5/18', 'up', 'up', 'IDF:', 'DF4-2E_Data', 'Gi5/19', 'up', 'up', 'IDF:', 'DF4-2E_Data']",no
Gi5/4,"['IDF:', 'DF4-2E_Data', 'Gi5/40', 'up', 'up', 'IDF:', 'DF4-2E_Data', 'Gi5/41', 'down', 'down', 'IDF:', 'DF4-2E_Data', 'Gi5/42', 'down', 'down', 'IDF:', 'DF4-2E_Data', 'Gi5/43', 'down', 'down', 'IDF:', 'DF4-2E_Data', 'Gi5/44', 'up', 'up', 'sALUSded999-terada-Cat3560-DeskSwitch', 'Gi5/45', 'up', 'up', 'IDF:', 'DF4-2E_APs', 'Gi5/46', 'up', 'up', 'IDF:', 'DF4-2E_APs', 'Gi5/47', 'up', 'up', 'IDF:', 'DF4-2E_APs', 'Gi5/48', 'up', 'up', 'IDF:', 'DF4-2E_APs']",no
Gi5/8,"['IDF:', 'DF4-2E_Data']",no
Gi5/9,"['IDF:', 'DF4-2E_Data']",no
Gi5/10,"['IDF:', 'DF4-2E_Data']",no
Gi5/11,"['IDF:', 'DF4-2E_Data']",no
Gi5/12,"['IDF:', 'DF4-2E_Data']",no
Gi5/15,"['IDF:', 'DF4-2E_Data']",no
Gi5/22,"['IDF:', 'DF4-2E_Data']",yes
Gi5/24,"['IDF:', 'DF4-2E_Data']",no
Gi5/25,"['IDF:', 'DF4-2E_Data']",no
Gi5/26,"['IDF:', 'DF4-2E_Data']",no
Gi5/27,"['IDF:', 'DF4-2E_Data']",no
Gi5/34,"['IDF:', 'DF4-2E_Data']",no
Gi5/38,"['IDF:', 'DF4-2E_Data']",no
Gi5/39,"['IDF:', 'DF4-2E_Data']",no
Gi5/41,"['IDF:', 'DF4-2E_Data']",no
Gi5/42,"['IDF:', 'DF4-2E_Data']",no
Gi5/43,"['IDF:', 'DF4-2E_Data']",no
Gi6/2,"['IDF:', 'DF4-2E_Data', 'Gi6/20', 'up', 'up', 'IDF:', 'DF4-2E_Data', 'Gi6/21', 'down', 'down', 'IDF:', 'DF4-2E_Data', 'Gi6/22', 'down', 'down', 'IDF:', 'DF4-2E_Data', 'Gi6/23', 'down', 'down', 'IDF:', 'DF4-2E_Data', 'Gi6/24', 'down', 'down', 'IDF:', 'DF4-2E_Data', 'Gi6/25', 'down', 'down', 'IDF:', 'DF4-2E_Data', 'Gi6/26', 'down', 'down', 'IDF:', 'DF4-2E_Data', 'Gi6/27', 'down', 'down', 'IDF:', 'DF4-2E_Data', 'Gi6/28', 'down', 'down', 'IDF:', 'DF4-2E_Data', 'Gi6/29', 'down', 'down', 'IDF:', 'DF4-2E_Data']",no
Gi6/3,"['IDF:', 'DF4-2E_Data', 'Gi6/30', 'down', 'down', 'IDF:', 'DF4-2E_Data', 'Gi6/31', 'down', 'down', 'IDF:', 'DF4-2E_Data', 'Gi6/32', 'down', 'down', 'IDF:', 'DF4-2E_Data', 'Gi6/33', 'down', 'down', 'IDF:', 'DF4-2E_Data', 'Gi6/34', 'down', 'down', 'IDF:', 'DF4-2E_Data', 'Gi6/35', 'down', 'down', 'IDF:', 'DF4-2E_Data', 'Gi6/36', 'down', 'down', 'IDF:', 'DF4-2E_Data', 'Gi6/37', 'down', 'down', 'IDF:', 'DF4-2E_Data', 'Gi6/38', 'down', 'down', 'IDF:', 'DF4-2E_Data', 'Gi6/39', 'down', 'down', 'IDF:', 'DF4-2E_Data']",no
Gi6/4,"['IDF:', 'DF4-2E_Data', 'Gi6/40', 'down', 'down', 'IDF:', 'DF4-2E_Data', 'Gi6/41', 'down', 'down', 'IDF:', 'DF4-2E_Data', 'Gi6/42', 'down', 'down', 'IDF:', 'DF4-2E_Data', 'Gi6/43', 'down', 'down', 'IDF:', 'DF4-2E_Data', 'Gi6/44', 'down', 'down', 'IDF:', 'DF4-2E_APs', 'Gi6/45', 'down', 'down', 'IDF:', 'DF4-2E_APs', 'Gi6/46', 'down', 'down', 'IDF:', 'DF4-2E_APs', 'Gi6/47', 'down', 'down', 'IDF:', 'DF4-2E_APs', 'Gi6/48', 'down', 'down', 'IDF:', 'DF4-2E_APs']",no
Gi6/5,"['IDF:', 'DF4-2E_Data']",no
Gi6/6,"['IDF:', 'DF4-2E_Data']",no
Gi6/7,"['IDF:', 'DF4-2E_Data']",no
Gi6/8,"['IDF:', 'DF4-2E_Data']",no
Gi6/9,"['IDF:', 'DF4-2E_Data']",no
Gi6/10,"['IDF:', 'DF4-2E_Data']",no
Gi6/11,"['IDF:', 'DF4-2E_Data']",no
Gi6/12,"['IDF:', 'DF4-2E_Data']",no
Gi6/14,"['IDF:', 'DF4-2E_Data']",no
Gi6/15,"['IDF:', 'DF4-2E_Data']",no
Gi6/16,"['IDF:', 'DF4-2E_Data']",no
Gi6/19,"['IDF:', 'DF4-2E_Data']",no
Gi6/21,"['IDF:', 'DF4-2E_Data']",no
Gi6/22,"['IDF:', 'DF4-2E_Data']",no
Gi6/23,"['IDF:', 'DF4-2E_Data']",no
Gi6/24,"['IDF:', 'DF4-2E_Data']",no
Gi6/25,"['IDF:', 'DF4-2E_Data']",no
Gi6/26,"['IDF:', 'DF4-2E_Data']",no
Gi6/27,"['IDF:', 'DF4-2E_Data']",no
Gi6/28,"['IDF:', 'DF4-2E_Data']",no
Gi6/29,"['IDF:', 'DF4-2E_Data']",no
Gi6/30,"['IDF:', 'DF4-2E_Data']",no
Gi6/31,"['IDF:', 'DF4-2E_Data']",no
Gi6/32,"['IDF:', 'DF4-2E_Data']",no
Gi6/33,"['IDF:', 'DF4-2E_Data']",no
Gi6/34,"['IDF:', 'DF4-2E_Data']",no
Gi6/35,"['IDF:', 'DF4-2E_Data']",no
Gi6/36,"['IDF:', 'DF4-2E_Data']",no
Gi6/37,"['IDF:', 'DF4-2E_Data']",no
Gi6/38,"['IDF:', 'DF4-2E_Data']",no
Gi6/39,"['IDF:', 'DF4-2E_Data']",no
Gi6/40,"['IDF:', 'DF4-2E_Data']",no
Gi6/41,"['IDF:', 'DF4-2E_Data']",no
Gi6/42,"['IDF:', 'DF4-2E_Data']",no
Gi6/43,"['IDF:', 'DF4-2E_Data']",no
Gi6/44,"['IDF:', 'DF4-2E_APs']",no
Gi6/45,"['IDF:', 'DF4-2E_APs']",no
Gi6/46,"['IDF:', 'DF4-2E_APs']",no
Gi6/47,"['IDF:', 'DF4-2E_APs']",no
Gi6/48,"['IDF:', 'DF4-2E_APs']",no
