Interface,Description,Used
Gi1/0/3,"['IDF:', 'DF5-1W_Data', 'Gi1/0/30', 'down', 'down', 'IDF:', 'DF5-1W_Data', 'Gi1/0/31', 'down', 'down', 'IDF:', 'DF5-1W_Data', 'Gi1/0/32', 'up', 'up', 'IDF:', 'DF5-1W_Data', 'Gi1/0/33', 'up', 'up', 'IDF:', 'DF5-1W_Data', 'Gi1/0/34', 'up', 'up', 'IDF:', 'DF5-1W_Data', 'Gi1/0/35', 'up', 'up', 'IDF:', 'DF5-1W_Data', 'Gi1/0/36', 'down', 'down', 'IDF:', 'DF5-1W_Data', 'Gi1/0/37', 'down', 'down', 'IDF:', 'DF5-1W_Data', 'Gi1/0/38', 'down', 'down', 'IDF:', 'DF5-1W_Data', 'Gi1/0/39', 'down', 'down', 'IDF:', 'DF5-1W_Data']",no
Gi1/0/7,"['IDF:', 'DF5-1W_Data']",no
Gi1/0/18,"['IDF:', 'DF5-1W_Data']",no
Gi1/0/21,"['IDF:', 'DF5-1W_Data']",no
Gi1/0/22,"['IDF:', 'DF5-1W_Data']",no
Gi1/0/23,"['IDF:', 'DF5-1W_Data']",no
Gi1/0/27,"['IDF:', 'DF5-1W_Data']",no
Gi1/0/28,"['IDF:', 'DF5-1W_Data']",no
Gi1/0/29,"['IDF:', 'DF5-1W_Data']",no
Gi1/0/30,"['IDF:', 'DF5-1W_Data']",no
Gi1/0/31,"['IDF:', 'DF5-1W_Data']",no
Gi1/0/36,"['IDF:', 'DF5-1W_Data']",no
Gi1/0/37,"['IDF:', 'DF5-1W_Data']",no
Gi1/0/38,"['IDF:', 'DF5-1W_Data']",no
Gi1/0/39,"['IDF:', 'DF5-1W_Data']",no
Gi1/0/40,"['IDF:', 'DF5-1W_Data']",no
Gi1/0/41,"['IDF:', 'DF5-1W_Data']",no
Gi1/0/42,"['IDF:', 'DF5-1W_Data']",no
Gi1/0/43,"['IDF:', 'DF5-1W_Data']",no
Gi1/0/44,"['IDF:', 'DF5-1W_Data']",no
Gi1/0/48,"['IDF:', 'DF5-1W_APs']",no
Gi1/1/1,[],no
Gi1/1/2,[],no
Te1/1/4,[],no
Gi2/0/12,"['IDF:', 'DF5-1W_Data']",no
Gi2/0/16,"['IDF:', 'DF5-1W_Data']",no
Gi2/0/17,"['IDF:', 'DF5-1W_Data']",no
Gi2/0/19,"['IDF:', 'DF5-1W_Data']",no
Gi2/0/20,"['IDF:', 'DF5-1W_Data']",no
Gi2/0/21,"['IDF:', 'DF5-1W_Data']",no
Gi2/0/23,"['IDF:', 'DF5-1W_Data']",no
Gi2/0/28,"['IDF:', 'DF5-1W_Data']",no
Gi2/0/30,"['IDF:', 'DF5-1W_Data']",no
Gi2/0/38,"['IDF:', 'DF5-1W_Data']",no
Gi2/0/39,"['IDF:', 'DF5-1W_Data']",no
Gi2/0/40,"['IDF:', 'DF5-1W_Data']",no
Gi2/0/41,"['IDF:', 'DF5-1W_Data']",no
Gi2/0/42,"['IDF:', 'DF5-1W_Data']",no
Gi2/0/43,"['IDF:', 'DF5-1W_Data']",no
Gi2/0/44,"['IDF:', 'DF5-1W_Data']",no
Gi3/0/25,"['IDF:', 'DF5-1W_Data']",no
Gi3/0/26,"['IDF:', 'DF5-1W_Data']",no
Gi3/0/27,"['IDF:', 'DF5-1W_Data']",no
Gi3/0/28,"['IDF:', 'DF5-1W_Data']",no
Gi3/0/29,"['IDF:', 'DF5-1W_Data']",no
Gi3/0/30,"['IDF:', 'DF5-1W_Data']",no
Gi3/0/31,"['IDF:', 'DF5-1W_Data']",no
Gi3/0/32,"['IDF:', 'DF5-1W_Data']",no
Gi3/0/34,"['IDF:', 'DF5-1W_Data']",no
Gi3/0/35,"['IDF:', 'DF5-1W_Data']",no
Gi3/0/37,"['IDF:', 'DF5-1W_Data']",no
Gi3/0/38,"['IDF:', 'DF5-1W_Data']",no
Gi3/0/39,"['IDF:', 'DF5-1W_Data']",no
Gi3/0/40,"['IDF:', 'DF5-1W_Data']",no
Gi3/0/42,"['IDF:', 'DF5-1W_Data']",no
Gi3/0/43,"['IDF:', 'DF5-1W_Data']",no
Gi3/0/44,"['IDF:', 'DF5-1W_Data']",no
Gi3/0/45,"['IDF:', 'DF5-1W_APs']",no
Gi3/0/48,"['IDF:', 'DF5-1W_APs']",no
Gi3/1/1,[],no
Gi3/1/2,[],no
Te3/1/4,[],no
