Interface,Description,Used
Gi1/10,"['IDF:', 'DF4-3E_Data']",no
Gi1/17,"['IDF:', 'DF4-3E_Data']",no
Gi1/19,"['IDF:', 'DF4-3E_Data']",no
Gi1/21,"['IDF:', 'DF4-3E_Data']",no
Gi1/22,"['IDF:', 'DF4-3E_Data']",no
Gi1/24,"['IDF:', 'DF4-3E_Data']",no
Gi1/25,"['IDF:', 'DF4-3E_Data']",no
Gi1/29,"['IDF:', 'DF4-3E_Data']",no
Gi1/30,"['IDF:', 'DF4-3E_Data']",no
Gi1/31,"['IDF:', 'DF4-3E_Data']",no
Gi1/35,"['IDF:', 'DF4-3E_Data']",no
Gi1/36,"['IDF:', 'DF4-3E_Data']",no
Gi2/1,"['IDF:', 'DF4-3E_Data', 'Gi2/10', 'down', 'down', 'IDF:', 'DF4-3E_Data', 'Gi2/11', 'down', 'down', 'IDF:', 'DF4-3E_Data', 'Gi2/12', 'down', 'down', 'IDF:', 'DF4-3E_Data', 'Gi2/13', 'up', 'up', 'IDF:', 'DF4-3E_Data', 'Gi2/14', 'up', 'up', 'IDF:', 'DF4-3E_Data', 'Gi2/15', 'up', 'up', 'IDF:', 'DF4-3E_Data', 'Gi2/16', 'down', 'down', 'IDF:', 'DF4-3E_Data', 'Gi2/17', 'up', 'up', 'IDF:', 'DF4-3E_Data', 'Gi2/18', 'up', 'up', 'IDF:', 'DF4-3E_Data', 'Gi2/19', 'up', 'up', 'IDF:', 'DF4-3E_Data']",no
Gi2/3,"['IDF:', 'DF4-3E_Data', 'Gi2/30', 'down', 'down', 'IDF:', 'DF4-3E_Data', 'Gi2/31', 'up', 'up', 'IDF:', 'DF4-3E_Data', 'Gi2/32', 'up', 'up', 'IDF:', 'DF4-3E_Data', 'Gi2/33', 'up', 'up', 'IDF:', 'DF4-3E_Data', 'Gi2/34', 'up', 'up', 'IDF:', 'DF4-3E_Data', 'Gi2/35', 'down', 'down', 'IDF:', 'DF4-3E_Data', 'Gi2/36', 'up', 'up', 'IDF:', 'DF4-3E_Data', 'Gi2/37', 'down', 'down', 'IDF:', 'DF4-3E_Data', 'Gi2/38', 'down', 'down', 'IDF:', 'DF4-3E_Data', 'Gi2/39', 'down', 'down', 'IDF:', 'DF4-3E_Data']",no
Gi2/5,"['IDF:', 'DF4-3E_Data']",no
Gi2/6,"['IDF:', 'DF4-3E_Data']",no
Gi2/7,"['IDF:', 'DF4-3E_Data']",no
Gi2/8,"['IDF:', 'DF4-3E_Data']",no
Gi2/9,"['IDF:', 'DF4-3E_Data']",no
Gi2/10,"['IDF:', 'DF4-3E_Data']",no
Gi2/11,"['IDF:', 'DF4-3E_Data']",no
Gi2/12,"['IDF:', 'DF4-3E_Data']",no
Gi2/16,"['IDF:', 'DF4-3E_Data']",no
Gi2/21,"['IDF:', 'DF4-3E_Data']",yes
Gi2/23,"['IDF:', 'DF4-3E_Data']",no
Gi2/30,"['IDF:', 'DF4-3E_Data']",no
Gi2/35,"['IDF:', 'DF4-3E_Data']",no
Gi2/37,"['IDF:', 'DF4-3E_Data']",no
Gi2/38,"['IDF:', 'DF4-3E_Data']",yes
Gi2/39,"['IDF:', 'DF4-3E_Data']",no
Gi2/40,"['IDF:', 'DF4-3E_Data']",no
Gi2/41,"['IDF:', 'DF4-3E_Data']",no
Gi2/42,"['IDF:', 'DF4-3E_Data']",no
Gi2/43,"['IDF:', 'DF4-3E_Data']",no
Gi2/44,"['IDF:', 'DF4-3E_Data']",no
Gi2/46,"['IDF:', 'DF4-3E_APs']",no
Te3/2,[],no
Te3/3, ,no
Te3/4,[],no
Te4/2,[],no
Te4/3,[],no
Te4/4,[],no
Gi5/1,"['IDF:', 'DF4-3E_Data', 'Gi5/10', 'up', 'up', 'IDF:', 'DF4-3E_Data', 'Gi5/11', 'down', 'down', 'IDF:', 'DF4-3E_Data', 'Gi5/12', 'up', 'up', 'IDF:', 'DF4-3E_Data', 'Gi5/13', 'up', 'up', 'IDF:', 'DF4-3E_Data', 'Gi5/14', 'up', 'up', 'IDF:', 'DF4-3E_Data', 'Gi5/15', 'down', 'down', 'IDF:', 'DF4-3E_Data', 'Gi5/16', 'up', 'up', 'IDF:', 'DF4-3E_Data', 'Gi5/17', 'down', 'down', 'IDF:', 'DF4-3E_Data', 'Gi5/18', 'up', 'up', 'IDF:', 'DF4-3E_Data', 'Gi5/19', 'down', 'down', 'IDF:', 'DF4-3E_Data']",no
Gi5/4,"['IDF:', 'DF4-3E_Data', 'Gi5/40', 'down', 'down', 'IDF:', 'DF4-3E_Data', 'Gi5/41', 'down', 'down', 'IDF:', 'DF4-3E_Data', 'Gi5/42', 'down', 'down', 'IDF:', 'DF4-3E_Data', 'Gi5/43', 'down', 'down', 'IDF:', 'DF4-3E_Data', 'Gi5/44', 'down', 'down', 'IDF:', 'DF4-3E_Data', 'Gi5/45', 'down', 'down', 'IDF:', 'DF4-3E_APs', 'Gi5/46', 'down', 'down', 'IDF:', 'DF4-3E_APs', 'Gi5/47', 'up', 'up', 'IDF:', 'DF4-3E_APs', 'Gi5/48', 'up', 'up', 'IDF:', 'DF4-3E_APs']",yes
Gi5/8,"['IDF:', 'DF4-3E_Data']",no
Gi5/11,"['IDF:', 'DF4-3E_Data']",yes
Gi5/15,"['IDF:', 'DF4-3E_Data']",no
Gi5/17,"['IDF:', 'DF4-3E_Data']",no
Gi5/19,"['IDF:', 'DF4-3E_Data']",no
Gi5/23,"['IDF:', 'DF4-3E_Data']",yes
Gi5/25,"['IDF:', 'DF4-3E_Data']",yes
Gi5/26,"['IDF:', 'DF4-3E_Data']",no
Gi5/27,"['IDF:', 'DF4-3E_Data']",no
Gi5/28,"['IDF:', 'DF4-3E_Data']",no
Gi5/29,"['IDF:', 'DF4-3E_Data']",no
Gi5/30,"['IDF:', 'DF4-3E_Data']",no
Gi5/31,"['IDF:', 'DF4-3E_Data']",no
Gi5/32,"['IDF:', 'DF4-3E_Data']",no
Gi5/35,"['IDF:', 'DF4-3E_Data']",no
Gi5/36,"['IDF:', 'DF4-3E_Data']",no
Gi5/37,"['IDF:', 'DF4-3E_Data']",no
Gi5/38,"['IDF:', 'DF4-3E_Data']",no
Gi5/39,"['IDF:', 'DF4-3E_Data']",no
Gi5/40,"['IDF:', 'DF4-3E_Data']",no
Gi5/41,"['IDF:', 'DF4-3E_Data']",no
Gi5/42,"['IDF:', 'DF4-3E_Data']",no
Gi5/43,"['IDF:', 'DF4-3E_Data']",no
Gi5/44,"['IDF:', 'DF4-3E_Data']",no
Gi5/45,"['IDF:', 'DF4-3E_APs']",no
Gi5/46,"['IDF:', 'DF4-3E_APs']",no
Gi6/1,"['IDF:', 'DF4-3E_Data', 'Gi6/10', 'down', 'down', 'IDF:', 'DF4-3E_Data', 'Gi6/11', 'up', 'up', 'IDF:', 'DF4-3E_Data', 'Gi6/12', 'down', 'down', 'IDF:', 'DF4-3E_Data', 'Gi6/13', 'down', 'down', 'IDF:', 'DF4-3E_Data', 'Gi6/14', 'down', 'down', 'IDF:', 'DF4-3E_Data', 'Gi6/15', 'down', 'down', 'IDF:', 'DF4-3E_Data', 'Gi6/16', 'down', 'down', 'IDF:', 'DF4-3E_Data', 'Gi6/17', 'down', 'down', 'IDF:', 'DF4-3E_Data', 'Gi6/18', 'down', 'down', 'IDF:', 'DF4-3E_Data', 'Gi6/19', 'down', 'down', 'IDF:', 'DF4-3E_Data']",no
Gi6/2,"['IDF:', 'DF4-3E_Data', 'Gi6/20', 'down', 'down', 'IDF:', 'DF4-3E_Data', 'Gi6/21', 'down', 'down', 'IDF:', 'DF4-3E_Data', 'Gi6/22', 'down', 'down', 'IDF:', 'DF4-3E_Data', 'Gi6/23', 'down', 'down', 'IDF:', 'DF4-3E_Data', 'Gi6/24', 'down', 'down', 'IDF:', 'DF4-3E_Data', 'Gi6/25', 'up', 'up', 'IDF:', 'DF4-3E_Data', 'Gi6/26', 'up', 'up', 'IDF:', 'DF4-3E_Data', 'Gi6/27', 'down', 'down', 'IDF:', 'DF4-3E_Data', 'Gi6/28', 'down', 'down', 'IDF:', 'DF4-3E_Data', 'Gi6/29', 'down', 'down', 'IDF:', 'DF4-3E_Data']",no
Gi6/5,"['IDF:', 'DF4-3E_Data']",no
Gi6/6,"['IDF:', 'DF4-3E_Data']",no
Gi6/7,"['IDF:', 'DF4-3E_Data']",no
Gi6/8,"['IDF:', 'DF4-3E_Data']",no
Gi6/9,"['IDF:', 'DF4-3E_Data']",no
Gi6/10,"['IDF:', 'DF4-3E_Data']",no
Gi6/12,"['IDF:', 'DF4-3E_Data']",no
Gi6/13,"['IDF:', 'DF4-3E_Data']",no
Gi6/14,"['IDF:', 'DF4-3E_Data']",no
Gi6/15,"['IDF:', 'DF4-3E_Data']",no
Gi6/16,"['IDF:', 'DF4-3E_Data']",no
Gi6/17,"['IDF:', 'DF4-3E_Data']",no
Gi6/18,"['IDF:', 'DF4-3E_Data']",no
Gi6/19,"['IDF:', 'DF4-3E_Data']",no
Gi6/20,"['IDF:', 'DF4-3E_Data']",no
Gi6/21,"['IDF:', 'DF4-3E_Data']",no
Gi6/22,"['IDF:', 'DF4-3E_Data']",no
Gi6/23,"['IDF:', 'DF4-3E_Data']",no
Gi6/24,"['IDF:', 'DF4-3E_Data']",no
Gi6/27,"['IDF:', 'DF4-3E_Data']",no
Gi6/28,"['IDF:', 'DF4-3E_Data']",no
Gi6/29,"['IDF:', 'DF4-3E_Data']",no
Gi6/30,"['IDF:', 'DF4-3E_Data']",no
Gi6/31,"['IDF:', 'DF4-3E_Data']",no
Gi6/32,"['IDF:', 'DF4-3E_Data']",no
Gi6/33,"['IDF:', 'DF4-3E_Data']",no
Gi6/34,"['IDF:', 'DF4-3E_Data']",no
Gi6/36,"['IDF:', 'DF4-3E_Data']",no
Gi6/38,"['IDF:', 'DF4-3E_Data']",no
Gi6/39,"['IDF:', 'DF4-3E_Data']",no
Gi6/40,"['IDF:', 'DF4-3E_Data']",no
Gi6/41,"['IDF:', 'DF4-3E_Data']",no
Gi6/42,"['IDF:', 'DF4-3E_Data']",no
Gi6/43,"['IDF:', 'DF4-3E_Data']",no
Gi6/44,"['IDF:', 'DF4-3E_Data']",no
Gi6/45,"['IDF:', 'DF4-3E_APs']",no
Gi6/46,"['IDF:', 'DF4-3E_APs']",no
Gi6/47,"['IDF:', 'DF4-3E_APs']",no
Gi6/48,"['IDF:', 'DF4-3E_APs']",no
