Interface,Description,Used
Gi1/0/2,"['IDF:', 'Sec.', 'Pav._Data', 'Gi1/0/20', 'down', 'down', 'IDF:', 'Sec.', 'Pav._Data', 'Gi1/0/21', 'down', 'down', 'IDF:', 'Sec.', 'Pav._Data', 'Gi1/0/22', 'down', 'down', 'IDF:', 'Sec.', 'Pav._Data', 'Gi1/0/23', 'down', 'down', 'IDF:', 'Sec.', 'Pav._Data', 'Gi1/0/24', 'down', 'down', 'IDF:', 'Sec.', 'Pav._Data', 'Gi1/0/25', 'down', 'down', 'IDF:', 'Sec.', 'Pav._Data', 'Gi1/0/26', 'down', 'down', 'IDF:', 'Sec.', 'Pav._Data', 'Gi1/0/27', 'down', 'down', 'IDF:', 'Sec.', 'Pav._Data', 'Gi1/0/28', 'down', 'down', 'IDF:', 'Sec.', 'Pav._Data', 'Gi1/0/29', 'down', 'down', 'IDF:', 'Sec.', 'Pav._Data']",no
Gi1/0/4,"['IDF:', 'Sec.', 'Pav._Data', 'Gi1/0/40', 'up', 'up', 'IDF:', 'Sec.', 'Pav._Data', 'Gi1/0/41', 'down', 'down', 'IDF:', 'Sec.', 'Pav._Data', 'Gi1/0/42', 'down', 'down', 'IDF:', 'Sec.', 'Pav._Data', 'Gi1/0/43', 'down', 'down', 'IDF:', 'Sec.', 'Pav._Data', 'Gi1/0/44', 'down', 'down', 'IDF:', 'Sec.', 'Pav._Data', 'Gi1/0/45', 'up', 'up', 'IDF:', 'Sec.', 'Pav._APs', 'Gi1/0/46', 'down', 'down', 'IDF:', 'Sec.', 'Pav._APs', 'Gi1/0/47', 'down', 'down', 'IDF:', 'Sec.', 'Pav._APs', 'Gi1/0/48', 'down', 'down', 'IDF:', 'Sec.', 'Pav._APs']",no
Gi1/0/6,"['IDF:', 'Sec.', 'Pav._Data']",no
Gi1/0/8,"['IDF:', 'Sec.', 'Pav._Data']",no
Gi1/0/10,"['IDF:', 'Sec.', 'Pav._Data']",no
Gi1/0/11,"['IDF:', 'Sec.', 'Pav._Data']",no
Gi1/0/12,"['IDF:', 'Sec.', 'Pav._Data']",no
Gi1/0/13,"['IDF:', 'Sec.', 'Pav._Data']",no
Gi1/0/14,"['IDF:', 'Sec.', 'Pav._Data']",no
Gi1/0/16,"['IDF:', 'Sec.', 'Pav._Data']",no
Gi1/0/17,"['IDF:', 'Sec.', 'Pav._Data']",no
Gi1/0/18,"['IDF:', 'Sec.', 'Pav._Data']",no
Gi1/0/19,"['IDF:', 'Sec.', 'Pav._Data']",no
Gi1/0/20,"['IDF:', 'Sec.', 'Pav._Data']",no
Gi1/0/21,"['IDF:', 'Sec.', 'Pav._Data']",no
Gi1/0/22,"['IDF:', 'Sec.', 'Pav._Data']",no
Gi1/0/23,"['IDF:', 'Sec.', 'Pav._Data']",no
Gi1/0/24,"['IDF:', 'Sec.', 'Pav._Data']",no
Gi1/0/25,"['IDF:', 'Sec.', 'Pav._Data']",no
Gi1/0/26,"['IDF:', 'Sec.', 'Pav._Data']",no
Gi1/0/27,"['IDF:', 'Sec.', 'Pav._Data']",no
Gi1/0/28,"['IDF:', 'Sec.', 'Pav._Data']",no
Gi1/0/29,"['IDF:', 'Sec.', 'Pav._Data']",no
Gi1/0/30,"['IDF:', 'Sec.', 'Pav._Data']",no
Gi1/0/31,"['IDF:', 'Sec.', 'Pav._Data']",no
Gi1/0/32,"['IDF:', 'Sec.', 'Pav._Data']",no
Gi1/0/33,"['IDF:', 'Sec.', 'Pav._Data']",no
Gi1/0/34,"['IDF:', 'Sec.', 'Pav._Data']",no
Gi1/0/35,"['IDF:', 'Sec.', 'Pav._Data']",no
Gi1/0/36,"['IDF:', 'Sec.', 'Pav._Data']",no
Gi1/0/38,"['IDF:', 'Sec.', 'Pav._Data']",no
Gi1/0/41,"['IDF:', 'Sec.', 'Pav._Data']",no
Gi1/0/42,"['IDF:', 'Sec.', 'Pav._Data']",no
Gi1/0/43,"['IDF:', 'Sec.', 'Pav._Data']",no
Gi1/0/44,"['IDF:', 'Sec.', 'Pav._Data']",no
Gi1/0/46,"['IDF:', 'Sec.', 'Pav._APs']",no
Gi1/0/47,"['IDF:', 'Sec.', 'Pav._APs']",no
Gi1/0/48,"['IDF:', 'Sec.', 'Pav._APs']",no
Gi1/1/1,[],no
Gi1/1/2,[],no
