Interface,Description,Used
Gi1/0/3,"['IDF:', 'DF6-3W_Data', 'Gi1/0/30', 'down', 'down', 'IDF:', 'DF6-3W_Data', 'Gi1/0/31', 'down', 'down', 'IDF:', 'DF6-3W_Data', 'Gi1/0/32', 'down', 'down', 'IDF:', 'DF6-3W_Data', 'Gi1/0/33', 'up', 'up', 'IDF:', 'DF6-3W_Data', 'Gi1/0/34', 'up', 'up', 'IDF:', 'DF6-3W_Data', 'Gi1/0/35', 'up', 'up', 'IDF:', 'DF6-3W_Data', 'Gi1/0/36', 'up', 'up', 'IDF:', 'DF6-3W_Data', 'Gi1/0/37', 'up', 'up', 'IDF:', 'DF6-3W_Data', 'Gi1/0/38', 'down', 'down', 'IDF:', 'DF6-3W_Data', 'Gi1/0/39', 'down', 'down', 'IDF:', 'DF6-3W_Data']",no
Gi1/0/6,"['IDF:', 'DF6-3W_Data']",yes
Gi1/0/10,"['IDF:', 'DF6-3W_Data']",no
Gi1/0/13,"['IDF:', 'DF6-3W_Data']",no
Gi1/0/14,"['IDF:', 'DF6-3W_Data']",yes
Gi1/0/15,"['IDF:', 'DF6-3W_Data']",no
Gi1/0/16,"['IDF:', 'DF6-3W_Data']",no
Gi1/0/20,"['IDF:', 'DF6-3W_Data']",no
Gi1/0/23,"['IDF:', 'DF6-3W_Data']",no
Gi1/0/25,"['IDF:', 'DF6-3W_Data']",yes
Gi1/0/27,"['IDF:', 'DF6-3W_Data']",no
Gi1/0/28,"['IDF:', 'DF6-3W_Data']",no
Gi1/0/30,"['IDF:', 'DF6-3W_Data']",no
Gi1/0/31,"['IDF:', 'DF6-3W_Data']",no
Gi1/0/32,"['IDF:', 'DF6-3W_Data']",no
Gi1/0/38,"['IDF:', 'DF6-3W_Data']",no
Gi1/0/39,"['IDF:', 'DF6-3W_Data']",no
Gi1/0/43,"['IDF:', 'DF6-3W_Data']",no
Gi1/0/48,"['IDF:', 'DF6-3W_APs']",no
Gi1/1/1,[],no
Gi1/1/2,[],no
Te1/1/4,[],no
Gi2/0/3,"['IDF:', 'DF6-3W_Data', 'Gi2/0/30', 'up', 'up', 'IDF:', 'DF6-3W_Data', 'Gi2/0/31', 'up', 'up', 'IDF:', 'DF6-3W_Data', 'Gi2/0/32', 'up', 'up', 'IDF:', 'DF6-3W_Data', 'Gi2/0/33', 'up', 'up', 'IDF:', 'DF6-3W_Data', 'Gi2/0/34', 'up', 'up', 'IDF:', 'DF6-3W_Data', 'Gi2/0/35', 'up', 'up', 'IDF:', 'DF6-3W_Data', 'Gi2/0/36', 'up', 'up', 'IDF:', 'DF6-3W_Data', 'Gi2/0/37', 'up', 'up', 'IDF:', 'DF6-3W_Data', 'Gi2/0/38', 'down', 'down', 'IDF:', 'DF6-3W_Data', 'Gi2/0/39', 'down', 'down', 'IDF:', 'DF6-3W_Data']",no
Gi2/0/4,"['IDF:', 'DF6-3W_Data', 'Gi2/0/40', 'down', 'down', 'IDF:', 'DF6-3W_Data', 'Gi2/0/41', 'up', 'up', 'IDF:', 'DF6-3W_Data', 'Gi2/0/42', 'down', 'down', 'IDF:', 'DF6-3W_Data', 'Gi2/0/43', 'down', 'down', 'IDF:', 'DF6-3W_Data', 'Gi2/0/44', 'down', 'down', 'IDF:', 'DF6-3W_Data', 'Gi2/0/45', 'up', 'up', 'IDF:', 'DF6-3W_APs', 'Gi2/0/46', 'up', 'up', 'IDF:', 'DF6-3W_APs', 'Gi2/0/47', 'down', 'down', 'IDF:', 'DF6-3W_APs', 'Gi2/0/48', 'down', 'down', 'IDF:', 'DF6-3W_APs']",no
Gi2/0/6,"['IDF:', 'DF6-3W_Data']",yes
Gi2/0/7,"['IDF:', 'DF6-3W_Data']",no
Gi2/0/8,"['IDF:', 'DF6-3W_Data']",no
Gi2/0/9,"['IDF:', 'DF6-3W_Data']",no
Gi2/0/11,"['IDF:', 'DF6-3W_Data']",no
Gi2/0/13,"['IDF:', 'DF6-3W_Data']",no
Gi2/0/14,"['IDF:', 'DF6-3W_Data']",no
Gi2/0/25,"['IDF:', 'DF6-3W_Data']",no
Gi2/0/38,"['IDF:', 'DF6-3W_Data']",no
Gi2/0/39,"['IDF:', 'DF6-3W_Data']",no
Gi2/0/40,"['IDF:', 'DF6-3W_Data']",no
Gi2/0/42,"['IDF:', 'DF6-3W_Data']",no
Gi2/0/43,"['IDF:', 'DF6-3W_Data']",no
Gi2/0/44,"['IDF:', 'DF6-3W_Data']",no
Gi2/0/47,"['IDF:', 'DF6-3W_APs']",no
Gi2/0/48,"['IDF:', 'DF6-3W_APs']",no
Gi3/0/5,"['IDF:', 'DF6-3W_Data']",no
Gi3/0/7,"['IDF:', 'DF6-3W_Data']",no
Gi3/0/8,"['IDF:', 'DF6-3W_Data']",no
Gi3/0/14,"['IDF:', 'DF6-3W_Data']",no
Gi3/0/16,"['IDF:', 'DF6-3W_Data']",no
Gi3/0/17,"['IDF:', 'DF6-3W_Data']",no
Gi3/0/20,"['IDF:', 'DF6-3W_Data']",no
Gi3/0/26,"['IDF:', 'DF6-3W_Data']",no
Gi3/0/29,"['IDF:', 'DF6-3W_Data']",no
Gi3/0/31,"['IDF:', 'DF6-3W_Data']",no
Gi3/0/32,"['IDF:', 'DF6-3W_Data']",no
Gi3/0/33,"['IDF:', 'DF6-3W_Data']",no
Gi3/0/34,"['IDF:', 'DF6-3W_Data']",no
Gi3/0/35,"['IDF:', 'DF6-3W_Data']",no
Gi3/0/36,"['IDF:', 'DF6-3W_Data']",no
Gi3/0/37,"['IDF:', 'DF6-3W_Data']",no
Gi3/0/38,"['IDF:', 'DF6-3W_Data']",no
Gi3/1/1,[],no
Gi3/1/2,[],no
Te3/1/4,[],no
