Interface,Description,Used
Gi1/0/2,"['IDF:', 'DF4-B', 'Sw', 'Rm_Data', 'Gi1/0/20', 'down', 'down', 'IDF:', 'DF4-B', 'Sw', 'Rm_Data', 'Gi1/0/21', 'down', 'down', 'IDF:', 'DF4-B', 'Sw', 'Rm_Data', 'Gi1/0/22', 'down', 'down', 'IDF:', 'DF4-B', 'Sw', 'Rm_Data', 'Gi1/0/23', 'up', 'up', 'IDF:', 'DF4-B', 'Sw', 'Rm_Data', 'Gi1/0/24', 'up', 'up', 'IDF:', 'DF4-B', 'Sw', 'Rm_Data', 'Gi1/0/25', 'up', 'up', 'IDF:', 'DF4-B', 'Sw', 'Rm_Data', 'Gi1/0/26', 'down', 'down', 'IDF:', 'DF4-B', 'Sw', 'Rm_Data', 'Gi1/0/27', 'down', 'down', 'IDF:', 'DF4-B', 'Sw', 'Rm_Data', 'Gi1/0/28', 'down', 'down', 'IDF:', 'DF4-B', 'Sw', 'Rm_Data', 'Gi1/0/29', 'down', 'down', 'IDF:', 'DF4-B', 'Sw', 'Rm_Data']",no
Gi1/0/3,"['IDF:', 'DF4-B', 'Sw', 'Rm_Data', 'Gi1/0/30', 'down', 'down', 'IDF:', 'DF4-B', 'Sw', 'Rm_Data', 'Gi1/0/31', 'up', 'up', 'IDF:', 'DF4-B', 'Sw', 'Rm_Data', 'Gi1/0/32', 'up', 'up', 'IDF:', 'DF4-B', 'Sw', 'Rm_Data', 'Gi1/0/33', 'down', 'down', 'IDF:', 'DF4-B', 'Sw', 'Rm_Data', 'Gi1/0/34', 'up', 'up', 'IDF:', 'DF4-B', 'Sw', 'Rm_Data', 'Gi1/0/35', 'up', 'up', 'IDF:', 'DF4-B', 'Sw', 'Rm_Data', 'Gi1/0/36', 'down', 'down', 'IDF:', 'DF4-B', 'Sw', 'Rm_Data', 'Gi1/0/37', 'down', 'down', 'IDF:', 'DF4-B', 'Sw', 'Rm_Data', 'Gi1/0/38', 'down', 'down', 'IDF:', 'DF4-B', 'Sw', 'Rm_Data', 'Gi1/0/39', 'down', 'down', 'IDF:', 'DF4-B', 'Sw', 'Rm_Data']",no
Gi1/0/4,"['IDF:', 'DF4-B', 'Sw', 'Rm_Data', 'Gi1/0/40', 'down', 'down', 'IDF:', 'DF4-B', 'Sw', 'Rm_Data', 'Gi1/0/41', 'up', 'up', 'IDF:', 'DF4-B', 'Sw', 'Rm_Data', 'Gi1/0/42', 'down', 'down', 'IDF:', 'DF4-B', 'Sw', 'Rm_Data', 'Gi1/0/43', 'up', 'up', 'Ed', ""Bloede's"", 'Video', 'Stuff', 'Gi1/0/44', 'down', 'down', 'Ed', ""Bloede's"", 'Video', 'Stuff', 'Gi1/0/45', 'up', 'up', 'UPS', 'Gi1/0/46', 'up', 'up', 'IDF:', 'DF4-B', 'Sw', 'Rm_APs', 'Gi1/0/47', 'down', 'down', 'IDF:', 'DF4-B', 'Sw', 'Rm_APs', 'Gi1/0/48', 'down', 'down', 'IDF:', 'DF4-B', 'Sw', 'Rm_APs']",no
Gi1/0/5,"['IDF:', 'DF4-B', 'Sw', 'Rm_Data']",no
Gi1/0/6,"['IDF:', 'DF4-B', 'Sw', 'Rm_Data']",yes
Gi1/0/7,"['IDF:', 'DF4-B', 'Sw', 'Rm_Data']",no
Gi1/0/8,"['IDF:', 'DF4-B', 'Sw', 'Rm_Data']",no
Gi1/0/11,"['IDF:', 'DF4-B', 'Sw', 'Rm_Data']",no
Gi1/0/12,"['IDF:', 'DF4-B', 'Sw', 'Rm_Data']",no
Gi1/0/13,"['IDF:', 'DF4-B', 'Sw', 'Rm_Data']",no
Gi1/0/14,"['IDF:', 'DF4-B', 'Sw', 'Rm_Data']",no
Gi1/0/15,"['IDF:', 'DF4-B', 'Sw', 'Rm_Data']",no
Gi1/0/18,"['IDF:', 'DF4-B', 'Sw', 'Rm_Data']",no
Gi1/0/19,"['IDF:', 'DF4-B', 'Sw', 'Rm_Data']",no
Gi1/0/20,"['IDF:', 'DF4-B', 'Sw', 'Rm_Data']",no
Gi1/0/21,"['IDF:', 'DF4-B', 'Sw', 'Rm_Data']",no
Gi1/0/22,"['IDF:', 'DF4-B', 'Sw', 'Rm_Data']",no
Gi1/0/26,"['IDF:', 'DF4-B', 'Sw', 'Rm_Data']",no
Gi1/0/27,"['IDF:', 'DF4-B', 'Sw', 'Rm_Data']",no
Gi1/0/28,"['IDF:', 'DF4-B', 'Sw', 'Rm_Data']",no
Gi1/0/29,"['IDF:', 'DF4-B', 'Sw', 'Rm_Data']",no
Gi1/0/30,"['IDF:', 'DF4-B', 'Sw', 'Rm_Data']",no
Gi1/0/33,"['IDF:', 'DF4-B', 'Sw', 'Rm_Data']",no
Gi1/0/36,"['IDF:', 'DF4-B', 'Sw', 'Rm_Data']",no
Gi1/0/37,"['IDF:', 'DF4-B', 'Sw', 'Rm_Data']",no
Gi1/0/38,"['IDF:', 'DF4-B', 'Sw', 'Rm_Data']",no
Gi1/0/39,"['IDF:', 'DF4-B', 'Sw', 'Rm_Data']",no
Gi1/0/40,"['IDF:', 'DF4-B', 'Sw', 'Rm_Data']",no
Gi1/0/42,"['IDF:', 'DF4-B', 'Sw', 'Rm_Data']",no
Gi1/0/44,"['Ed', ""Bloede's"", 'Video', 'Stuff']",no
Gi1/0/47,"['IDF:', 'DF4-B', 'Sw', 'Rm_APs']",no
Gi1/0/48,"['IDF:', 'DF4-B', 'Sw', 'Rm_APs']",no
Gi1/1/1,[],no
Gi1/1/2,[],no
Te1/1/4,[],no
Gi2/0/1,"['IDF:', 'DF4-B', 'Sw', 'Rm_Data', 'Gi2/0/10', 'down', 'down', 'IDF:', 'DF4-B', 'Sw', 'Rm_Data', 'Gi2/0/11', 'down', 'down', 'IDF:', 'DF4-B', 'Sw', 'Rm_Data', 'Gi2/0/12', 'down', 'down', 'IDF:', 'DF4-B', 'Sw', 'Rm_Data', 'Gi2/0/13', 'up', 'up', 'IDF:', 'DF4-B', 'Sw', 'Rm_Data', 'Gi2/0/14', 'up', 'up', 'IDF:', 'DF4-B', 'Sw', 'Rm_Data', 'Gi2/0/15', 'down', 'down', 'IDF:', 'DF4-B', 'Sw', 'Rm_Data', 'Gi2/0/16', 'up', 'up', 'IDF:', 'DF4-B', 'Sw', 'Rm_Data', 'Gi2/0/17', 'up', 'up', 'IDF:', 'DF4-B', 'Sw', 'Rm_Data', 'Gi2/0/18', 'up', 'up', 'IDF:', 'DF4-B', 'Sw', 'Rm_Data', 'Gi2/0/19', 'down', 'down', 'IDF:', 'DF4-B', 'Sw', 'Rm_Data']",no
Gi2/0/2,"['IDF:', 'DF4-B', 'Sw', 'Rm_Data', 'Gi2/0/20', 'down', 'down', 'IDF:', 'DF4-B', 'Sw', 'Rm_Data', 'Gi2/0/21', 'down', 'down', 'IDF:', 'DF4-B', 'Sw', 'Rm_Data', 'Gi2/0/22', 'down', 'down', 'IDF:', 'DF4-B', 'Sw', 'Rm_Data', 'Gi2/0/23', 'down', 'down', 'IDF:', 'DF4-B', 'Sw', 'Rm_Data', 'Gi2/0/24', 'down', 'down', 'IDF:', 'DF4-B', 'Sw', 'Rm_Data', 'Gi2/0/25', 'up', 'up', 'IDF:', 'DF4-B', 'Sw', 'Rm_Data', 'Gi2/0/26', 'down', 'down', 'IDF:', 'DF4-B', 'Sw', 'Rm_Data', 'Gi2/0/27', 'down', 'down', 'IDF:', 'DF4-B', 'Sw', 'Rm_Data', 'Gi2/0/28', 'down', 'down', 'IDF:', 'DF4-B', 'Sw', 'Rm_Data', 'Gi2/0/29', 'up', 'up', 'IDF:', 'DF4-B', 'Sw', 'Rm_Data']",no
Gi2/0/3,"['IDF:', 'DF4-B', 'Sw', 'Rm_Data', 'Gi2/0/30', 'up', 'up', 'IDF:', 'DF4-B', 'Sw', 'Rm_Data', 'Gi2/0/31', 'down', 'down', 'IDF:', 'DF4-B', 'Sw', 'Rm_Data', 'Gi2/0/32', 'down', 'down', 'IDF:', 'DF4-B', 'Sw', 'Rm_Data', 'Gi2/0/33', 'down', 'down', 'IDF:', 'DF4-B', 'Sw', 'Rm_Data', 'Gi2/0/34', 'down', 'down', 'IDF:', 'DF4-B', 'Sw', 'Rm_Data', 'Gi2/0/35', 'up', 'up', 'IDF:', 'DF4-B', 'Sw', 'Rm_Data', 'Gi2/0/36', 'down', 'down', 'IDF:', 'DF4-B', 'Sw', 'Rm_Data', 'Gi2/0/37', 'down', 'down', 'IDF:', 'DF4-B', 'Sw', 'Rm_Data', 'Gi2/0/38', 'up', 'up', 'IDF:', 'DF4-B', 'Sw', 'Rm_Data', 'Gi2/0/39', 'up', 'up', 'IDF:', 'DF4-B', 'Sw', 'Rm_Data']",yes
Gi2/0/4,"['IDF:', 'DF4-B', 'Sw', 'Rm_Data', 'Gi2/0/40', 'up', 'up', 'IDF:', 'DF4-B', 'Sw', 'Rm_Data', 'Gi2/0/41', 'up', 'up', 'IDF:', 'DF4-B', 'Sw', 'Rm_Data', 'Gi2/0/42', 'down', 'down', 'IDF:', 'DF4-B', 'Sw', 'Rm_Data', 'Gi2/0/43', 'down', 'down', 'IDF:', 'DF4-B', 'Sw', 'Rm_Data', 'Gi2/0/44', 'down', 'down', 'IDF:', 'DF4-B', 'Sw', 'Rm_Data', 'Gi2/0/45', 'up', 'up', 'UPS', 'Gi2/0/46', 'up', 'up', 'IDF:', 'DF4-B', 'Sw', 'Rm_APs', 'Gi2/0/47', 'down', 'down', 'IDF:', 'DF4-B', 'Sw', 'Rm_APs', 'Gi2/0/48', 'down', 'down', 'IDF:', 'DF4-B', 'Sw', 'Rm_APs']",no
Gi2/0/8,"['IDF:', 'DF4-B', 'Sw', 'Rm_Data']",no
Gi2/0/10,"['IDF:', 'DF4-B', 'Sw', 'Rm_Data']",no
Gi2/0/11,"['IDF:', 'DF4-B', 'Sw', 'Rm_Data']",no
Gi2/0/12,"['IDF:', 'DF4-B', 'Sw', 'Rm_Data']",no
Gi2/0/15,"['IDF:', 'DF4-B', 'Sw', 'Rm_Data']",no
Gi2/0/19,"['IDF:', 'DF4-B', 'Sw', 'Rm_Data']",no
Gi2/0/20,"['IDF:', 'DF4-B', 'Sw', 'Rm_Data']",no
Gi2/0/21,"['IDF:', 'DF4-B', 'Sw', 'Rm_Data']",no
Gi2/0/22,"['IDF:', 'DF4-B', 'Sw', 'Rm_Data']",no
Gi2/0/23,"['IDF:', 'DF4-B', 'Sw', 'Rm_Data']",no
Gi2/0/24,"['IDF:', 'DF4-B', 'Sw', 'Rm_Data']",no
Gi2/0/26,"['IDF:', 'DF4-B', 'Sw', 'Rm_Data']",no
Gi2/0/27,"['IDF:', 'DF4-B', 'Sw', 'Rm_Data']",no
Gi2/0/28,"['IDF:', 'DF4-B', 'Sw', 'Rm_Data']",yes
Gi2/0/31,"['IDF:', 'DF4-B', 'Sw', 'Rm_Data']",yes
Gi2/0/32,"['IDF:', 'DF4-B', 'Sw', 'Rm_Data']",yes
Gi2/0/33,"['IDF:', 'DF4-B', 'Sw', 'Rm_Data']",yes
Gi2/0/34,"['IDF:', 'DF4-B', 'Sw', 'Rm_Data']",yes
Gi2/0/36,"['IDF:', 'DF4-B', 'Sw', 'Rm_Data']",yes
Gi2/0/37,"['IDF:', 'DF4-B', 'Sw', 'Rm_Data']",yes
Gi2/0/42,"['IDF:', 'DF4-B', 'Sw', 'Rm_Data']",no
Gi2/0/43,"['IDF:', 'DF4-B', 'Sw', 'Rm_Data']",no
Gi2/0/44,"['IDF:', 'DF4-B', 'Sw', 'Rm_Data']",no
Gi2/0/47,"['IDF:', 'DF4-B', 'Sw', 'Rm_APs']",no
Gi2/0/48,"['IDF:', 'DF4-B', 'Sw', 'Rm_APs']",no
Gi2/1/1,[],no
Gi2/1/2,[],no
Te2/1/4,[],no
