Interface,Description,Used
Gi1/0/2,"['sCLUSder01', 'Sup', '2', 'Mgmt0', 'Gi1/0/20', 'down', 'down', 'Gi1/0/21', 'down', 'down', 'oDLUSder01', 'Mgmt', 'Gi1/0/22', 'down', 'down', 'oDLUSder02', 'Mgmt', 'Gi1/0/23', 'up', 'up', 'oDLUSder03', 'Mgmt', 'Gi1/0/24', 'up', 'up', 'oDLUSder04', 'Mgmt', 'Gi1/0/25', 'up', 'up', 'sALUSder103', 'Mgmt0', 'Gi1/0/26', 'up', 'up', 'sALUSder104', 'Mgmt0', 'Gi1/0/27', 'down', 'down', 'Gi1/0/28', 'down', 'down', 'Gi1/0/29', 'down', 'down']",no
Gi1/0/4,"['sCLUSder02', 'Sup', '2', 'Mgmt0', 'Gi1/0/40', 'down', 'down', 'Gi1/0/41', 'down', 'down', 'Gi1/0/42', 'down', 'down', 'Gi1/0/43', 'down', 'down', 'Gi1/0/44', 'down', 'down', 'Gi1/0/45', 'down', 'down', 'Gi1/0/46', 'down', 'down', 'Gi1/0/47', 'down', 'down', 'Gi1/0/48', 'down', 'down']",no
Gi1/0/11,"['iCLUSder02', 'Lancope', '4000', 'Mgmt0']",no
Gi1/0/12,"['rALUSder100', 'term', 'svr', 'Mgmt0']",no
Gi1/0/13,"['rCWUSder01', 'WAN', 'rtr', 'Mgmt0']",no
Gi1/0/14,"['rCWUSder02', 'WAN', 'rtr', 'Mgmt']",no
Gi1/0/15,"['sCLUSded01-1', 'Sup', '1', 'Mgmt', '0']",no
Gi1/0/16,"['sCLUSded01-1', 'Sup', '2', 'Mgmt', '0']",no
Gi1/0/18,"['sCLUSded01-2', 'Sup', '2', 'Mgmt', '0']",no
Gi1/0/19,[],no
Gi1/0/20,[],no
Gi1/0/21,"['oDLUSder01', 'Mgmt']",no
Gi1/0/22,"['oDLUSder02', 'Mgmt']",no
Gi1/0/27,[],no
Gi1/0/28,[],no
Gi1/0/29,[],no
Gi1/0/30,[],no
Gi1/0/31,[],no
Gi1/0/32,[],no
Gi1/0/33,[],no
Gi1/0/34,[],no
Gi1/0/35,[],no
Gi1/0/36,[],no
Gi1/0/37,[],no
Gi1/0/38,[],no
Gi1/0/39,[],no
Gi1/0/40,[],no
Gi1/0/41,[],no
Gi1/0/42,[],no
Gi1/0/43,[],no
Gi1/0/44,[],no
Gi1/0/45,[],no
Gi1/0/46,[],no
Gi1/0/47,[],no
Gi1/0/48,[],no
Te1/1/3,[],no
Te1/1/4,[],no
