Interface,Description,Used
Gi1/0/1,"['IDF:', 'DFC-1S_Data']",no
Gi1/0/2,"['IDF:', 'DFC-1S_Data']",no
Gi1/0/3,"['IDF:', 'DFC-1S_Data']",no
Gi1/0/4,"['IDF:', 'DFC-1S_Data']",no
Gi1/0/5,"['IDF:', 'DFC-1S_Data']",no
Gi1/0/6,"['IDF:', 'DFC-1S_Data']",no
Gi1/0/7,"['IDF:', 'DFC-1S_Data']",no
Gi1/0/8,"['IDF:', 'DFC-1S_Data']",no
Gi1/0/10,"['IDF:', 'DFC-1S_Data']",no
Gi1/0/11,"['IDF:', 'DFC-1S_Data']",no
Gi1/0/12,"['IDF:', 'DFC-1S_Data']",no
Gi1/0/13,"['IDF:', 'DFC-1S_Data']",no
Gi1/0/14,"['IDF:', 'DFC-1S_Data']",no
Gi1/0/15,"['IDF:', 'DFC-1S_Data']",no
Gi1/0/16,"['IDF:', 'DFC-1S_Data']",no
Gi1/0/17,"['IDF:', 'DFC-1S_Data']",no
Gi1/0/18,"['IDF:', 'DFC-1S_Data']",no
Gi1/0/20,"['IDF:', 'DFC-1S_Data']",no
Gi1/0/22,"['IDF:', 'DFC-1S_Data']",yes
Gi1/0/23,"['IDF:', 'DFC-1S_Data']",no
Gi1/0/24,"['IDF:', 'DFC-1S_Data']",no
Gi1/0/25,"['IDF:', 'DFC-1S_Data']",no
Gi1/0/26,"['IDF:', 'DFC-1S_Data']",no
Gi1/0/27,"['IDF:', 'DFC-1S_Data']",no
Gi1/0/28,"['IDF:', 'DFC-1S_Data']",no
Gi1/0/33,"['IDF:', 'DFC-1S_Data']",no
Gi1/0/34,"['IDF:', 'DFC-1S_Data']",no
Gi1/0/35,"['IDF:', 'DFC-1S_Data']",yes
Gi1/0/37,"['IDF:', 'DFC-1S_Data']",no
Gi1/0/38,"['IDF:', 'DFC-1S_Data']",no
Gi1/0/39,"['IDF:', 'DFC-1S_Data']",no
Gi1/0/40,"['IDF:', 'DFC-1S_Data']",no
Gi1/0/41,"['IDF:', 'DFC-1S_Data']",no
Gi1/0/42,"['IDF:', 'DFC-1S_Data']",no
Gi1/0/43,"['IDF:', 'DFC-1S_Data']",no
Gi1/0/44,"['IDF:', 'DFC-1S_Data']",no
Gi1/0/47,"['IDF:', 'DFC-1S_APs']",no
Gi1/0/48,"['IDF:', 'DFC-1S_APs']",no
Gi1/1/1,[],no
Gi1/1/2,[],no
Te1/1/4,"['PortChannel', '(Po4)', 'to', 'sDLUSded02-1']",no
Gi2/0/1,"['IDF:', 'DFC-1S_Data']",no
Gi2/0/2,"['IDF:', 'DFC-1S_Data']",no
Gi2/0/3,"['IDF:', 'DFC-1S_Data']",no
Gi2/0/4,"['IDF:', 'DFC-1S_Data']",no
Gi2/0/5,"['IDF:', 'DFC-1S_Data']",no
Gi2/0/7,"['IDF:', 'DFC-1S_Data']",no
Gi2/0/9,"['IDF:', 'DFC-1S_Data']",yes
Gi2/0/10,"['IDF:', 'DFC-1S_Data']",no
Gi2/0/11,"['IDF:', 'DFC-1S_Data']",no
Gi2/0/12,"['IDF:', 'DFC-1S_Data']",no
Gi2/0/13,"['IDF:', 'DFC-1S_Data']",no
Gi2/0/14,"['IDF:', 'DFC-1S_Data']",no
Gi2/0/15, ,no
Gi2/0/17,"['IDF:', 'DFC-1S_Data']",no
Gi2/0/18,"['IDF:', 'DFC-1S_Data']",no
Gi2/0/19,"['IDF:', 'DFC-1S_Data']",no
Gi2/0/20,"['IDF:', 'DFC-1S_Data']",no
Gi2/0/21,"['IDF:', 'DFC-1S_Data']",yes
Gi2/0/22,"['IDF:', 'DFC-1S_Data']",no
Gi2/0/24,"['IDF:', 'DFC-1S_Data']",no
Gi2/0/25,"['IDF:', 'DFC-1S_Data']",no
Gi2/0/26,"['IDF:', 'DFC-1S_Data']",no
Gi2/0/27,"['IDF:', 'DFC-1S_Data']",no
Gi2/0/28,"['IDF:', 'DFC-1S_Data']",no
Gi2/0/29,"['IDF:', 'DFC-1S_Data']",no
Gi2/0/30,"['IDF:', 'DFC-1S_Data']",no
Gi2/0/31,"['IDF:', 'DFC-1S_Data']",no
Gi2/0/32,"['IDF:', 'DFC-1S_Data']",yes
Gi2/0/33,"['IDF:', 'DFC-1S_Data']",no
Gi2/0/34,"['IDF:', 'DFC-1S_Data']",no
Gi2/0/35,"['IDF:', 'DFC-1S_Data']",no
Gi2/0/36,"['IDF:', 'DFC-1S_Data']",no
Gi2/0/37,"['IDF:', 'DFC-1S_Data']",no
Gi2/0/38,"['IDF:', 'DFC-1S_Data']",no
Gi2/0/39,"['IDF:', 'DFC-1S_Data']",no
Gi2/0/40,"['IDF:', 'DFC-1S_Data']",no
Gi2/0/41,"['IDF:', 'DFC-1S_Data']",no
Gi2/0/42,"['IDF:', 'DFC-1S_Data']",no
Gi2/0/44,"['IDF:', 'DFC-1S_Data']",no
Gi3/0/1,"['IDF:', 'DFC-1S_Data']",no
Gi3/0/2,"['IDF:', 'DFC-1S_Data']",no
Gi3/0/3,"['IDF:', 'DFC-1S_Data']",no
Gi3/0/4,"['IDF:', 'DFC-1S_Data']",no
Gi3/0/5,"['IDF:', 'DFC-1S_Data']",no
Gi3/0/6,"['IDF:', 'DFC-1S_Data']",no
Gi3/0/7,"['IDF:', 'DFC-1S_Data']",no
Gi3/0/8,"['IDF:', 'DFC-1S_Data']",no
Gi3/0/9,"['IDF:', 'DFC-1S_Data']",no
Gi3/0/11,"['IDF:', 'DFC-1S_Data']",no
Gi3/0/12,"['IDF:', 'DFC-1S_Data']",no
Gi3/0/13,"['IDF:', 'DFC-1S_Data']",no
Gi3/0/14,"['IDF:', 'DFC-1S_Data']",no
Gi3/0/17,"['IDF:', 'DFC-1S_Data']",no
Gi3/0/18,"['IDF:', 'DFC-1S_Data']",no
Gi3/0/20,"['IDF:', 'DFC-1S_Data']",no
Gi3/0/21,"['IDF:', 'DFC-1S_Data']",no
Gi3/0/22,"['IDF:', 'DFC-1S_Data']",no
Gi3/0/23,"['IDF:', 'DFC-1S_Data']",no
Gi3/0/24,"['IDF:', 'DFC-1S_Data']",no
Gi3/0/25,"['IDF:', 'DFC-1S_Data']",no
Gi3/0/26,"['IDF:', 'DFC-1S_Data']",no
Gi3/0/27,"['IDF:', 'DFC-1S_Data']",yes
Gi3/0/28,"['IDF:', 'DFC-1S_Data']",no
Gi3/0/29,"['IDF:', 'DFC-1S_Data']",no
Gi3/0/30,"['IDF:', 'DFC-1S_Data']",no
Gi3/0/31,"['IDF:', 'DFC-1S_Data']",no
Gi3/0/32,"['IDF:', 'DFC-1S_Data']",no
Gi3/0/33,"['IDF:', 'DFC-1S_Data']",no
Gi3/0/34,"['IDF:', 'DFC-1S_Data']",no
Gi3/0/35,"['IDF:', 'DFC-1S_Data']",no
Gi3/0/36,"['IDF:', 'DFC-1S_Data']",no
Gi3/0/37,"['IDF:', 'DFC-1S_Data']",yes
Gi3/0/38,"['IDF:', 'DFC-1S_Data']",no
Gi3/0/40,"['IDF:', 'DFC-1S_Data']",no
Gi3/0/41,"['IDF:', 'DFC-1S_Data']",no
Gi3/0/42,"['IDF:', 'DFC-1S_Data']",no
Gi3/0/44,"['IDF:', 'DFC-1S_Data']",no
Gi4/0/1,"['IDF:', 'DFC-1S_Data']",no
Gi4/0/2,"['IDF:', 'DFC-1S_Data']",no
Gi4/0/3,"['IDF:', 'DFC-1S_Data']",no
Gi4/0/4,"['IDF:', 'DFC-1S_Data']",no
Gi4/0/5,"['IDF:', 'DFC-1S_Data']",no
Gi4/0/6,"['IDF:', 'DFC-1S_Data']",no
Gi4/0/7,"['IDF:', 'DFC-1S_Data']",yes
Gi4/0/8,"['IDF:', 'DFC-1S_Data']",no
Gi4/0/9,"['IDF:', 'DFC-1S_Data']",no
Gi4/0/11,"['IDF:', 'DFC-1S_Data']",no
Gi4/0/12,"['IDF:', 'DFC-1S_Data']",no
Gi4/0/13,"['IDF:', 'DFC-1S_Data']",no
Gi4/0/14,"['IDF:', 'DFC-1S_Data']",no
Gi4/0/15,"['IDF:', 'DFC-1S_Data']",no
Gi4/0/16,"['IDF:', 'DFC-1S_Data']",no
Gi4/0/17,"['IDF:', 'DFC-1S_Data']",no
Gi4/0/18,"['IDF:', 'DFC-1S_Data']",no
Gi4/0/19,"['IDF:', 'DFC-1S_Data']",no
Gi4/0/20,"['IDF:', 'DFC-1S_Data']",no
Gi4/0/21,"['IDF:', 'DFC-1S_Data']",no
Gi4/0/22,"['IDF:', 'DFC-1S_Data']",yes
Gi4/0/23,"['IDF:', 'DFC-1S_Data']",no
Gi4/0/24,"['IDF:', 'DFC-1S_Data']",no
Gi4/0/25,"['IDF:', 'DFC-1S_Data']",no
Gi4/0/26,"['IDF:', 'DFC-1S_Data']",no
Gi4/0/27,"['IDF:', 'DFC-1S_Data']",no
Gi4/0/28,"['IDF:', 'DFC-1S_Data']",no
Gi4/0/29,"['IDF:', 'DFC-1S_Data']",no
Gi4/0/30,"['IDF:', 'DFC-1S_Data']",no
Gi4/0/31,"['IDF:', 'DFC-1S_Data']",no
Gi4/0/32,"['IDF:', 'DFC-1S_Data']",no
Gi4/0/33,"['IDF:', 'DFC-1S_Data']",no
Gi4/0/34,"['IDF:', 'DFC-1S_Data']",no
Gi4/0/35,"['IDF:', 'DFC-1S_Data']",no
Gi4/0/36,"['IDF:', 'DFC-1S_Data']",no
Gi4/0/37,"['IDF:', 'DFC-1S_Data']",no
Gi4/0/38,"['IDF:', 'DFC-1S_Data']",no
Gi4/0/39,"['IDF:', 'DFC-1S_Data']",no
Gi4/0/40,"['IDF:', 'DFC-1S_Data']",no
Gi4/0/41,"['IDF:', 'DFC-1S_Data']",no
Gi4/0/42,"['IDF:', 'DFC-1S_Data']",no
Gi5/0/2,"['IDF:', 'DFC-1S_Data']",no
Gi5/0/3,"['IDF:', 'DFC-1S_Data']",no
Gi5/0/4,"['IDF:', 'DFC-1S_Data']",no
Gi5/0/5,"['IDF:', 'DFC-1S_Data']",no
Gi5/0/6,"['IDF:', 'DFC-1S_Data']",no
Gi5/0/7,"['IDF:', 'DFC-1S_Data']",no
Gi5/0/8,"['IDF:', 'DFC-1S_Data']",yes
Gi5/0/9,"['IDF:', 'DFC-1S_Data']",no
Gi5/0/10,"['IDF:', 'DFC-1S_Data']",no
Gi5/0/11,"['IDF:', 'DFC-1S_Data']",no
Gi5/0/12,"['IDF:', 'DFC-1S_Data']",no
Gi5/0/13,"['IDF:', 'DFC-1S_Data']",no
Gi5/0/14,"['IDF:', 'DFC-1S_Data']",no
Gi5/0/15,"['IDF:', 'DFC-1S_Data']",no
Gi5/0/16,"['IDF:', 'DFC-1S_Data']",no
Gi5/0/17,"['IDF:', 'DFC-1S_Data']",no
Gi5/0/18,"['IDF:', 'DFC-1S_Data']",yes
Gi5/0/19,"['IDF:', 'DFC-1S_Data']",yes
Gi5/0/20,"['IDF:', 'DFC-1S_Data']",no
Gi5/0/21,"['IDF:', 'DFC-1S_Data']",no
Gi5/0/22,"['IDF:', 'DFC-1S_Data']",no
Gi5/0/23,"['IDF:', 'DFC-1S_Data']",yes
Gi5/0/24,"['IDF:', 'DFC-1S_Data']",no
Gi5/0/25,"['IDF:', 'DFC-1S_Data']",no
Gi5/0/28,"['IDF:', 'DFC-1S_Data']",no
Gi5/0/36,"['IDF:', 'DFC-1S_Data']",yes
Gi5/0/45,"['IDF:', 'DFC-1S_APs']",no
Gi5/0/47,"['IDF:', 'DFC-1S_APs']",no
Gi5/0/48,"['IDF:', 'DFC-1S_APs']",no
Gi5/1/1,[],no
Gi5/1/2,[],no
Te5/1/4,[],no
