Interface,Description,Used
Gi1/5,"['IDF:', 'DF2-2E_Data']",no
Gi1/9,"['IDF:', 'DF2-2E_Data']",no
Gi1/11,"['IDF:', 'DF2-2E_Data']",yes
Gi1/12,"['IDF:', 'DF2-2E_Data']",no
Gi1/15,"['IDF:', 'DF2-2E_Data']",yes
Gi1/19,"['IDF:', 'DF2-2E_Data']",no
Gi1/20,"['IDF:', 'DF2-2E_Data']",no
Gi1/21,"['IDF:', 'DF2-2E_Data']",yes
Gi1/22,"['IDF:', 'DF2-2E_Data']",no
Gi1/24,"['IDF:', 'DF2-2E_Data']",no
Gi1/28,"['IDF:', 'DF2-2E_Data']",no
Gi1/31,"['IDF:', 'DF2-2E_Data']",no
Gi1/32,"['IDF:', 'DF2-2E_Data']",no
Gi1/37,"['IDF:', 'DF2-2E_Data']",no
Gi1/38,"['IDF:', 'DF2-2E_Data']",no
Gi1/39,"['IDF:', 'DF2-2E_Data']",no
Gi1/40,"['IDF:', 'DF2-2E_Data']",no
Gi1/41,"['IDF:', 'DF2-2E_Data']",no
Gi1/42,"['IDF:', 'DF2-2E_Data']",no
Gi2/1,"['IDF:', 'DF2-2E_Data', 'Gi2/10', 'down', 'down', 'IDF:', 'DF2-2E_Data', 'Gi2/11', 'down', 'down', 'IDF:', 'DF2-2E_Data', 'Gi2/12', 'down', 'down', 'IDF:', 'DF2-2E_Data', 'Gi2/13', 'up', 'up', 'IDF:', 'DF2-2E_Data', 'Gi2/14', 'up', 'up', 'IDF:', 'DF2-2E_Data', 'Gi2/15', 'up', 'up', 'IDF:', 'DF2-2E_Data', 'Gi2/16', 'down', 'down', 'IDF:', 'DF2-2E_Data', 'Gi2/17', 'down', 'down', 'IDF:', 'DF2-2E_Data', 'Gi2/18', 'up', 'up', 'IDF:', 'DF2-2E_Data', 'Gi2/19', 'up', 'up', 'IDF:', 'DF2-2E_Data']",no
Gi2/3,"['IDF:', 'DF2-2E_Data', 'Gi2/30', 'down', 'down', 'IDF:', 'DF2-2E_Data', 'Gi2/31', 'up', 'up', 'IDF:', 'DF2-2E_Data', 'Gi2/32', 'up', 'up', 'IDF:', 'DF2-2E_Data', 'Gi2/33', 'up', 'up', 'IDF:', 'DF2-2E_Data', 'Gi2/34', 'up', 'up', 'IDF:', 'DF2-2E_Data', 'Gi2/35', 'up', 'up', 'IDF:', 'DF2-2E_Data', 'Gi2/36', 'up', 'up', 'IDF:', 'DF2-2E_Data', 'Gi2/37', 'up', 'up', 'IDF:', 'DF2-2E_Data', 'Gi2/38', 'down', 'down', 'IDF:', 'DF2-2E_Data', 'Gi2/39', 'down', 'down', 'IDF:', 'DF2-2E_Data']",no
Gi2/4,"['IDF:', 'DF2-2E_Data', 'Gi2/40', 'down', 'down', 'IDF:', 'DF2-2E_Data', 'Gi2/41', 'up', 'up', 'IDF:', 'DF2-2E_Data', 'Gi2/42', 'down', 'down', 'IDF:', 'DF2-2E_Data', 'Gi2/43', 'down', 'down', 'IDF:', 'DF2-2E_Data', 'Gi2/44', 'down', 'down', 'IDF:', 'DF2-2E_Data', 'Gi2/45', 'up', 'up', 'IDF:', 'DF2-2E_APs', 'Gi2/46', 'up', 'up', 'IDF:', 'DF2-2E_APs', 'Gi2/47', 'up', 'up', 'IDF:', 'DF2-2E_APs', 'Gi2/48', 'up', 'up', 'IDF:', 'DF2-2E_APs']",no
Gi2/5,"['IDF:', 'DF2-2E_Data']",no
Gi2/6,"['IDF:', 'DF2-2E_Data']",no
Gi2/7,"['IDF:', 'DF2-2E_Data']",no
Gi2/8,"['IDF:', 'DF2-2E_Data']",no
Gi2/9,"['IDF:', 'DF2-2E_Data']",no
Gi2/10,"['IDF:', 'DF2-2E_Data']",no
Gi2/11,"['IDF:', 'DF2-2E_Data']",no
Gi2/12,"['IDF:', 'DF2-2E_Data']",no
Gi2/16,"['IDF:', 'DF2-2E_Data']",no
Gi2/17,"['IDF:', 'DF2-2E_Data']",no
Gi2/23,"['IDF:', 'DF2-2E_Data']",no
Gi2/28,"['IDF:', 'DF2-2E_Data']",no
Gi2/29,"['IDF:', 'DF2-2E_Data']",no
Gi2/30,"['IDF:', 'DF2-2E_Data']",no
Gi2/38,"['IDF:', 'DF2-2E_Data']",no
Gi2/39,"['IDF:', 'DF2-2E_Data']",yes
Gi2/40,"['IDF:', 'DF2-2E_Data']",no
Gi2/42,"['IDF:', 'DF2-2E_Data']",no
Gi2/43,"['IDF:', 'DF2-2E_Data']",no
Gi2/44,"['IDF:', 'DF2-2E_Data']",no
Te3/2,[],no
Te3/3,[],no
Te3/4,[],no
Te4/2,[],no
Te4/3,[],no
Te4/4,[],no
Gi5/1,"['IDF:', 'DF2-2E_Data', 'Gi5/10', 'up', 'up', 'IDF:', 'DF2-2E_Data', 'Gi5/11', 'up', 'up', 'IDF:', 'DF2-2E_Data', 'Gi5/12', 'down', 'down', 'IDF:', 'DF2-2E_Data', 'Gi5/13', 'down', 'down', 'IDF:', 'DF2-2E_Data', 'Gi5/14', 'down', 'down', 'IDF:', 'DF2-2E_Data', 'Gi5/15', 'down', 'down', 'IDF:', 'DF2-2E_Data', 'Gi5/16', 'down', 'down', 'IDF:', 'DF2-2E_Data', 'Gi5/17', 'down', 'down', 'IDF:', 'DF2-2E_Data', 'Gi5/18', 'up', 'up', 'IDF:', 'DF2-2E_Data', 'Gi5/19', 'up', 'up', 'IDF:', 'DF2-2E_Data']",no
Gi5/2,"['IDF:', 'DF2-2E_Data', 'Gi5/20', 'up', 'up', 'IDF:', 'DF2-2E_Data', 'Gi5/21', 'up', 'up', 'IDF:', 'DF2-2E_Data', 'Gi5/22', 'down', 'down', 'IDF:', 'DF2-2E_Data', 'Gi5/23', 'down', 'down', 'IDF:', 'DF2-2E_Data', 'Gi5/24', 'down', 'down', 'IDF:', 'DF2-2E_Data', 'Gi5/25', 'down', 'down', 'IDF:', 'DF2-2E_Data', 'Gi5/26', 'down', 'down', 'IDF:', 'DF2-2E_Data', 'Gi5/27', 'down', 'down', 'IDF:', 'DF2-2E_Data', 'Gi5/28', 'down', 'down', 'IDF:', 'DF2-2E_Data', 'Gi5/29', 'down', 'down', 'IDF:', 'DF2-2E_Data']",no
Gi5/8,"['IDF:', 'DF2-2E_Data']",no
Gi5/9,"['IDF:', 'DF2-2E_Data']",no
Gi5/12,"['IDF:', 'DF2-2E_Data']",no
Gi5/13,"['IDF:', 'DF2-2E_Data']",no
Gi5/14,"['IDF:', 'DF2-2E_Data']",no
Gi5/15,"['IDF:', 'DF2-2E_Data']",yes
Gi5/16,"['IDF:', 'DF2-2E_Data']",no
Gi5/17,"['IDF:', 'DF2-2E_Data']",no
Gi5/22,"['IDF:', 'DF2-2E_Data']",no
Gi5/23,"['IDF:', 'DF2-2E_Data']",yes
Gi5/24,"['IDF:', 'DF2-2E_Data']",yes
Gi5/25,"['IDF:', 'DF2-2E_Data']",yes
Gi5/26,"['IDF:', 'DF2-2E_Data']",no
Gi5/27,"['IDF:', 'DF2-2E_Data']",yes
Gi5/28,"['IDF:', 'DF2-2E_Data']",yes
Gi5/29,"['IDF:', 'DF2-2E_Data']",no
Gi5/34,"['IDF:', 'DF2-2E_Data']",yes
Gi5/36,"['IDF:', 'DF2-2E_Data']",yes
Gi5/37,"['IDF:', 'DF2-2E_Data']",no
Gi5/38,"['IDF:', 'DF2-2E_Data']",no
Gi5/39,"['IDF:', 'DF2-2E_Data']",no
Gi5/40,"['IDF:', 'DF2-2E_Data']",no
Gi5/41,"['IDF:', 'DF2-2E_Data']",no
Gi5/42,"['IDF:', 'DF2-2E_Data']",no
Gi5/43,"['IDF:', 'DF2-2E_Data']",no
Gi5/45,"['IDF:', 'DF2-2E_APs']",no
Gi5/46,"['IDF:', 'DF2-2E_APs']",no
Gi5/47,"['IDF:', 'DF2-2E_APs']",no
Gi5/48,"['IDF:', 'DF2-2E_APs']",no
Gi6/1,"['IDF:', 'DF2-2E_Data', 'Gi6/10', 'down', 'down', 'IDF:', 'DF2-2E_Data', 'Gi6/11', 'down', 'down', 'IDF:', 'DF2-2E_Data', 'Gi6/12', 'down', 'down', 'IDF:', 'DF2-2E_Data', 'Gi6/13', 'down', 'down', 'IDF:', 'DF2-2E_Data', 'Gi6/14', 'down', 'down', 'IDF:', 'DF2-2E_Data', 'Gi6/15', 'down', 'down', 'IDF:', 'DF2-2E_Data', 'Gi6/16', 'down', 'down', 'IDF:', 'DF2-2E_Data', 'Gi6/17', 'down', 'down', 'IDF:', 'DF2-2E_Data', 'Gi6/18', 'down', 'down', 'IDF:', 'DF2-2E_Data', 'Gi6/19', 'down', 'down', 'IDF:', 'DF2-2E_Data']",no
Gi6/2,"['IDF:', 'DF2-2E_Data', 'Gi6/20', 'down', 'down', 'IDF:', 'DF2-2E_Data', 'Gi6/21', 'down', 'down', 'IDF:', 'DF2-2E_Data', 'Gi6/22', 'down', 'down', 'IDF:', 'DF2-2E_Data', 'Gi6/23', 'down', 'down', 'IDF:', 'DF2-2E_Data', 'Gi6/24', 'down', 'down', 'IDF:', 'DF2-2E_Data', 'Gi6/25', 'down', 'down', 'IDF:', 'DF2-2E_Data', 'Gi6/26', 'down', 'down', 'IDF:', 'DF2-2E_Data', 'Gi6/27', 'down', 'down', 'IDF:', 'DF2-2E_Data', 'Gi6/28', 'down', 'down', 'IDF:', 'DF2-2E_Data', 'Gi6/29', 'down', 'down', 'IDF:', 'DF2-2E_Data']",no
Gi6/3,"['IDF:', 'DF2-2E_Data', 'Gi6/30', 'down', 'down', 'IDF:', 'DF2-2E_Data', 'Gi6/31', 'down', 'down', 'IDF:', 'DF2-2E_Data', 'Gi6/32', 'down', 'down', 'IDF:', 'DF2-2E_Data', 'Gi6/33', 'down', 'down', 'IDF:', 'DF2-2E_Data', 'Gi6/34', 'down', 'down', 'IDF:', 'DF2-2E_Data', 'Gi6/35', 'down', 'down', 'IDF:', 'DF2-2E_Data', 'Gi6/36', 'down', 'down', 'IDF:', 'DF2-2E_Data', 'Gi6/37', 'down', 'down', 'IDF:', 'DF2-2E_Data', 'Gi6/38', 'down', 'down', 'IDF:', 'DF2-2E_Data', 'Gi6/39', 'down', 'down', 'IDF:', 'DF2-2E_Data']",no
Gi6/4,"['IDF:', 'DF2-2E_Data', 'Gi6/40', 'down', 'down', 'IDF:', 'DF2-2E_Data', 'Gi6/41', 'down', 'down', 'IDF:', 'DF2-2E_Data', 'Gi6/42', 'down', 'down', 'IDF:', 'DF2-2E_Data', 'Gi6/43', 'down', 'down', 'IDF:', 'DF2-2E_Data', 'Gi6/44', 'down', 'down', 'IDF:', 'DF2-2E_Data', 'Gi6/45', 'down', 'down', 'IDF:', 'DF2-2E_APs', 'Gi6/46', 'down', 'down', 'IDF:', 'DF2-2E_APs', 'Gi6/47', 'down', 'down', 'IDF:', 'DF2-2E_APs', 'Gi6/48', 'down', 'down', 'IDF:', 'DF2-2E_APs']",yes
Gi6/5,"['IDF:', 'DF2-2E_Data']",no
Gi6/7,"['IDF:', 'DF2-2E_Data']",no
Gi6/8,"['IDF:', 'DF2-2E_Data']",no
Gi6/9,"['IDF:', 'DF2-2E_Data']",no
Gi6/10,"['IDF:', 'DF2-2E_Data']",no
Gi6/11,"['IDF:', 'DF2-2E_Data']",no
Gi6/12,"['IDF:', 'DF2-2E_Data']",no
Gi6/13,"['IDF:', 'DF2-2E_Data']",no
Gi6/14,"['IDF:', 'DF2-2E_Data']",no
Gi6/15,"['IDF:', 'DF2-2E_Data']",no
Gi6/16,"['IDF:', 'DF2-2E_Data']",no
Gi6/17,"['IDF:', 'DF2-2E_Data']",no
Gi6/18,"['IDF:', 'DF2-2E_Data']",no
Gi6/19,"['IDF:', 'DF2-2E_Data']",no
Gi6/20,"['IDF:', 'DF2-2E_Data']",no
Gi6/21,"['IDF:', 'DF2-2E_Data']",no
Gi6/22,"['IDF:', 'DF2-2E_Data']",no
Gi6/23,"['IDF:', 'DF2-2E_Data']",no
Gi6/24,"['IDF:', 'DF2-2E_Data']",no
Gi6/25,"['IDF:', 'DF2-2E_Data']",no
Gi6/26,"['IDF:', 'DF2-2E_Data']",no
Gi6/27,"['IDF:', 'DF2-2E_Data']",no
Gi6/28,"['IDF:', 'DF2-2E_Data']",no
Gi6/29,"['IDF:', 'DF2-2E_Data']",no
Gi6/30,"['IDF:', 'DF2-2E_Data']",no
Gi6/31,"['IDF:', 'DF2-2E_Data']",no
Gi6/32,"['IDF:', 'DF2-2E_Data']",no
Gi6/33,"['IDF:', 'DF2-2E_Data']",no
Gi6/34,"['IDF:', 'DF2-2E_Data']",no
Gi6/35,"['IDF:', 'DF2-2E_Data']",no
Gi6/36,"['IDF:', 'DF2-2E_Data']",no
Gi6/37,"['IDF:', 'DF2-2E_Data']",no
Gi6/38,"['IDF:', 'DF2-2E_Data']",no
Gi6/39,"['IDF:', 'DF2-2E_Data']",no
Gi6/40,"['IDF:', 'DF2-2E_Data']",no
Gi6/41,"['IDF:', 'DF2-2E_Data']",no
Gi6/42,"['IDF:', 'DF2-2E_Data']",no
Gi6/43,"['IDF:', 'DF2-2E_Data']",no
Gi6/44,"['IDF:', 'DF2-2E_Data']",no
Gi6/45,"['IDF:', 'DF2-2E_APs']",no
Gi6/46,"['IDF:', 'DF2-2E_APs']",no
Gi6/47,"['IDF:', 'DF2-2E_APs']",no
Gi6/48,"['IDF:', 'DF2-2E_APs']",no
