Interface,Description,Used
Gi1/0/1,"['IDF:', 'DF4-3W_Data', 'Gi1/0/10', 'down', 'down', 'IDF:', 'DF4-3W_Data', 'Gi1/0/11', 'up', 'up', 'IDF:', 'DF4-3W_Data', 'Gi1/0/12', 'up', 'up', 'IDF:', 'DF4-3W_Data', 'Gi1/0/13', 'up', 'up', 'IDF:', 'DF4-3W_Data', 'Gi1/0/14', 'up', 'up', 'IDF:', 'DF4-3W_Data', 'Gi1/0/15', 'up', 'up', 'IDF:', 'DF4-3W_Data', 'Gi1/0/16', 'up', 'up', 'IDF:', 'DF4-3W_Data', 'Gi1/0/17', 'down', 'down', 'IDF:', 'DF4-3W_Data', 'Gi1/0/18', 'up', 'up', 'IDF:', 'DF4-3W_Data', 'Gi1/0/19', 'up', 'up', 'IDF:', 'DF4-3W_Data']",no
Gi1/0/6,"['IDF:', 'DF4-3W_Data']",no
Gi1/0/8,"['IDF:', 'DF4-3W_Data']",no
Gi1/0/9,"['IDF:', 'DF4-3W_Data']",no
Gi1/0/10,"['IDF:', 'DF4-3W_Data']",no
Gi1/0/17,"['IDF:', 'DF4-3W_Data']",no
Gi1/0/28,"['IDF:', 'DF4-3W_Data']",no
Gi1/0/29,"['IDF:', 'DF4-3W_Data']",no
Gi1/0/30,"['IDF:', 'DF4-3W_Data']",no
Gi1/0/31,"['IDF:', 'DF4-3W_Data']",no
Gi1/0/32,"['IDF:', 'DF4-3W_Data']",no
Gi1/0/36,"['IDF:', 'DF4-3W_Data']",no
Gi1/0/37,"['IDF:', 'DF4-3W_Data']",no
Gi1/0/38,"['IDF:', 'DF4-3W_Data']",no
Gi1/0/39,"['IDF:', 'DF4-3W_Data']",no
Gi1/0/40,"['IDF:', 'DF4-3W_Data']",no
Gi1/0/41,"['IDF:', 'DF4-3W_Data']",no
Gi1/0/42,"['IDF:', 'DF4-3W_Data']",no
Gi1/0/43,"['IDF:', 'DF4-3W_Data']",no
Gi1/0/47,"['IDF:', 'DF4-3W_APs']",no
Gi1/0/48,"['IDF:', 'DF4-3W_APs']",no
Gi1/1/1,[],no
Gi1/1/2,[],no
Te1/1/4,"['PortChannel', '(Po23)', 'to', 'sDLUSded02-1', '(Te1/1/23)']",no
Gi2/0/1,"['IDF:', 'DF4-3W_Data', 'Gi2/0/10', 'down', 'down', 'IDF:', 'DF4-3W_Data', 'Gi2/0/11', 'down', 'down', 'IDF:', 'DF4-3W_Data', 'Gi2/0/12', 'down', 'down', 'IDF:', 'DF4-3W_Data', 'Gi2/0/13', 'up', 'up', 'IDF:', 'DF4-3W_Data', 'Gi2/0/14', 'up', 'up', 'IDF:', 'DF4-3W_Data', 'Gi2/0/15', 'up', 'up', 'IDF:', 'DF4-3W_Data', 'Gi2/0/16', 'down', 'down', 'IDF:', 'DF4-3W_Data', 'Gi2/0/17', 'up', 'up', 'IDF:', 'DF4-3W_Data', 'Gi2/0/18', 'down', 'down', 'IDF:', 'DF4-3W_Data', 'Gi2/0/19', 'down', 'down', 'IDF:', 'DF4-3W_Data']",no
Gi2/0/2,"['IDF:', 'DF4-3W_Data', 'Gi2/0/20', 'up', 'up', 'IDF:', 'DF4-3W_Data', 'Gi2/0/21', 'up', 'up', 'IDF:', 'DF4-3W_Data', 'Gi2/0/22', 'up', 'up', 'IDF:', 'DF4-3W_Data', 'Gi2/0/23', 'down', 'down', 'IDF:', 'DF4-3W_Data', 'Gi2/0/24', 'down', 'down', 'IDF:', 'DF4-3W_Data', 'Gi2/0/25', 'up', 'up', 'IDF:', 'DF4-3W_Data', 'Gi2/0/26', 'up', 'up', 'IDF:', 'DF4-3W_Data', 'Gi2/0/27', 'up', 'up', 'IDF:', 'DF4-3W_Data', 'Gi2/0/28', 'up', 'up', 'IDF:', 'DF4-3W_Data', 'Gi2/0/29', 'up', 'up', 'IDF:', 'DF4-3W_Data']",no
Gi2/0/3,"['IDF:', 'DF4-3W_Data', 'Gi2/0/30', 'down', 'down', 'IDF:', 'DF4-3W_Data', 'Gi2/0/31', 'up', 'up', 'IDF:', 'DF4-3W_Data', 'Gi2/0/32', 'up', 'up', 'IDF:', 'DF4-3W_Data', 'Gi2/0/33', 'up', 'up', 'IDF:', 'DF4-3W_Data', 'Gi2/0/34', 'up', 'up', 'IDF:', 'DF4-3W_Data', 'Gi2/0/35', 'up', 'up', 'IDF:', 'DF4-3W_Data', 'Gi2/0/36', 'up', 'up', 'IDF:', 'DF4-3W_Data', 'Gi2/0/37', 'down', 'down', 'IDF:', 'DF4-3W_Data', 'Gi2/0/38', 'down', 'down', 'IDF:', 'DF4-3W_Data', 'Gi2/0/39', 'down', 'down', 'IDF:', 'DF4-3W_Data']",no
Gi2/0/4,"['IDF:', 'DF4-3W_Data', 'Gi2/0/40', 'down', 'down', 'IDF:', 'DF4-3W_Data', 'Gi2/0/41', 'down', 'down', 'IDF:', 'DF4-3W_Data', 'Gi2/0/42', 'down', 'down', 'IDF:', 'DF4-3W_Data', 'Gi2/0/43', 'down', 'down', 'IDF:', 'DF4-3W_Data', 'Gi2/0/44', 'down', 'down', 'IDF:', 'DF4-3W_Data', 'Gi2/0/45', 'down', 'down', 'IDF:', 'DF4-3W_APs', 'Gi2/0/46', 'down', 'down', 'IDF:', 'DF4-3W_APs', 'Gi2/0/47', 'down', 'down', 'IDF:', 'DF4-3W_APs', 'Gi2/0/48', 'down', 'down', 'IDF:', 'DF4-3W_APs']",no
Gi2/0/5,"['IDF:', 'DF4-3W_Data']",no
Gi2/0/6,"['IDF:', 'DF4-3W_Data']",no
Gi2/0/7,"['IDF:', 'DF4-3W_Data']",no
Gi2/0/8,"['IDF:', 'DF4-3W_Data']",no
Gi2/0/9,"['IDF:', 'DF4-3W_Data']",no
Gi2/0/10,"['IDF:', 'DF4-3W_Data']",no
Gi2/0/11,"['IDF:', 'DF4-3W_Data']",no
Gi2/0/12,"['IDF:', 'DF4-3W_Data']",no
Gi2/0/16,"['IDF:', 'DF4-3W_Data']",no
Gi2/0/18,"['IDF:', 'DF4-3W_Data']",no
Gi2/0/19,"['IDF:', 'DF4-3W_Data']",no
Gi2/0/23,"['IDF:', 'DF4-3W_Data']",no
Gi2/0/24,"['IDF:', 'DF4-3W_Data']",no
Gi2/0/30,"['IDF:', 'DF4-3W_Data']",no
Gi2/0/37,"['IDF:', 'DF4-3W_Data']",no
Gi2/0/38,"['IDF:', 'DF4-3W_Data']",no
Gi2/0/39,"['IDF:', 'DF4-3W_Data']",no
Gi2/0/40,"['IDF:', 'DF4-3W_Data']",no
Gi2/0/41,"['IDF:', 'DF4-3W_Data']",no
Gi2/0/42,"['IDF:', 'DF4-3W_Data']",no
Gi2/0/43,"['IDF:', 'DF4-3W_Data']",no
Gi2/0/44,"['IDF:', 'DF4-3W_Data']",no
Gi2/0/45,"['IDF:', 'DF4-3W_APs']",no
Gi2/0/46,"['IDF:', 'DF4-3W_APs']",no
Gi2/0/47,"['IDF:', 'DF4-3W_APs']",no
Gi2/0/48,"['IDF:', 'DF4-3W_APs']",no
Gi3/0/1,"['IDF:', 'DF4-3W_Data', 'Gi3/0/10', 'up', 'up', 'IDF:', 'DF4-3W_Data', 'Gi3/0/11', 'up', 'up', 'IDF:', 'DF4-3W_Data', 'Gi3/0/12', 'up', 'up', 'IDF:', 'DF4-3W_Data', 'Gi3/0/13', 'up', 'up', 'IDF:', 'DF4-3W_Data', 'Gi3/0/14', 'up', 'up', 'IDF:', 'DF4-3W_Data', 'Gi3/0/15', 'down', 'down', 'IDF:', 'DF4-3W_Data', 'Gi3/0/16', 'up', 'up', 'IDF:', 'DF4-3W_Data', 'Gi3/0/17', 'up', 'up', 'IDF:', 'DF4-3W_Data', 'Gi3/0/18', 'up', 'up', 'IDF:', 'DF4-3W_Data', 'Gi3/0/19', 'up', 'up', 'IDF:', 'DF4-3W_Data']",no
Gi3/0/8,"['IDF:', 'DF4-3W_Data']",no
Gi3/0/15,"['IDF:', 'DF4-3W_Data']",no
Gi3/0/21,"['IDF:', 'DF4-3W_Data']",no
Gi3/0/22,"['IDF:', 'DF4-3W_Data']",no
Gi3/0/23,"['IDF:', 'DF4-3W_Data']",no
Gi3/0/24,"['IDF:', 'DF4-3W_Data']",no
Gi3/0/25,"['IDF:', 'DF4-3W_Data']",no
Gi3/0/31,"['IDF:', 'DF4-3W_Data']",no
Gi3/0/32,"['IDF:', 'DF4-3W_Data']",yes
Gi3/0/33,"['IDF:', 'DF4-3W_Data']",no
Gi3/0/34,"['IDF:', 'DF4-3W_Data']",no
Gi3/0/35,"['IDF:', 'DF4-3W_Data']",no
Gi3/0/37,"['IDF:', 'DF4-3W_Data']",no
Gi3/0/38,"['IDF:', 'DF4-3W_Data']",no
Gi3/0/39,"['IDF:', 'DF4-3W_Data']",no
Gi3/0/40,"['IDF:', 'DF4-3W_Data']",no
Gi3/0/42,"['IDF:', 'DF4-3W_Data']",no
Gi3/0/43,"['IDF:', 'DF4-3W_Data']",no
Gi3/0/44,"['IDF:', 'DF4-3W_Data']",no
Gi4/0/1,"['IDF:', 'DF4-3W_Data', 'Gi4/0/10', 'down', 'down', 'IDF:', 'DF4-3W_Data', 'Gi4/0/11', 'down', 'down', 'IDF:', 'DF4-3W_Data', 'Gi4/0/12', 'down', 'down', 'IDF:', 'DF4-3W_Data', 'Gi4/0/13', 'down', 'down', 'IDF:', 'DF4-3W_Data', 'Gi4/0/14', 'down', 'down', 'IDF:', 'DF4-3W_Data', 'Gi4/0/15', 'down', 'down', 'IDF:', 'DF4-3W_Data', 'Gi4/0/16', 'down', 'down', 'IDF:', 'DF4-3W_Data', 'Gi4/0/17', 'down', 'down', 'IDF:', 'DF4-3W_Data', 'Gi4/0/18', 'down', 'down', 'IDF:', 'DF4-3W_Data', 'Gi4/0/19', 'down', 'down', 'IDF:', 'DF4-3W_Data']",no
Gi4/0/4,"['IDF:', 'DF4-3W_Data', 'Gi4/0/40', 'down', 'down', 'IDF:', 'DF4-3W_Data', 'Gi4/0/41', 'down', 'down', 'IDF:', 'DF4-3W_Data', 'Gi4/0/42', 'down', 'down', 'IDF:', 'DF4-3W_Data', 'Gi4/0/43', 'down', 'down', 'IDF:', 'DF4-3W_Data', 'Gi4/0/44', 'down', 'down', 'IDF:', 'DF4-3W_Data', 'Gi4/0/45', 'up', 'up', 'IDF:', 'DF4-3W_APs', 'Gi4/0/46', 'up', 'up', 'IDF:', 'DF4-3W_APs', 'Gi4/0/47', 'down', 'down', 'IDF:', 'DF4-3W_APs', 'Gi4/0/48', 'down', 'down', 'IDF:', 'DF4-3W_APs']",no
Gi4/0/5,"['IDF:', 'DF4-3W_Data']",no
Gi4/0/6,"['IDF:', 'DF4-3W_Data']",no
Gi4/0/7,"['IDF:', 'DF4-3W_Data']",no
Gi4/0/8,"['IDF:', 'DF4-3W_Data']",no
Gi4/0/9,"['IDF:', 'DF4-3W_Data']", 
Gi4/0/10,"['IDF:', 'DF4-3W_Data']",no
Gi4/0/11,"['IDF:', 'DF4-3W_Data']",no
Gi4/0/12,"['IDF:', 'DF4-3W_Data']",no
Gi4/0/13,"['IDF:', 'DF4-3W_Data']",no
Gi4/0/14,"['IDF:', 'DF4-3W_Data']",no
Gi4/0/15,"['IDF:', 'DF4-3W_Data']",no
Gi4/0/16,"['IDF:', 'DF4-3W_Data']",no
Gi4/0/17,"['IDF:', 'DF4-3W_Data']",no
Gi4/0/18,"['IDF:', 'DF4-3W_Data']",no
Gi4/0/19,"['IDF:', 'DF4-3W_Data']",no
Gi4/0/20,"['IDF:', 'DF4-3W_Data']",no
Gi4/0/21,"['IDF:', 'DF4-3W_Data']",no
Gi4/0/22,"['IDF:', 'DF4-3W_Data']",no
Gi4/0/23,"['IDF:', 'DF4-3W_Data']",no
Gi4/0/24,"['IDF:', 'DF4-3W_Data']",no
Gi4/0/25,"['IDF:', 'DF4-3W_Data']",no
Gi4/0/26,"['IDF:', 'DF4-3W_Data']",no
Gi4/0/27,"['IDF:', 'DF4-3W_Data']",no
Gi4/0/28,"['IDF:', 'DF4-3W_Data']",no
Gi4/0/29,"['IDF:', 'DF4-3W_Data']",no
Gi4/0/30,"['IDF:', 'DF4-3W_Data']",no
Gi4/0/32,"['IDF:', 'DF4-3W_Data']",no
Gi4/0/33,"['IDF:', 'DF4-3W_Data']",no
Gi4/0/37,"['IDF:', 'DF4-3W_Data']",no
Gi4/0/38,"['IDF:', 'DF4-3W_Data']",no
Gi4/0/39,"['IDF:', 'DF4-3W_Data']",no
Gi4/0/40,"['IDF:', 'DF4-3W_Data']",no
Gi4/0/41,"['IDF:', 'DF4-3W_Data']",no
Gi4/0/42,"['IDF:', 'DF4-3W_Data']",no
Gi4/0/43,"['IDF:', 'DF4-3W_Data']",no
Gi4/0/44,"['IDF:', 'DF4-3W_Data']",no
Gi4/0/47,"['IDF:', 'DF4-3W_APs']",no
Gi4/0/48,"['IDF:', 'DF4-3W_APs']",no
Gi5/0/1,"['IDF:', 'DF4-3W_Data', 'Gi5/0/10', 'down', 'down', 'IDF:', 'DF4-3W_Data', 'Gi5/0/11', 'down', 'down', 'IDF:', 'DF4-3W_Data', 'Gi5/0/12', 'down', 'down', 'IDF:', 'DF4-3W_Data', 'Gi5/0/13', 'down', 'down', 'IDF:', 'DF4-3W_Data', 'Gi5/0/14', 'down', 'down', 'IDF:', 'DF4-3W_Data', 'Gi5/0/15', 'down', 'down', 'IDF:', 'DF4-3W_Data', 'Gi5/0/16', 'down', 'down', 'IDF:', 'DF4-3W_Data', 'Gi5/0/17', 'down', 'down', 'IDF:', 'DF4-3W_Data', 'Gi5/0/18', 'down', 'down', 'IDF:', 'DF4-3W_Data', 'Gi5/0/19', 'down', 'down', 'IDF:', 'DF4-3W_Data']",no
Gi5/0/2,"['IDF:', 'DF4-3W_Data', 'Gi5/0/20', 'down', 'down', 'IDF:', 'DF4-3W_Data', 'Gi5/0/21', 'down', 'down', 'IDF:', 'DF4-3W_Data', 'Gi5/0/22', 'down', 'down', 'IDF:', 'DF4-3W_Data', 'Gi5/0/23', 'down', 'down', 'IDF:', 'DF4-3W_Data', 'Gi5/0/24', 'down', 'down', 'IDF:', 'DF4-3W_Data', 'Gi5/0/25', 'down', 'down', 'IDF:', 'DF4-3W_Data', 'Gi5/0/26', 'down', 'down', 'IDF:', 'DF4-3W_Data', 'Gi5/0/27', 'down', 'down', 'IDF:', 'DF4-3W_Data', 'Gi5/0/28', 'down', 'down', 'IDF:', 'DF4-3W_Data', 'Gi5/0/29', 'down', 'down', 'IDF:', 'DF4-3W_Data']",no
Gi5/0/3,"['IDF:', 'DF4-3W_Data', 'Gi5/0/30', 'down', 'down', 'IDF:', 'DF4-3W_Data', 'Gi5/0/31', 'down', 'down', 'IDF:', 'DF4-3W_Data', 'Gi5/0/32', 'down', 'down', 'IDF:', 'DF4-3W_Data', 'Gi5/0/33', 'down', 'down', 'IDF:', 'DF4-3W_Data', 'Gi5/0/34', 'down', 'down', 'IDF:', 'DF4-3W_Data', 'Gi5/0/35', 'down', 'down', 'IDF:', 'DF4-3W_Data', 'Gi5/0/36', 'down', 'down', 'IDF:', 'DF4-3W_Data', 'Gi5/0/37', 'down', 'down', 'IDF:', 'DF4-3W_Data', 'Gi5/0/38', 'down', 'down', 'IDF:', 'DF4-3W_Data', 'Gi5/0/39', 'down', 'down', 'IDF:', 'DF4-3W_Data']",no
Gi5/0/4,"['IDF:', 'DF4-3W_Data', 'Gi5/0/40', 'down', 'down', 'IDF:', 'DF4-3W_Data', 'Gi5/0/41', 'down', 'down', 'IDF:', 'DF4-3W_Data', 'Gi5/0/42', 'down', 'down', 'IDF:', 'DF4-3W_Data', 'Gi5/0/43', 'down', 'down', 'IDF:', 'DF4-3W_Data', 'Gi5/0/44', 'down', 'down', 'IDF:', 'DF4-3W_Data', 'Gi5/0/45', 'down', 'down', 'IDF:', 'DF4-3W_APs', 'Gi5/0/46', 'down', 'down', 'IDF:', 'DF4-3W_APs', 'Gi5/0/47', 'down', 'down', 'IDF:', 'DF4-3W_APs', 'Gi5/0/48', 'down', 'down', 'IDF:', 'DF4-3W_APs']",no
Gi5/0/5,"['IDF:', 'DF4-3W_Data']",no
Gi5/0/6,"['IDF:', 'DF4-3W_Data']",no
Gi5/0/7,"['IDF:', 'DF4-3W_Data']",no
Gi5/0/8,"['IDF:', 'DF4-3W_Data']",no
Gi5/0/9,"['IDF:', 'DF4-3W_Data']",no
Gi5/0/10,"['IDF:', 'DF4-3W_Data']",no
Gi5/0/11,"['IDF:', 'DF4-3W_Data']",no
Gi5/0/12,"['IDF:', 'DF4-3W_Data']",no
Gi5/0/13,"['IDF:', 'DF4-3W_Data']",no
Gi5/0/14,"['IDF:', 'DF4-3W_Data']",no
Gi5/0/15,"['IDF:', 'DF4-3W_Data']",no
Gi5/0/16,"['IDF:', 'DF4-3W_Data']",no
Gi5/0/17,"['IDF:', 'DF4-3W_Data']",no
Gi5/0/18,"['IDF:', 'DF4-3W_Data']",no
Gi5/0/19,"['IDF:', 'DF4-3W_Data']",no
Gi5/0/20,"['IDF:', 'DF4-3W_Data']",no
Gi5/0/21,"['IDF:', 'DF4-3W_Data']",no
Gi5/0/22,"['IDF:', 'DF4-3W_Data']",no
Gi5/0/23,"['IDF:', 'DF4-3W_Data']",no
Gi5/0/24,"['IDF:', 'DF4-3W_Data']",no
Gi5/0/25,"['IDF:', 'DF4-3W_Data']",no
Gi5/0/26,"['IDF:', 'DF4-3W_Data']",no
Gi5/0/27,"['IDF:', 'DF4-3W_Data']",no
Gi5/0/28,"['IDF:', 'DF4-3W_Data']",no
Gi5/0/29,"['IDF:', 'DF4-3W_Data']",no
Gi5/0/30,"['IDF:', 'DF4-3W_Data']",no
Gi5/0/31,"['IDF:', 'DF4-3W_Data']",no
Gi5/0/32,"['IDF:', 'DF4-3W_Data']",no
Gi5/0/33,"['IDF:', 'DF4-3W_Data']",no
Gi5/0/34,"['IDF:', 'DF4-3W_Data']",no
Gi5/0/35,"['IDF:', 'DF4-3W_Data']",no
Gi5/0/36,"['IDF:', 'DF4-3W_Data']",no
Gi5/0/37,"['IDF:', 'DF4-3W_Data']",no
Gi5/0/38,"['IDF:', 'DF4-3W_Data']",no
Gi5/0/39,"['IDF:', 'DF4-3W_Data']",no
Gi5/0/40,"['IDF:', 'DF4-3W_Data']",no
Gi5/0/41,"['IDF:', 'DF4-3W_Data']",no
Gi5/0/42,"['IDF:', 'DF4-3W_Data']",no
Gi5/0/43,"['IDF:', 'DF4-3W_Data']",no
Gi5/0/44,"['IDF:', 'DF4-3W_Data']",no
Gi5/0/45,"['IDF:', 'DF4-3W_APs']",no
Gi5/0/46,"['IDF:', 'DF4-3W_APs']",no
Gi5/0/47,"['IDF:', 'DF4-3W_APs']",no
Gi5/0/48,"['IDF:', 'DF4-3W_APs']",no
Gi5/1/1,[],no
Gi5/1/2,[],no
Te5/1/4,[],no
