Interface,Description,Used
Gi1/0/1,"['IDF:', 'DF2-2W_Data', 'Gi1/0/10', 'up', 'up', 'IDF:', 'DF2-2W_Data', 'Gi1/0/11', 'down', 'down', 'IDF:', 'DF2-2W_Data', 'Gi1/0/12', 'up', 'up', 'IDF:', 'DF2-2W_Data', 'Gi1/0/13', 'up', 'up', 'IDF:', 'DF2-2W_Data', 'Gi1/0/14', 'down', 'down', 'IDF:', 'DF2-2W_Data', 'Gi1/0/15', 'up', 'up', 'IDF:', 'DF2-2W_Data', 'Gi1/0/16', 'up', 'up', 'IDF:', 'DF2-2W_Data', 'Gi1/0/17', 'up', 'up', 'IDF:', 'DF2-2W_Data', 'Gi1/0/18', 'up', 'up', 'IDF:', 'DF2-2W_Data', 'Gi1/0/19', 'up', 'up', 'IDF:', 'DF2-2W_Data']",no
Gi1/0/4,"['IDF:', 'DF2-2W_Data', 'Gi1/0/40', 'down', 'down', 'IDF:', 'DF2-2W_Data', 'Gi1/0/41', 'up', 'up', 'IDF:', 'DF2-2W_Data', 'Gi1/0/42', 'down', 'down', 'IDF:', 'DF2-2W_Data', 'Gi1/0/43', 'down', 'down', 'IDF:', 'DF2-2W_Data', 'Gi1/0/44', 'down', 'down', 'IDF:', 'DF2-2W_Data', 'Gi1/0/45', 'up', 'up', 'APC', 'UPS', 'Gi1/0/46', 'up', 'up', 'IDF:', 'DF2-2W_APs', 'Gi1/0/47', 'up', 'up', 'IDF:', 'DF2-2W_APs', 'Gi1/0/48', 'up', 'up', 'IDF:', 'DF2-2W_APs']",no
Gi1/0/8,"['IDF:', 'DF2-2W_Data']",no
Gi1/0/9,"['IDF:', 'DF2-2W_Data']",no
Gi1/0/11,"['IDF:', 'DF2-2W_Data']",no
Gi1/0/14,"['IDF:', 'DF2-2W_Data']",no
Gi1/0/20,"['IDF:', 'DF2-2W_Data']",no
Gi1/0/21,"['IDF:', 'DF2-2W_Data']",no
Gi1/0/22,"['IDF:', 'DF2-2W_Data']",no
Gi1/0/23,"['IDF:', 'DF2-2W_Data']",no
Gi1/0/25,"['IDF:', 'DF2-2W_Data']",no
Gi1/0/30,"['IDF:', 'DF2-2W_Data']",no
Gi1/0/35,"['IDF:', 'DF2-2W_Data']",no
Gi1/0/36,"['IDF:', 'DF2-2W_Data']",no
Gi1/0/37,"['IDF:', 'DF2-2W_Data']",no
Gi1/0/38,"['IDF:', 'DF2-2W_Data']",no
Gi1/0/39,"['IDF:', 'DF2-2W_Data']",no
Gi1/0/40,"['IDF:', 'DF2-2W_Data']",no
Gi1/0/42,"['IDF:', 'DF2-2W_Data']",no
Gi1/0/43,"['IDF:', 'DF2-2W_Data']",no
Gi1/0/44,"['IDF:', 'DF2-2W_Data']",no
Gi1/1/1,[],no
Gi1/1/2,[],no
Te1/1/4,[],no
Gi2/0/2,"['IDF:', 'DF2-2W_Data', 'Gi2/0/20', 'up', 'up', 'IDF:', 'DF2-2W_Data', 'Gi2/0/21', 'up', 'up', 'IDF:', 'DF2-2W_Data', 'Gi2/0/22', 'up', 'up', 'IDF:', 'DF2-2W_Data', 'Gi2/0/23', 'down', 'down', 'IDF:', 'DF2-2W_Data', 'Gi2/0/24', 'up', 'up', 'IDF:', 'DF2-2W_Data', 'Gi2/0/25', 'up', 'up', 'IDF:', 'DF2-2W_Data', 'Gi2/0/26', 'up', 'up', 'IDF:', 'DF2-2W_Data', 'Gi2/0/27', 'up', 'up', 'IDF:', 'DF2-2W_Data', 'Gi2/0/28', 'down', 'down', 'IDF:', 'DF2-2W_Data', 'Gi2/0/29', 'up', 'up', 'IDF:', 'DF2-2W_Data']",no
Gi2/0/3,"['IDF:', 'DF2-2W_Data', 'Gi2/0/30', 'down', 'down', 'IDF:', 'DF2-2W_Data', 'Gi2/0/31', 'up', 'up', 'IDF:', 'DF2-2W_Data', 'Gi2/0/32', 'up', 'up', 'IDF:', 'DF2-2W_Data', 'Gi2/0/33', 'up', 'up', 'IDF:', 'DF2-2W_Data', 'Gi2/0/34', 'up', 'up', 'IDF:', 'DF2-2W_Data', 'Gi2/0/35', 'down', 'down', 'IDF:', 'DF2-2W_Data', 'Gi2/0/36', 'down', 'down', 'IDF:', 'DF2-2W_Data', 'Gi2/0/37', 'down', 'down', 'IDF:', 'DF2-2W_Data', 'Gi2/0/38', 'down', 'down', 'IDF:', 'DF2-2W_Data', 'Gi2/0/39', 'down', 'down', 'IDF:', 'DF2-2W_Data']",no
Gi2/0/4,"['IDF:', 'DF2-2W_Data', 'Gi2/0/40', 'down', 'down', 'IDF:', 'DF2-2W_Data', 'Gi2/0/41', 'down', 'down', 'IDF:', 'DF2-2W_Data', 'Gi2/0/42', 'down', 'down', 'IDF:', 'DF2-2W_Data', 'Gi2/0/43', 'down', 'down', 'IDF:', 'DF2-2W_Data', 'Gi2/0/44', 'down', 'down', 'IDF:', 'DF2-2W_Data', 'Gi2/0/45', 'up', 'up', 'IDF:', 'DF2-2W_APs', 'Gi2/0/46', 'up', 'up', 'IDF:', 'DF2-2W_APs', 'Gi2/0/47', 'up', 'up', 'IDF:', 'DF2-2W_APs', 'Gi2/0/48', 'down', 'down', 'IDF:', 'DF2-2W_APs']",no
Gi2/0/5,"['IDF:', 'DF2-2W_Data']",no
Gi2/0/6,"['IDF:', 'DF2-2W_Data']",no
Gi2/0/7,"['IDF:', 'DF2-2W_Data']",no
Gi2/0/8,"['IDF:', 'DF2-2W_Data']",no
Gi2/0/9,"['IDF:', 'DF2-2W_Data']",no
Gi2/0/10,"['IDF:', 'DF2-2W_Data']",no
Gi2/0/11,"['IDF:', 'DF2-2W_Data']",no
Gi2/0/12,"['IDF:', 'DF2-2W_Data']",no
Gi2/0/14,"['IDF:', 'DF2-2W_Data']",no
Gi2/0/15,"['IDF:', 'DF2-2W_Data']",no
Gi2/0/23,"['IDF:', 'DF2-2W_Data']",no
Gi2/0/28,"['IDF:', 'DF2-2W_Data']",no
Gi2/0/30,"['IDF:', 'DF2-2W_Data']",no
Gi2/0/35,"['IDF:', 'DF2-2W_Data']",no
Gi2/0/36,"['IDF:', 'DF2-2W_Data']",no
Gi2/0/37,"['IDF:', 'DF2-2W_Data']",no
Gi2/0/38,"['IDF:', 'DF2-2W_Data']",no
Gi2/0/39,"['IDF:', 'DF2-2W_Data']",no
Gi2/0/40,"['IDF:', 'DF2-2W_Data']",no
Gi2/0/41,"['IDF:', 'DF2-2W_Data']",no
Gi2/0/42,"['IDF:', 'DF2-2W_Data']",no
Gi2/0/43,"['IDF:', 'DF2-2W_Data']",no
Gi2/0/44,"['IDF:', 'DF2-2W_Data']",no
Gi2/0/48,"['IDF:', 'DF2-2W_APs']",no
Gi3/0/3,"['IDF:', 'DF2-2W_Data', 'Gi3/0/30', 'up', 'up', 'IDF:', 'DF2-2W_Data', 'Gi3/0/31', 'down', 'down', 'IDF:', 'DF2-2W_Data', 'Gi3/0/32', 'down', 'down', 'IDF:', 'DF2-2W_Data', 'Gi3/0/33', 'up', 'up', 'IDF:', 'DF2-2W_Data', 'Gi3/0/34', 'up', 'up', 'IDF:', 'DF2-2W_Data', 'Gi3/0/35', 'up', 'up', 'IDF:', 'DF2-2W_Data', 'Gi3/0/36', 'down', 'down', 'IDF:', 'DF2-2W_Data', 'Gi3/0/37', 'up', 'up', 'IDF:', 'DF2-2W_Data', 'Gi3/0/38', 'up', 'up', 'IDF:', 'DF2-2W_Data', 'Gi3/0/39', 'up', 'up', 'IDF:', 'DF2-2W_Data']",no
Gi3/0/5,"['IDF:', 'DF2-2W_Data']",no
Gi3/0/7,"['IDF:', 'DF2-2W_Data']",yes
Gi3/0/8,"['IDF:', 'DF2-2W_Data']",yes
Gi3/0/9,"['IDF:', 'DF2-2W_Data']",yes
Gi3/0/10,"['IDF:', 'DF2-2W_Data']",no
Gi3/0/11,"['IDF:', 'DF2-2W_Data']",yes
Gi3/0/12,"['IDF:', 'DF2-2W_Data']",yes
Gi3/0/13,"['IDF:', 'DF2-2W_Data']",no
Gi3/0/17,"['IDF:', 'DF2-2W_Data']",no
Gi3/0/20,"['IDF:', 'DF2-2W_Data']",no
Gi3/0/25,"['IDF:', 'DF2-2W_Data']",no
Gi3/0/26,"['IDF:', 'DF2-2W_Data']",yes
Gi3/0/27,"['IDF:', 'DF2-2W_Data']",yes
Gi3/0/28,"['IDF:', 'DF2-2W_Data']",no
Gi3/0/29,"['IDF:', 'DF2-2W_Data']",no
Gi3/0/31,"['IDF:', 'DF2-2W_Data']",yes
Gi3/0/32,"['IDF:', 'DF2-2W_Data']",yes
Gi3/0/36,"['IDF:', 'DF2-2W_Data']",no
Gi3/0/40,"['IDF:', 'DF2-2W_Data']",no
Gi3/0/41,"['IDF:', 'DF2-2W_Data']",no
Gi3/0/42,"['IDF:', 'DF2-2W_Data']",no
Gi3/0/43,"['IDF:', 'DF2-2W_Data']",no
Gi3/0/44,"['IDF:', 'DF2-2W_Data']",no
Gi3/0/45,"['IDF:', 'DF2-2W_APs']",no
Gi3/0/46,"['IDF:', 'DF2-2W_APs']",no
Gi3/0/47,"['IDF:', 'DF2-2W_APs']",no
Gi3/0/48,"['IDF:', 'DF2-2W_APs']",no
Gi3/1/1,[],no
Gi3/1/2,[],no
Te3/1/4,[],no
