Interface,Description,Used
Gi1/0/9,"['IDF:', 'DF6-1W_Data']",no
Gi1/0/13,"['IDF:', 'DF6-1W_Data']",no
Gi1/0/15,"['IDF:', 'DF6-1W_Data']",no
Gi1/0/16,"['IDF:', 'DF6-1W_Data']",no
Gi1/0/18,"['IDF:', 'DF6-1W_Data']",no
Gi1/0/28,"['IDF:', 'DF6-1W_Data']",no
Gi1/0/30,"['IDF:', 'DF6-1W_Data']",no
Gi1/0/31,"['IDF:', 'DF6-1W_Data']",no
Gi1/0/32,"['IDF:', 'DF6-1W_Data']",no
Gi1/0/35,"['IDF:', 'DF6-1W_Data']",no
Gi1/0/36,"['IDF:', 'DF6-1W_Data']",no
Gi1/0/37,"['IDF:', 'DF6-1W_Data']",no
Gi1/0/38,"['IDF:', 'DF6-1W_Data']",no
Gi1/0/39,"['IDF:', 'DF6-1W_Data']",yes
Gi1/0/40,"['IDF:', 'DF6-1W_Data']",yes
Gi1/0/42,"['IDF:', 'DF6-1W_Data']",no
Gi1/0/47,"['IDF:', 'DF6-1W_APs']",no
Gi1/0/48,"['IDF:', 'DF6-1W_APs']",no
Gi1/1/1,[],no
Gi1/1/2,[],no
Te1/1/4,[],no
Gi2/0/4,"['IDF:', 'DF6-1W_Data', 'Gi2/0/40', 'down', 'down', 'IDF:', 'DF6-1W_Data', 'Gi2/0/41', 'down', 'down', 'IDF:', 'DF6-1W_Data', 'Gi2/0/42', 'up', 'up', 'IDF:', 'DF6-1W_Data', 'Gi2/0/43', 'up', 'up', 'IDF:', 'DF6-1W_Data', 'Gi2/0/44', 'down', 'down', 'IDF:', 'DF6-1W_Data', 'Gi2/0/45', 'up', 'up', 'IDF:', 'DF6-1W_APs', 'Gi2/0/46', 'up', 'up', 'IDF:', 'DF6-1W_APs', 'Gi2/0/47', 'down', 'down', 'IDF:', 'DF6-1W_APs', 'Gi2/0/48', 'down', 'down', 'IDF:', 'DF6-1W_APs']",no
Gi2/0/5,"['IDF:', 'DF6-1W_Data']",no
Gi2/0/6,"['IDF:', 'DF6-1W_Data']",no
Gi2/0/9,"['IDF:', 'DF6-1W_Data']",no
Gi2/0/10,"['IDF:', 'DF6-1W_Data']",no
Gi2/0/14,"['IDF:', 'DF6-1W_Data']",no
Gi2/0/16,"['IDF:', 'DF6-1W_Data']",no
Gi2/0/18,"['IDF:', 'DF6-1W_Data']",no
Gi2/0/19,"['IDF:', 'DF6-1W_Data']",no
Gi2/0/20,"['IDF:', 'DF6-1W_Data']",no
Gi2/0/27,"['IDF:', 'DF6-1W_Data']",no
Gi2/0/32,"['IDF:', 'DF6-1W_Data']",no
Gi2/0/36,"['IDF:', 'DF6-1W_Data']",yes
Gi2/0/37,"['IDF:', 'DF6-1W_Data']",no
Gi2/0/38,"['IDF:', 'DF6-1W_Data']",no
Gi2/0/39,"['IDF:', 'DF6-1W_Data']",no
Gi2/0/40,"['IDF:', 'DF6-1W_Data']",no
Gi2/0/41,"['IDF:', 'DF6-1W_Data']",no
Gi2/0/44,"['IDF:', 'DF6-1W_Data']",yes
Gi2/0/47,"['IDF:', 'DF6-1W_APs']",no
Gi2/0/48,"['IDF:', 'DF6-1W_APs']",no
Gi3/0/1,"['IDF:', 'DF6-1W_Data', 'Gi3/0/10', 'up', 'up', 'IDF:', 'DF6-1W_Data', 'Gi3/0/11', 'down', 'down', 'IDF:', 'DF6-1W_Data', 'Gi3/0/12', 'up', 'up', 'IDF:', 'DF6-1W_Data', 'Gi3/0/13', 'down', 'down', 'IDF:', 'DF6-1W_Data', 'Gi3/0/14', 'up', 'up', 'IDF:', 'DF6-1W_Data', 'Gi3/0/15', 'down', 'down', 'IDF:', 'DF6-1W_Data', 'Gi3/0/16', 'up', 'up', 'IDF:', 'DF6-1W_Data', 'Gi3/0/17', 'down', 'down', 'IDF:', 'DF6-1W_Data', 'Gi3/0/18', 'down', 'down', 'IDF:', 'DF6-1W_Data', 'Gi3/0/19', 'down', 'down', 'IDF:', 'DF6-1W_Data']",no
Gi3/0/4,"['IDF:', 'DF6-1W_Data', 'Gi3/0/40', 'down', 'down', 'IDF:', 'DF6-1W_Data', 'Gi3/0/41', 'up', 'up', 'IDF:', 'DF6-1W_Data', 'Gi3/0/42', 'down', 'down', 'IDF:', 'DF6-1W_Data', 'Gi3/0/43', 'down', 'down', 'ConvergentVideo', 'Gi3/0/44', 'down', 'down', 'ConvergentVideo', 'Gi3/0/45', 'up', 'up', 'IDF:', 'DF6-1W_APs', 'Gi3/0/46', 'up', 'up', 'IDF:', 'DF6-1W_APs', 'Gi3/0/47', 'up', 'up', 'IDF:', 'DF6-1W_APs', 'Gi3/0/48', 'up', 'up', 'IDF:', 'DF6-1W_APs']",no
Gi3/0/5,"['IDF:', 'DF6-1W_Data']",no
Gi3/0/9,"['IDF:', 'DF6-1W_Data']",no
Gi3/0/11,"['IDF:', 'DF6-1W_Data']",no
Gi3/0/13,"['IDF:', 'DF6-1W_Data']",no
Gi3/0/15,"['IDF:', 'DF6-1W_Data']",no
Gi3/0/17,"['IDF:', 'DF6-1W_Data']",no
Gi3/0/18,"['IDF:', 'DF6-1W_Data']",no
Gi3/0/19,"['IDF:', 'DF6-1W_Data']",no
Gi3/0/20,"['IDF:', 'DF6-1W_Data']",no
Gi3/0/21,"['IDF:', 'DF6-1W_Data']",no
Gi3/0/22,"['IDF:', 'DF6-1W_Data']",no
Gi3/0/23,"['IDF:', 'DF6-1W_Data']",no
Gi3/0/25,"['IDF:', 'DF6-1W_Data']",no
Gi3/0/26,"['IDF:', 'DF6-1W_Data']",no
Gi3/0/27,"['Deerfield', '6-1W', 'Conf', 'Room']",no
Gi3/0/28,"['IDF:', 'DF6-1W_Data']",no
Gi3/0/31,"['IDF:', 'DF6-1W_Data']",no
Gi3/0/35,"['IDF:', 'DF6-1W_Data']",no
Gi3/0/36,"['IDF:', 'DF6-1W_Data']",no
Gi3/0/40,"['IDF:', 'DF6-1W_Data']",no
Gi3/0/42,"['IDF:', 'DF6-1W_Data']",no
Gi3/0/43,['ConvergentVideo'],no
Gi3/0/44,['ConvergentVideo'],no
Gi3/1/1,[],no
Gi3/1/2,[],no
Te3/1/4,[],no
