Interface,Description,Used
Gi1/0/1,"['IDF:', 'DF2-EOC_Data', 'Gi1/0/10', 'down', 'down', 'IDF:', 'DF2-EOC_Data', 'Gi1/0/11', 'down', 'down', 'IDF:', 'DF2-EOC_Data', 'Gi1/0/12', 'down', 'down', 'IDF:', 'DF2-EOC_Data', 'Gi1/0/13', 'up', 'up', 'IDF:', 'DF2-EOC_Data', 'Gi1/0/14', 'down', 'down', 'IDF:', 'DF2-EOC_Data', 'Gi1/0/15', 'up', 'up', 'IDF:', 'DF2-EOC_Data', 'Gi1/0/16', 'down', 'down', 'IDF:', 'DF2-EOC_Data', 'Gi1/0/17', 'down', 'down', 'IDF:', 'DF2-EOC_Data', 'Gi1/0/18', 'down', 'down', 'IDF:', 'DF2-EOC_Data', 'Gi1/0/19', 'down', 'down', 'IDF:', 'DF2-EOC_Data']",no
Gi1/0/6,"['IDF:', 'DF2-EOC_Data']",no
Gi1/0/8,"['IDF:', 'DF2-EOC_Data']",no
Gi1/0/9,"['IDF:', 'DF2-EOC_Data']",no
Gi1/0/10,"['IDF:', 'DF2-EOC_Data']",yes
Gi1/0/11,"['IDF:', 'DF2-EOC_Data']",no
Gi1/0/12,"['IDF:', 'DF2-EOC_Data']",yes
Gi1/0/14,"['IDF:', 'DF2-EOC_Data']",yes
Gi1/0/16,"['IDF:', 'DF2-EOC_Data']",yes
Gi1/0/17,"['IDF:', 'DF2-EOC_Data']",no
Gi1/0/18,"['IDF:', 'DF2-EOC_Data']",no
Gi1/0/19,"['IDF:', 'DF2-EOC_Data']",no
Gi1/0/20,"['IDF:', 'DF2-EOC_Data']",no
Gi1/0/23,"['IDF:', 'DF2-EOC_Data']",no
Gi1/0/24,"['IDF:', 'DF2-EOC_Data']",no
Gi1/0/25,"['IDF:', 'DF2-EOC_Data']",no
Gi1/0/26,"['IDF:', 'DF2-EOC_Data']",no
Gi1/0/27,"['IDF:', 'DF2-EOC_Data']",no
Gi1/0/28,"['IDF:', 'DF2-EOC_Data']",no
Gi1/0/29,"['IDF:', 'DF2-EOC_Data']",no
Gi1/0/30,"['IDF:', 'DF2-EOC_Data']",no
Gi1/0/31,"['IDF:', 'DF2-EOC_Data']",no
Gi1/0/32,"['IDF:', 'DF2-EOC_Data']",no
Gi1/0/33,"['IDF:', 'DF2-EOC_Data']",no
Gi1/0/34,"['IDF:', 'DF2-EOC_Data']",no
Gi1/0/35,"['IDF:', 'DF2-EOC_Data']",no
Gi1/0/36,"['IDF:', 'DF2-EOC_Data']",no
Gi1/0/37,"['IDF:', 'DF2-EOC_Data']",no
Gi1/0/38,"['IDF:', 'DF2-EOC_Data']",no
Gi1/0/39,"['IDF:', 'DF2-EOC_Data']",no
Gi1/0/40,"['IDF:', 'DF2-EOC_Data']",no
Gi1/0/41,"['IDF:', 'DF2-EOC_Data']",no
Gi1/0/42,"['IDF:', 'DF2-EOC_Data']",no
Gi1/0/43,"['IDF:', 'DF2-EOC_Data']",no
Gi1/0/44,"['IDF:', 'DF2-EOC_Data']",no
Gi1/0/45,"['IDF:', 'DF2-EOC_APs']",no
Gi1/0/46,"['IDF:', 'DF2-EOC_APs']",no
Gi1/1/1,[],no
Gi1/1/2,[],no
Te1/1/4,"['PortChannel', '(Po43)', 'to', 'sDLUSded02-2', '(Te1/2/24)']",no
