Interface,Description,Used
Fa1/0/1,"['connection', 'to', 'rCWUSded16']",no
Fa1/0/2,"['connection', 'to', 'sALUSded71']",no
Fa1/0/3,"['connection', 'to', 'RTRBDFCAR2']",no
Fa1/0/4,"['connection', 'to', 'rCWUSded15']",no
Fa1/0/5,"['connection', 'to', 'RTRBUSWAN5.baxter.com']",no
Fa1/0/6,"['connection', 'to', 'rCWUSded12']",no
Fa1/0/7,"['connection', 'to', 'SourceFireSpan', '(monitor)']",no
Fa1/0/8,"['connection', 'to', 'rCWUSde09']",no
Fa1/0/9,"['connection', 'to', 'rILUSded13']",no
Fa1/0/11,[],no
Fa1/0/12,[],no
Fa1/0/13,[],no
Fa1/0/14,[],no
Fa1/0/15,[],no
Fa1/0/16,"['MonitorPort', 'to', 'iILUSded02-gig2/2']",no
Fa1/0/17,[],no
Fa1/0/18,[],no
Fa1/0/19,[],no
Fa1/0/20,[],no
Fa1/0/22,[],no
Fa1/0/23,[],no
Fa1/0/24,[],no
Fa1/0/25,[],no
Fa1/0/26,[],no
Fa1/0/27,[],no
Fa1/0/28,[],no
Fa1/0/29,[],no
Fa1/0/30,[],no
Fa1/0/31,[],no
Fa1/0/32,[],no
Fa1/0/33,"['connection', 'to', 'rIWUSded02']",no
Fa1/0/34,[],no
Fa1/0/36,['rILUSded14'],no
Fa1/0/37,[],no
Fa1/0/38,[],no
Fa1/0/39,[],no
Fa1/0/40,[],no
Fa1/0/41,[],no
Fa1/0/42,[],no
Fa1/0/43,[],no
Fa1/0/44,[],no
Fa1/0/45,[],no
Fa1/0/46,"['connection', 'to', 'sALUSded71']",no
Po2,"['Port-channel', 'trunk', 'connection', 'to', 'sALUSded71']",no
