Interface,Description,Status,Vlan,Duplex,Speed,Type,Used,MACD,Vendor
Gi1/0/1,UVxx:User,notconnect,100,auto,auto,['10/100/1000BaseTX'],no,484d.7ed1.fd16,Dell Inc.
Gi1/0/2,UVxx:User,notconnect,100,auto,auto,['10/100/1000BaseTX'],no,28f1.0e0e.4f83,Dell Inc.
Gi1/0/3,UVxx:User,notconnect,100,auto,auto,['10/100/1000BaseTX'],no,484d.7ed4.b8e0,Dell Inc.
Gi1/0/4,UVxx:User,notconnect,100,auto,auto,['10/100/1000BaseTX'],no,6c2b.59e8.1653,Dell Inc.
Gi1/0/5,UVxx:User,connected,100,a-full,a-100,['10/100/1000BaseTX'],yes,0040.9d41.d045,
Gi1/0/6,UVxx:User,connected,100,a-full,a-1000,['10/100/1000BaseTX'],yes,c4b3.6aca.4342,"Cisco Systems, Inc"
Gi1/0/7,UVxx:User,connected,100,a-full,a-100,['10/100/1000BaseTX'],yes,ecc8.8211.bd35,
Gi1/0/8,UVxx:User,connected,100,a-full,a-1000,['10/100/1000BaseTX'],yes,484d.7ed4.bdf3,
Gi1/0/9,UVxx:User,notconnect,100,auto,auto,['10/100/1000BaseTX'],yes, , 
Gi1/0/10,UVxx:User,notconnect,100,auto,auto,['10/100/1000BaseTX'],no, , 
Gi1/0/11,UVxx:User,connected,100,a-full,a-10,['10/100/1000BaseTX'],yes,d4be.d9a1.6771,
Gi1/0/12,UVxx:User,notconnect,100,auto,auto,['10/100/1000BaseTX'],no, , 
Gi1/0/13,UVxx:User,connected,100,a-full,a-10,['10/100/1000BaseTX'],yes, , 
Gi1/0/14,UVxx:User,connected,100,a-full,a-100,['10/100/1000BaseTX'],yes,a44c.c8c5.67f3,Dell Inc.
Gi1/0/15,UVxx:User,notconnect,100,auto,auto,['10/100/1000BaseTX'],yes, , 
Gi1/0/16,UVxx:User,connected,100,a-full,a-100,['10/100/1000BaseTX'],yes,484d.7ed1.fd16,Dell Inc.
Gi1/0/17,UVxx:User,connected,100,a-full,a-1000,['10/100/1000BaseTX'],yes,d4be.d9a1.67df,
Gi1/0/18,UVxx:User,connected,100,a-full,a-100,['10/100/1000BaseTX'],yes,5897.1e28.9478,"Cisco Systems, Inc"
Gi1/0/19,UVxx:User,notconnect,100,auto,auto,['10/100/1000BaseTX'],no, , 
Gi1/0/20,UVxx:User,notconnect,100,auto,auto,['10/100/1000BaseTX'],no, , 
Gi1/0/21,UVxx:User,connected,100,a-full,a-100,['10/100/1000BaseTX'],yes,ecc8.8211.4e5a,"Cisco Systems, Inc"
Gi1/0/22,UVxx:User,connected,100,a-full,a-1000,['10/100/1000BaseTX'],yes,c4b3.6a35.9ce2,"Cisco Systems, Inc"
Gi1/0/23,UVxx:User,connected,100,a-full,a-1000,['10/100/1000BaseTX'],yes,e454.e8b2.9811,Dell Inc.
Gi1/0/24,UVxx:User,notconnect,100,auto,auto,['10/100/1000BaseTX'],no, , 
Gi1/0/25,UVxx:User,connected,100,a-full,a-100,['10/100/1000BaseTX'],yes, , 
Gi1/0/26,UVxx:User,notconnect,100,auto,auto,['10/100/1000BaseTX'],no, , 
Gi1/0/27,UVxx:User,connected,100,a-full,a-100,['10/100/1000BaseTX'],yes,1ce6.c773.92d5,
Gi1/0/28,UVxx:User,connected,100,a-full,a-100,['10/100/1000BaseTX'],yes,ecc8.8211.aafc,"Cisco Systems, Inc"
Gi1/0/29,UVxx:User,connected,100,a-full,a-100,['10/100/1000BaseTX'],yes,1833.9d14.a227,"Cisco Systems, Inc"
Gi1/0/30,UVxx:User,connected,100,a-full,a-1000,['10/100/1000BaseTX'],yes,6c2b.59f3.797c,Dell Inc.
Gi1/0/31,UVxx:User,connected,100,a-full,a-1000,['10/100/1000BaseTX'],yes,484d.7ed4.b8e0,Dell Inc.
Gi1/0/32,UVxx:User,connected,100,a-full,a-100,['10/100/1000BaseTX'],yes,6c2b.59f3.7478,Dell Inc.
Gi1/0/33,UVxx:User,connected,100,a-full,a-100,['10/100/1000BaseTX'],yes,689c.e2e6.14a1,"Cisco Systems, Inc"
Gi1/0/34,UVxx:User,notconnect,100,auto,auto,['10/100/1000BaseTX'],no, , 
Gi1/0/35,UVxx:User,connected,100,a-full,a-100,['10/100/1000BaseTX'],yes, , 
Gi1/0/36,UVxx:User,notconnect,100,auto,auto,['10/100/1000BaseTX'],no, , 
Gi1/0/37,UVxx:User,connected,100,a-full,a-100,['10/100/1000BaseTX'],yes,1833.9d14.a2d2,"Cisco Systems, Inc"
Gi1/0/38,UVxx:User,notconnect,100,auto,auto,['10/100/1000BaseTX'],no, , 
Gi1/0/39,UVxx:User,connected,100,a-full,a-100,['10/100/1000BaseTX'],yes,6c2b.59e8.6b3f,Dell Inc.
Gi1/0/40,UVxx:User,notconnect,100,auto,auto,['10/100/1000BaseTX'],no, , 
Gi1/0/41,UVxx:User,connected,100,a-full,a-1000,['10/100/1000BaseTX'],yes,6c2b.59e8.1653,Dell Inc.
Gi1/0/42,UVxx:User,connected,100,a-full,a-1000,['10/100/1000BaseTX'],yes,9c93.4e99.556e,
Gi1/0/43,UVxx:User,connected,100,a-full,a-1000,['10/100/1000BaseTX'],yes,d89e.f383.c648,Dell Inc.
Gi1/0/44,UVxx:User,connected,100,a-full,a-10,['10/100/1000BaseTX'],yes,d4be.d9a1.72b6,Dell Inc.
Gi1/0/45,UVxx:User,connected,100,a-full,a-1000,['10/100/1000BaseTX'],yes,9c93.4e99.59c3,
Gi1/0/46,UVxx:User,notconnect,100,auto,auto,['10/100/1000BaseTX'],no, , 
Gi1/0/47,UVxx:User,notconnect,100,auto,auto,['10/100/1000BaseTX'],no, , 
Gi1/0/48,**AP**,connected,308,a-full,a-1000,['10/100/1000BaseTX'],yes,f80b.cb77.e268,
Te1/0/1,,notconnect,1,full,10G,"['Not', 'Present']",no, , 
Te1/0/2,**tosDLPRgua01**,connected,trunk,full,10G,['SFP-10GBase-LRM'],yes, , 
Gi2/0/1,UVxx:User,connected,100,a-full,a-100,['10/100/1000BaseTX'],yes,1866.da06.25df,Dell Inc.
Gi2/0/2,UVxx:User,connected,100,a-full,a-100,['10/100/1000BaseTX'],yes,0020.4acd.d828,PRONET GMBH
Gi2/0/3,UVxx:User,notconnect,100,auto,auto,['10/100/1000BaseTX'],no,d4be.d9a1.685a,Dell Inc.
Gi2/0/4,UVxx:User,notconnect,100,auto,auto,['10/100/1000BaseTX'],yes,001e.1e24.4028,
Gi2/0/5,UVxx:User,connected,100,a-full,a-100,['10/100/1000BaseTX'],yes,8c04.ba60.b47e,Dell Inc.
Gi2/0/6,UVxx:User,connected,100,a-full,a-100,['10/100/1000BaseTX'],yes,1833.9d14.a0df,
Gi2/0/7,UVxx:User,connected,100,a-full,a-100,['10/100/1000BaseTX'],yes,8c04.ba5f.9bfe,
Gi2/0/8,UVxx:User,connected,100,a-full,a-100,['10/100/1000BaseTX'],yes,ecc8.8211.499a,"Cisco Systems, Inc"
Gi2/0/9,UVxx:User,connected,100,a-full,a-100,['10/100/1000BaseTX'],yes,0cd9.9691.4112,"Cisco Systems, Inc"
Gi2/0/10,UVxx:User,connected,100,a-full,a-100,['10/100/1000BaseTX'],yes, , 
Gi2/0/11,UVxx:User,connected,100,a-full,a-100,['10/100/1000BaseTX'],yes,0cd9.9691.412f,"Cisco Systems, Inc"
Gi2/0/12,UVxx:User,notconnect,100,auto,auto,['10/100/1000BaseTX'],no, , 
Gi2/0/13,UVxx:User,notconnect,100,auto,auto,['10/100/1000BaseTX'],no, , 
Gi2/0/14,UVxx:User,connected,100,a-full,a-1000,['10/100/1000BaseTX'],yes,6c2b.59f2.c565,Dell Inc.
Gi2/0/15,UVxx:User,connected,100,a-full,a-100,['10/100/1000BaseTX'],yes,1833.9d14.a001,"Cisco Systems, Inc"
Gi2/0/16,UVxx:User,notconnect,100,auto,auto,['10/100/1000BaseTX'],no, , 
Gi2/0/17,UVxx:User,notconnect,100,auto,auto,['10/100/1000BaseTX'],no, , 
Gi2/0/18,UVxx:User,notconnect,100,auto,auto,['10/100/1000BaseTX'],no, , 
Gi2/0/19,UVxx:User,notconnect,100,auto,auto,['10/100/1000BaseTX'],no, , 
Gi2/0/20,UVxx:User,notconnect,100,auto,auto,['10/100/1000BaseTX'],no, , 
Gi2/0/21,UVxx:User,connected,100,a-full,a-1000,['10/100/1000BaseTX'],yes,d4be.d9a1.7407,Dell Inc.
Gi2/0/22,UVxx:User,connected,100,a-full,a-1000,['10/100/1000BaseTX'],yes,d4be.d9a1.6867,
Gi2/0/23,UVxx:User,connected,100,a-full,a-100,['10/100/1000BaseTX'],yes,1833.9d14.1765,"Cisco Systems, Inc"
Gi2/0/24,UVxx:User,connected,100,a-full,a-10,['10/100/1000BaseTX'],yes,d4be.d9a1.7586,Dell Inc.
Gi2/0/25,UVxx:User,connected,100,a-full,a-100,['10/100/1000BaseTX'],yes,0020.4acd.d828,PRONET GMBH
Gi2/0/26,UVxx:User,connected,100,a-full,a-1000,['10/100/1000BaseTX'],yes,6c2b.59f3.7a94,
Gi2/0/27,UVxx:User,notconnect,100,auto,auto,['10/100/1000BaseTX'],yes, , 
Gi2/0/28,UVxx:User,notconnect,100,auto,auto,['10/100/1000BaseTX'],no, , 
Gi2/0/29,UVxx:User,connected,100,a-full,a-100,['10/100/1000BaseTX'],yes,0020.4ae9.77b7,PRONET GMBH
Gi2/0/30,UVxx:User,notconnect,100,auto,auto,['10/100/1000BaseTX'],no, , 
Gi2/0/31,UVxx:User,notconnect,100,auto,auto,['10/100/1000BaseTX'],no, , 
Gi2/0/32,UVxx:User,notconnect,100,auto,auto,['10/100/1000BaseTX'],no, , 
Gi2/0/33,UVxx:User,notconnect,100,auto,auto,['10/100/1000BaseTX'],no, , 
Gi2/0/34,UVxx:User,notconnect,100,auto,auto,['10/100/1000BaseTX'],yes, , 
Gi2/0/35,UVxx:User,connected,100,a-full,a-1000,['10/100/1000BaseTX'],yes,d4be.d9a1.685a,Dell Inc.
Gi2/0/36,UVxx:User,connected,100,a-full,a-100,['10/100/1000BaseTX'],yes, , 
Gi2/0/37,UVxx:User,notconnect,100,auto,auto,['10/100/1000BaseTX'],no, , 
Gi2/0/38,UVxx:User,notconnect,100,auto,auto,['10/100/1000BaseTX'],no, , 
Gi2/0/39,UVxx:User,connected,100,a-full,a-1000,['10/100/1000BaseTX'],yes,c4b3.6a35.9926,"Cisco Systems, Inc"
Gi2/0/40,UVxx:User,notconnect,100,auto,auto,['10/100/1000BaseTX'],no, , 
Gi2/0/41,UVxx:User,notconnect,100,auto,auto,['10/100/1000BaseTX'],no, , 
Gi2/0/42,UVxx:User,connected,100,a-full,a-1000,['10/100/1000BaseTX'],yes,c4b3.6a35.86f6,"Cisco Systems, Inc"
Gi2/0/43,**VGxALPRgua06**,connected,101,a-full,a-100,['10/100/1000BaseTX'],yes,0026.0b0b.0ae8,"Cisco Systems, Inc"
Gi2/0/44,UVxx:User,notconnect,100,auto,auto,['10/100/1000BaseTX'],no, , 
Gi2/0/45,UVxx:User,connected,30,a-full,a-100,['10/100/1000BaseTX'],yes,001e.1e24.4028,Honeywell Life Safety
Gi2/0/46,UVxx:User,connected,100,a-full,a-100,['10/100/1000BaseTX'],yes,1833.9d14.a243,"Cisco Systems, Inc"
Gi2/0/47,**AP**,connected,308,a-full,a-1000,['10/100/1000BaseTX'],yes,00d7.8f31.e144,"Cisco Systems, Inc"
Gi2/0/48,UVxx:User,notconnect,308,auto,auto,['10/100/1000BaseTX'],no, , 
Te2/0/1,,notconnect,1,full,10G,"['Not', 'Present']",no, , 
Te2/0/2,,notconnect,1,full,10G,"['Not', 'Present']",no, , 
Gi3/0/1,UVxx:User,notconnect,100,auto,auto,['10/100/1000BaseTX'],no,6c2b.59f3.79a2,Dell Inc.
Gi3/0/2,UVxx:User,connected,100,a-full,a-100,['10/100/1000BaseTX'],yes,0040.9d41.d06c,
Gi3/0/3,UVxx:User,notconnect,100,auto,auto,['10/100/1000BaseTX'],no,0030.af00.2b1d,
Gi3/0/4,UVxx:User,notconnect,100,auto,auto,['10/100/1000BaseTX'],no,6c2b.59e8.273e,
Gi3/0/5,UVxx:User,notconnect,100,auto,auto,['10/100/1000BaseTX'],no, , 
Gi3/0/6,UVxx:User,notconnect,100,auto,auto,['10/100/1000BaseTX'],no, , 
Gi3/0/7,UVxx:User,connected,100,a-full,a-10,['10/100/1000BaseTX'],yes, , 
Gi3/0/8,UVxx:User,notconnect,100,auto,auto,['10/100/1000BaseTX'],no, , 
Gi3/0/9,UVxx:User,notconnect,100,auto,auto,['10/100/1000BaseTX'],no, , 
Gi3/0/10,UVxx:User,notconnect,100,auto,auto,['10/100/1000BaseTX'],no, , 
Gi3/0/11,UVxx:User,notconnect,100,auto,auto,['10/100/1000BaseTX'],no, , 
Gi3/0/12,UVxx:User,notconnect,100,auto,auto,['10/100/1000BaseTX'],no, , 
Gi3/0/13,UVxx:User,notconnect,100,auto,auto,['10/100/1000BaseTX'],no, , 
Gi3/0/14,UVxx:User,connected,100,a-full,a-1000,['10/100/1000BaseTX'],yes,6c2b.59f3.7c2e,Dell Inc.
Gi3/0/15,UVxx:User,connected,100,a-full,a-1000,['10/100/1000BaseTX'],yes,d4be.d9a1.6753,Dell Inc.
Gi3/0/16,UVxx:User,notconnect,100,auto,auto,['10/100/1000BaseTX'],no, , 
Gi3/0/17,UVxx:User,notconnect,100,auto,auto,['10/100/1000BaseTX'],no, , 
Gi3/0/18,UVxx:User,connected,100,a-full,a-1000,['10/100/1000BaseTX'],yes,6c2b.59f3.79a2,Dell Inc.
Gi3/0/19,UVxx:User,notconnect,100,auto,auto,['10/100/1000BaseTX'],no, , 
Gi3/0/20,UVxx:User,notconnect,100,auto,auto,['10/100/1000BaseTX'],no, , 
Gi3/0/21,UVxx:User,notconnect,100,auto,auto,['10/100/1000BaseTX'],no, , 
Gi3/0/22,UVxx:User,notconnect,100,auto,auto,['10/100/1000BaseTX'],no, , 
Gi3/0/23,UVxx:User,notconnect,100,auto,auto,['10/100/1000BaseTX'],no, , 
Gi3/0/24,UVxx:User,notconnect,100,auto,auto,['10/100/1000BaseTX'],no, , 
Gi3/0/25,UVxx:User,notconnect,100,auto,auto,['10/100/1000BaseTX'],no, , 
Gi3/0/26,UVxx:User,notconnect,100,auto,auto,['10/100/1000BaseTX'],no, , 
Gi3/0/27,UVxx:User,connected,100,a-full,a-100,['10/100/1000BaseTX'],yes,0040.9d41.d06c,"DIGIBOARD, INC."
Gi3/0/28,UVxx:User,notconnect,100,auto,auto,['10/100/1000BaseTX'],no, , 
Gi3/0/29,UVxx:User,notconnect,100,auto,auto,['10/100/1000BaseTX'],no, , 
Gi3/0/30,UVxx:User,notconnect,100,auto,auto,['10/100/1000BaseTX'],no, , 
Gi3/0/31,UVxx:User,connected,100,a-half,a-10,['10/100/1000BaseTX'],yes,0030.af00.2b1d,Honeywell GmbH
Gi3/0/32,UVxx:User,connected,100,a-full,a-1000,['10/100/1000BaseTX'],yes,d89e.f383.9263,
Gi3/0/33,UVxx:User,connected,100,a-full,a-100,['10/100/1000BaseTX'],yes,1833.9d14.9fd9,
Gi3/0/34,UVxx:User,connected,100,a-full,a-100,['10/100/1000BaseTX'],yes,f025.7279.076a,"Cisco Systems, Inc"
Gi3/0/35,UVxx:User,notconnect,100,auto,auto,['10/100/1000BaseTX'],no, , 
Gi3/0/36,UVxx:User,connected,100,a-full,a-1000,['10/100/1000BaseTX'],yes,6c2b.59e8.196d,Dell Inc.
Gi3/0/37,UVxx:User,notconnect,100,auto,auto,['10/100/1000BaseTX'],no, , 
Gi3/0/38,UVxx:User,connected,100,a-full,a-1000,['10/100/1000BaseTX'],yes,9c93.4e88.380c,
Gi3/0/39,UVxx:User,notconnect,100,auto,auto,['10/100/1000BaseTX'],no, , 
Gi3/0/40,UVxx:User,notconnect,100,auto,auto,['10/100/1000BaseTX'],no, , 
Gi3/0/41,UVxx:User,connected,100,a-full,a-100,['10/100/1000BaseTX'],yes, , 
Gi3/0/42,UVxx:User,notconnect,100,auto,auto,['10/100/1000BaseTX'],no, , 
Gi3/0/43,UVxx:User,notconnect,100,auto,auto,['10/100/1000BaseTX'],no, , 
Gi3/0/44,UVxx:User,connected,100,a-full,a-1000,['10/100/1000BaseTX'],yes,9c93.4e88.4f8a,
Gi3/0/45,UVxx:User,connected,100,a-full,a-100,['10/100/1000BaseTX'],yes, , 
Gi3/0/46,UVxx:User,connected,100,a-full,a-1000,['10/100/1000BaseTX'],yes,6c2b.59e8.273e,Dell Inc.
Gi3/0/47,UVxx:User,notconnect,100,auto,auto,['10/100/1000BaseTX'],no, , 
Gi3/0/48,UVxx:User,notconnect,100,auto,auto,['10/100/1000BaseTX'],no, , 
Te3/0/1,,notconnect,1,full,10G,"['Not', 'Present']",no, , 
Te3/0/2,**tosDLPRgua01**,connected,trunk,full,10G,['SFP-10GBase-LRM'],yes, , 
Po1,**tosDLPRgua01**,connected,trunk,a-full,10G,[],yes, , 
