Interface,Description,Status,Vlan,Duplex,Speed,Type,Used,MACD,Vendor
Gi1/0/1,UVxx:User,connected,112,a-full,a-100,['10/100/1000BaseTX'],yes,18db.f250.6ae2,Dell Inc.
Gi1/0/2,UVxx:User,notconnect,112,auto,auto,['10/100/1000BaseTX'],no,6c2b.59e9.4578,Dell Inc.
Gi1/0/3,UVxx:User,connected,112,a-full,a-100,['10/100/1000BaseTX'],yes,0020.4ae9.7efb,PRONET GMBH
Gi1/0/4,UVxx:User,notconnect,112,auto,auto,['10/100/1000BaseTX'],no,ecc8.8211.bf45,"Cisco Systems, Inc"
Gi1/0/5,UVxx:User,connected,112,a-full,a-100,['10/100/1000BaseTX'],yes,0030.af20.1fd9,Honeywell GmbH
Gi1/0/6,UVxx:User,notconnect,112,auto,auto,['10/100/1000BaseTX'],no, , 
Gi1/0/7,UVxx:User,connected,112,a-full,a-100,['10/100/1000BaseTX'],yes,ecc8.82b0.1ce7,"Cisco Systems, Inc"
Gi1/0/8,UVxx:User,notconnect,112,auto,auto,['10/100/1000BaseTX'],no, , 
Gi1/0/9,UVxx:User,notconnect,112,auto,auto,['10/100/1000BaseTX'],no, , 
Gi1/0/10,UVxx:User,notconnect,112,auto,auto,['10/100/1000BaseTX'],no, , 
Gi1/0/11,UVxx:User,connected,112,a-full,a-1000,['10/100/1000BaseTX'],yes,f025.7278.fdbe,"Cisco Systems, Inc"
Gi1/0/12,UVxx:User,notconnect,112,auto,auto,['10/100/1000BaseTX'],no, , 
Gi1/0/13,UVxx:User,connected,112,a-full,a-1000,['10/100/1000BaseTX'],yes,28f1.0e0e.4f7c,Dell Inc.
Gi1/0/14,UVxx:User,connected,112,a-full,a-100,['10/100/1000BaseTX'],yes,a813.7498.11cf,Panasonic Corporation AVC Networks Company
Gi1/0/15,UVxx:User,notconnect,112,auto,auto,['10/100/1000BaseTX'],no, , 
Gi1/0/16,UVxx:User,connected,112,a-full,a-100,['10/100/1000BaseTX'],yes,a813.7498.11de,Panasonic Corporation AVC Networks Company
Gi1/0/17,UVxx:User,connected,112,a-full,a-100,['10/100/1000BaseTX'],yes,6c2b.59e9.4509,Dell Inc.
Gi1/0/18,UVxx:User,notconnect,112,auto,auto,['10/100/1000BaseTX'],no, , 
Gi1/0/19,UVxx:User,notconnect,112,auto,auto,['10/100/1000BaseTX'],no, , 
Gi1/0/20,UVxx:User,connected,112,a-full,a-100,['10/100/1000BaseTX'],yes,9c93.4e69.fff5,Xerox Corporation
Gi1/0/21,UVxx:User,notconnect,112,auto,auto,['10/100/1000BaseTX'],no, , 
Gi1/0/22,UVxx:User,notconnect,112,auto,auto,['10/100/1000BaseTX'],no, , 
Gi1/0/23,UVxx:User,notconnect,112,auto,auto,['10/100/1000BaseTX'],no, , 
Gi1/0/24,UVxx:User,notconnect,112,auto,auto,['10/100/1000BaseTX'],no, , 
Gi1/0/25,UVxx:User,connected,112,a-full,a-1000,['10/100/1000BaseTX'],yes,6c2b.59e9.4578,Dell Inc.
Gi1/0/26,UVxx:User,notconnect,112,auto,auto,['10/100/1000BaseTX'],no, , 
Gi1/0/27,UVxx:User,notconnect,112,auto,auto,['10/100/1000BaseTX'],no, , 
Gi1/0/28,UVxx:User,notconnect,112,auto,auto,['10/100/1000BaseTX'],no, , 
Gi1/0/29,UVxx:User,connected,112,a-full,a-100,['10/100/1000BaseTX'],yes, , 
Gi1/0/30,UVxx:User,notconnect,112,auto,auto,['10/100/1000BaseTX'],no, , 
Gi1/0/31,UVxx:User,notconnect,112,auto,auto,['10/100/1000BaseTX'],no, , 
Gi1/0/32,UVxx:User,connected,112,a-full,a-100,['10/100/1000BaseTX'],yes,0020.4ae9.7efb,PRONET GMBH
Gi1/0/33,UVxx:User,connected,112,a-full,a-100,['10/100/1000BaseTX'],yes,f025.7278.8dfb,"Cisco Systems, Inc"
Gi1/0/34,UVxx:User,connected,112,a-full,a-100,['10/100/1000BaseTX'],yes,6c50.4ddb.3fd8,"Cisco Systems, Inc"
Gi1/0/35,UVxx:User,connected,112,a-full,a-100,['10/100/1000BaseTX'],yes,f025.7279.03a7,"Cisco Systems, Inc"
Gi1/0/36,UVxx:User,connected,112,a-full,a-100,['10/100/1000BaseTX'],yes,f025.7278.8dfa,"Cisco Systems, Inc"
Gi1/0/37,UVxx:User,connected,112,a-full,a-100,['10/100/1000BaseTX'],yes,f025.7279.03b2,"Cisco Systems, Inc"
Gi1/0/38,UVxx:User,notconnect,112,auto,auto,['10/100/1000BaseTX'],no, , 
Gi1/0/39,UVxx:User,notconnect,112,auto,auto,['10/100/1000BaseTX'],no, , 
Gi1/0/40,Systech_printer,notconnect,914,auto,auto,['10/100/1000BaseTX'],no, , 
Gi1/0/41,Systech_printer,connected,914,a-full,a-100,['10/100/1000BaseTX'],yes,ecc8.8211.bf45,"Cisco Systems, Inc"
Gi1/0/42,UVxx:User,notconnect,112,auto,auto,['10/100/1000BaseTX'],no, , 
Gi1/0/43,**AP**,connected,308,a-full,a-1000,['10/100/1000BaseTX'],yes,f80b.cb7e.d8c8,"Cisco Systems, Inc"
Gi1/0/44,UVxx:User,notconnect,112,auto,auto,['10/100/1000BaseTX'],no, , 
Gi1/0/45,**AP**,notconnect,308,auto,auto,['10/100/1000BaseTX'],no, , 
Gi1/0/46,**AP**,connected,308,a-full,a-1000,['10/100/1000BaseTX'],yes,f80b.cb77.e3f0,"Cisco Systems, Inc"
Gi1/0/47,**AP**,connected,308,a-full,a-1000,['10/100/1000BaseTX'],yes,f80b.cb7e.daf4,"Cisco Systems, Inc"
Gi1/0/48,**AP**,notconnect,308,auto,auto,['10/100/1000BaseTX'],no, , 
Te1/0/1,,notconnect,1,full,10G,"['Not', 'Present']",no, , 
Te1/0/2,**tosDLPRgua01**,connected,trunk,full,10G,['SFP-10GBase-LRM'],yes, , 
Gi2/0/1,UVxx:User,notconnect,112,auto,auto,['10/100/1000BaseTX'],no,1866.da06.26bf,Dell Inc.
Gi2/0/2,UVxx:User,connected,112,a-full,a-100,['10/100/1000BaseTX'],yes,0c85.25a6.eb91,"Cisco Systems, Inc"
Gi2/0/3,UVxx:User,notconnect,112,auto,auto,['10/100/1000BaseTX'],no,0007.4d3b.e2a7,Zebra Technologies Corp.
Gi2/0/4,UVxx:User,connected,112,a-half,a-10,['10/100/1000BaseTX'],yes,0020.4ae9.7f5c,PRONET GMBH
Gi2/0/5,UVxx:User,notconnect,112,auto,auto,['10/100/1000BaseTX'],no, , 
Gi2/0/6,UVxx:User,connected,112,a-full,a-100,['10/100/1000BaseTX'],yes,d89e.f383.912d,Dell Inc.
Gi2/0/7,UVxx:User,notconnect,112,auto,auto,['10/100/1000BaseTX'],no, , 
Gi2/0/8,UVxx:User,connected,112,a-full,a-1000,['10/100/1000BaseTX'],yes,9c93.4e99.51c7,Xerox Corporation
Gi2/0/9,UVxx:User,notconnect,112,auto,auto,['10/100/1000BaseTX'],no, , 
Gi2/0/10,UVxx:User,connected,112,a-full,a-100,['10/100/1000BaseTX'],yes,18db.f250.69c6,Dell Inc.
Gi2/0/11,UVxx:User,connected,112,a-full,a-100,['10/100/1000BaseTX'],yes,1833.9d14.a187,"Cisco Systems, Inc"
Gi2/0/12,UVxx:User,notconnect,112,auto,auto,['10/100/1000BaseTX'],no, , 
Gi2/0/13,UVxx:User,notconnect,112,auto,auto,['10/100/1000BaseTX'],no, , 
Gi2/0/14,UVxx:User,connected,112,a-full,a-1000,['10/100/1000BaseTX'],yes,1866.da06.26bf,Dell Inc.
Gi2/0/15,UVxx:User,notconnect,112,auto,auto,['10/100/1000BaseTX'],no, , 
Gi2/0/16,UVxx:User,notconnect,112,auto,auto,['10/100/1000BaseTX'],no, , 
Gi2/0/17,UVxx:User,notconnect,112,auto,auto,['10/100/1000BaseTX'],no, , 
Gi2/0/18,UVxx:User,connected,112,a-full,a-1000,['10/100/1000BaseTX'],yes,c4b3.6a35.e100,"Cisco Systems, Inc"
Gi2/0/19,UVxx:User,notconnect,112,auto,auto,['10/100/1000BaseTX'],no, , 
Gi2/0/20,UVxx:User,notconnect,112,auto,auto,['10/100/1000BaseTX'],no, , 
Gi2/0/21,UVxx:User,notconnect,112,auto,auto,['10/100/1000BaseTX'],no, , 
Gi2/0/22,UVxx:User,notconnect,112,auto,auto,['10/100/1000BaseTX'],no, , 
Gi2/0/23,UVxx:User,notconnect,112,auto,auto,['10/100/1000BaseTX'],no, , 
Gi2/0/24,UVxx:User,notconnect,112,auto,auto,['10/100/1000BaseTX'],no, , 
Gi2/0/25,UVxx:User,notconnect,112,auto,auto,['10/100/1000BaseTX'],no, , 
Gi2/0/26,UVxx:User,connected,112,a-full,a-100,['10/100/1000BaseTX'],yes,0c85.25a6.eb91,"Cisco Systems, Inc"
Gi2/0/27,UVxx:User,notconnect,112,auto,auto,['10/100/1000BaseTX'],no, , 
Gi2/0/28,UVxx:User,connected,112,a-full,a-1000,['10/100/1000BaseTX'],yes,1833.9d14.ed2b,"Cisco Systems, Inc"
Gi2/0/29,UVxx:User,notconnect,112,auto,auto,['10/100/1000BaseTX'],no, , 
Gi2/0/30,UVxx:User,connected,112,a-full,a-100,['10/100/1000BaseTX'],yes,0007.4d3b.e2a7,Zebra Technologies Corp.
Gi2/0/31,UVxx:User,notconnect,112,auto,auto,['10/100/1000BaseTX'],no, , 
Gi2/0/32,UVxx:User,connected,112,a-full,a-100,['10/100/1000BaseTX'],yes,0cd9.9690.03e0,"Cisco Systems, Inc"
Gi2/0/33,UVxx:User,notconnect,112,auto,auto,['10/100/1000BaseTX'],no, , 
Gi2/0/34,UVxx:User,connected,112,a-full,a-100,['10/100/1000BaseTX'],yes,0cd9.9690.032c,"Cisco Systems, Inc"
Gi2/0/35,UVxx:User,notconnect,112,auto,auto,['10/100/1000BaseTX'],no, , 
Gi2/0/36,UVxx:User,connected,112,a-full,a-100,['10/100/1000BaseTX'],yes,1833.9d14.a22c,"Cisco Systems, Inc"
Gi2/0/37,UVxx:User,notconnect,112,auto,auto,['10/100/1000BaseTX'],no, , 
Gi2/0/38,UVxx:User,notconnect,112,auto,auto,['10/100/1000BaseTX'],no, , 
Gi2/0/39,UVxx:User,notconnect,112,auto,auto,['10/100/1000BaseTX'],no, , 
Gi2/0/40,UVxx:User,connected,112,a-full,a-100,['10/100/1000BaseTX'],yes,0080.a3d3.74f0,Lantronix
Gi2/0/41,UVxx:User,connected,112,a-full,a-100,['10/100/1000BaseTX'],yes,0080.a3a8.f041,Lantronix
Gi2/0/42,UVxx:User,connected,112,a-full,a-100,['10/100/1000BaseTX'],yes,0020.4af4.210d,PRONET GMBH
Gi2/0/43,UVxx:User,connected,112,a-full,a-100,['10/100/1000BaseTX'],yes,0020.4ae9.7f5c,PRONET GMBH
Gi2/0/44,UVxx:User,notconnect,112,auto,auto,['10/100/1000BaseTX'],no, , 
Gi2/0/45,**AP**,notconnect,308,auto,auto,['10/100/1000BaseTX'],no, , 
Gi2/0/46,**AP**,connected,308,a-full,a-1000,['10/100/1000BaseTX'],yes,f80b.cb7e.d0a4,"Cisco Systems, Inc"
Gi2/0/47,**AP**,notconnect,308,auto,auto,['10/100/1000BaseTX'],no, , 
Gi2/0/48,**AP**,connected,308,a-full,a-1000,['10/100/1000BaseTX'],yes,f80b.cb7e.dadc,"Cisco Systems, Inc"
Te2/0/1,,notconnect,1,full,10G,"['Not', 'Present']",no, , 
Te2/0/2,**tosDLPRgua01**,connected,trunk,full,10G,['SFP-10GBase-LRM'],yes, , 
Po7,**tosDLPRgua01**,connected,trunk,a-full,10G,[],yes, , 
