Interface,Description,Status,Vlan,Duplex,Speed,Type,Used,MACD,Vendor
Gi1/0/1,UVxx:User,connected,108,a-full,a-100,['10/100/1000BaseTX'],yes,0040.8450.ee78,HONEYWELL ACS
Gi1/0/2,UVxx:User,connected,108,a-full,a-1000,['10/100/1000BaseTX'],yes,0000.aa9e.7c2f,XEROX CORPORATION
Gi1/0/3,UVxx:User,connected,108,a-full,a-100,['10/100/1000BaseTX'],yes,000d.5d17.869b,"Raritan Computer, Inc"
Gi1/0/4,UVxx:User,notconnect,108,auto,auto,['10/100/1000BaseTX'],no,006b.f152.fc6c,"Cisco Systems, Inc"
Gi1/0/5,UVxx:User,connected,108,a-full,a-100,['10/100/1000BaseTX'],yes,a44c.c8c3.4786,Dell Inc.
Gi1/0/6,UVxx:User,connected,108,a-full,a-1000,['10/100/1000BaseTX'],yes,1866.da06.275d,Dell Inc.
Gi1/0/7,UVxx:User,notconnect,108,auto,auto,['10/100/1000BaseTX'],no, , 
Gi1/0/8,UVxx:User,connected,108,a-full,a-100,['10/100/1000BaseTX'],yes,d89e.f383.9177,Dell Inc.
Gi1/0/9,UVxx:User,notconnect,108,auto,auto,['10/100/1000BaseTX'],no, , 
Gi1/0/10,UVxx:User,connected,108,a-full,a-100,['10/100/1000BaseTX'],yes,8c04.ba60.b505,
Gi1/0/11,UVxx:User,connected,108,a-full,a-100,['10/100/1000BaseTX'],yes, , 
Gi1/0/12,UVxx:User,connected,108,a-full,a-100,['10/100/1000BaseTX'],yes,0040.8450.ee78,HONEYWELL ACS
Gi1/0/13,UVxx:User,notconnect,108,auto,auto,['10/100/1000BaseTX'],no, , 
Gi1/0/14,UVxx:User,connected,108,a-full,a-1000,['10/100/1000BaseTX'],yes,9c93.4e96.248e,Xerox Corporation
Gi1/0/15,UVxx:User,connected,108,a-full,a-1000,['10/100/1000BaseTX'],yes,9c93.4e69.fd82,Xerox Corporation
Gi1/0/16,UVxx:User,connected,108,a-full,a-100,['10/100/1000BaseTX'],yes,0040.9d3c.f784,"DIGIBOARD, INC."
Gi1/0/17,UVxx:User,notconnect,108,auto,auto,['10/100/1000BaseTX'],no, , 
Gi1/0/18,UVxx:User,connected,108,a-half,a-10,['10/100/1000BaseTX'],yes, , 
Gi1/0/19,UVxx:User,notconnect,108,auto,auto,['10/100/1000BaseTX'],no, , 
Gi1/0/20,UVxx:User,connected,108,a-full,a-100,['10/100/1000BaseTX'],yes, , 
Gi1/0/21,UVxx:User,notconnect,108,auto,auto,['10/100/1000BaseTX'],no, , 
Gi1/0/22,UVxx:User,connected,108,a-full,a-100,['10/100/1000BaseTX'],yes,28f1.0e0f.c485,Dell Inc.
Gi1/0/23,UVxx:User,connected,108,a-full,a-100,['10/100/1000BaseTX'],yes,0007.4d3b.f128,
Gi1/0/24,UVxx:User,notconnect,108,auto,auto,['10/100/1000BaseTX'],no, , 
Gi1/0/25,UVxx:User,connected,108,a-full,a-1000,['10/100/1000BaseTX'],yes,0000.aa9e.7c2f,XEROX CORPORATION
Gi1/0/26,UVxx:User,connected,108,a-full,a-100,['10/100/1000BaseTX'],yes,1833.9d14.18ed,"Cisco Systems, Inc"
Gi1/0/27,UVxx:User,notconnect,108,auto,auto,['10/100/1000BaseTX'],no, , 
Gi1/0/28,UVxx:User,connected,108,a-full,a-1000,['10/100/1000BaseTX'],yes,1866.da06.2731,Dell Inc.
Gi1/0/29,UVxx:User,notconnect,108,auto,auto,['10/100/1000BaseTX'],no, , 
Gi1/0/30,UVxx:User,connected,108,a-full,a-1000,['10/100/1000BaseTX'],yes,000d.5d17.869b,"Raritan Computer, Inc"
Gi1/0/31,UVxx:User,notconnect,108,auto,auto,['10/100/1000BaseTX'],no, , 
Gi1/0/32,UVxx:User,notconnect,108,auto,auto,['10/100/1000BaseTX'],no, , 
Gi1/0/33,UVxx:User,connected,108,a-half,a-10,['10/100/1000BaseTX'],yes, , 
Gi1/0/34,UVxx:User,connected,108,a-full,a-1000,['10/100/1000BaseTX'],yes, , 
Gi1/0/35,UVxx:User,notconnect,108,auto,auto,['10/100/1000BaseTX'],no, , 
Gi1/0/36,UVxx:User,notconnect,108,auto,auto,['10/100/1000BaseTX'],no, , 
Gi1/0/37,UVxx:User,notconnect,108,auto,auto,['10/100/1000BaseTX'],no, , 
Gi1/0/38,UVxx:User,notconnect,108,auto,auto,['10/100/1000BaseTX'],no, , 
Gi1/0/39,UVxx:User,notconnect,108,auto,auto,['10/100/1000BaseTX'],no, , 
Gi1/0/40,UVxx:User,notconnect,108,auto,auto,['10/100/1000BaseTX'],no, , 
Gi1/0/41,UVxx:User,notconnect,108,auto,auto,['10/100/1000BaseTX'],no, , 
Gi1/0/42,UVxx:User,notconnect,108,auto,auto,['10/100/1000BaseTX'],no, , 
Gi1/0/43,UVxx:User,notconnect,108,auto,auto,['10/100/1000BaseTX'],no, , 
Gi1/0/44,UVxx:User,notconnect,108,auto,auto,['10/100/1000BaseTX'],no, , 
Gi1/0/45,AP-Plant2Desflurane,connected,308,a-full,a-1000,['10/100/1000BaseTX'],yes,0cf5.a496.f4a0,
Gi1/0/46,AP-Plant2Isoflurane,connected,308,a-full,a-1000,['10/100/1000BaseTX'],yes,2c31.2470.c7c0,"Cisco Systems, Inc"
Gi1/0/47,AP-Plant2Utilities,connected,308,a-full,a-100,['10/100/1000BaseTX'],yes,0cf5.a496.f480,"Cisco Systems, Inc"
Gi1/0/48,AP-Plant2ControlRoom,connected,308,a-full,a-1000,['10/100/1000BaseTX'],yes,006b.f152.fc6c,"Cisco Systems, Inc"
Gi1/0/49,description**tosDLPRgua01**,connected,trunk,a-full,a-1000,"['1000BaseLX', 'SFP']",yes, , 
Gi1/0/50,description**tosDLPRgua01**,connected,trunk,a-full,a-1000,"['1000BaseLX', 'SFP']",yes, , 
Po5,description**tosDLPRgua01**,connected,trunk,a-full,a-1000,[],yes, , 
