Interface,Description,Status,Vlan,Duplex,Speed,Type,Used,MACD,Vendor
Gi1/0/1,UVxx:User,connected,102,a-full,a-100,['10/100/1000BaseTX'],yes,0c85.253e.0c69,
Gi1/0/2,UVxx:User,connected,102,a-full,a-100,['10/100/1000BaseTX'],yes,1833.9d14.182c,"Cisco Systems, Inc"
Gi1/0/3,UVxx:User,notconnect,102,auto,auto,['10/100/1000BaseTX'],no,ecc8.8211.4ca2,
Gi1/0/4,UVxx:User,notconnect,102,auto,auto,['10/100/1000BaseTX'],no,001d.45e9.6a43,"Cisco Systems, Inc"
Gi1/0/5,UVxx:User,notconnect,102,auto,auto,['10/100/1000BaseTX'],no, , 
Gi1/0/6,UVxx:User,notconnect,102,auto,auto,['10/100/1000BaseTX'],no, , 
Gi1/0/7,UVxx:User,notconnect,102,auto,auto,['10/100/1000BaseTX'],no, , 
Gi1/0/8,UVxx:User,notconnect,102,auto,auto,['10/100/1000BaseTX'],no, , 
Gi1/0/9,UVxx:User,notconnect,102,auto,auto,['10/100/1000BaseTX'],no, , 
Gi1/0/10,UVxx:User,notconnect,102,auto,auto,['10/100/1000BaseTX'],no, , 
Gi1/0/11,UVxx:User,connected,102,a-full,a-100,['10/100/1000BaseTX'],yes,ecc8.8211.4812,
Gi1/0/12,UVxx:User,notconnect,102,auto,auto,['10/100/1000BaseTX'],no, , 
Gi1/0/13,UVxx:User,notconnect,102,auto,auto,['10/100/1000BaseTX'],no, , 
Gi1/0/14,UVxx:User,notconnect,102,auto,auto,['10/100/1000BaseTX'],no, , 
Gi1/0/15,UVxx:User,notconnect,102,auto,auto,['10/100/1000BaseTX'],no, , 
Gi1/0/16,UVxx:User,notconnect,102,auto,auto,['10/100/1000BaseTX'],no, , 
Gi1/0/17,UVxx:User,notconnect,102,auto,auto,['10/100/1000BaseTX'],no, , 
Gi1/0/18,UVxx:User,connected,102,a-full,a-100,['10/100/1000BaseTX'],yes,0c85.253e.0c69,
Gi1/0/19,UVxx:User,notconnect,102,auto,auto,['10/100/1000BaseTX'],no, , 
Gi1/0/20,UVxx:User,notconnect,102,auto,auto,['10/100/1000BaseTX'],no, , 
Gi1/0/21,UVxx:User,notconnect,102,auto,auto,['10/100/1000BaseTX'],no, , 
Gi1/0/22,UVxx:User,notconnect,102,auto,auto,['10/100/1000BaseTX'],no, , 
Gi1/0/23,UVxx:User,notconnect,102,auto,auto,['10/100/1000BaseTX'],no, , 
Gi1/0/24,UVxx:User,notconnect,102,auto,auto,['10/100/1000BaseTX'],no, , 
Gi1/0/25,UVxx:User,notconnect,102,auto,auto,['10/100/1000BaseTX'],no, , 
Gi1/0/26,UVxx:User,connected,102,a-full,a-100,['10/100/1000BaseTX'],yes,1833.9d14.182c,"Cisco Systems, Inc"
Gi1/0/27,UVxx:User,notconnect,102,auto,auto,['10/100/1000BaseTX'],no, , 
Gi1/0/28,UVxx:User,notconnect,102,auto,auto,['10/100/1000BaseTX'],no, , 
Gi1/0/29,UVxx:User,notconnect,102,auto,auto,['10/100/1000BaseTX'],no, , 
Gi1/0/30,UVxx:User,notconnect,102,auto,auto,['10/100/1000BaseTX'],no, , 
Gi1/0/31,UVxx:User,notconnect,102,auto,auto,['10/100/1000BaseTX'],no, , 
Gi1/0/32,UVxx:User,notconnect,102,auto,auto,['10/100/1000BaseTX'],no, , 
Gi1/0/33,UVxx:User,connected,102,a-full,a-1000,['10/100/1000BaseTX'],yes,e840.f2ec.ebbc,PEGATRON CORPORATION
Gi1/0/34,UVxx:User,notconnect,102,auto,auto,['10/100/1000BaseTX'],no, , 
Gi1/0/35,UVxx:User,notconnect,102,auto,auto,['10/100/1000BaseTX'],no, , 
Gi1/0/36,UVxx:User,connected,102,a-full,a-1000,['10/100/1000BaseTX'],yes, , 
Gi1/0/37,UVxx:User,notconnect,102,auto,auto,['10/100/1000BaseTX'],no, , 
Gi1/0/38,UVxx:User,connected,102,a-full,a-100,['10/100/1000BaseTX'],yes,ecc8.8211.4ca2,
Gi1/0/39,UVxx:User,notconnect,102,auto,auto,['10/100/1000BaseTX'],no, , 
Gi1/0/40,UVxx:User,notconnect,102,auto,auto,['10/100/1000BaseTX'],yes, , 
Gi1/0/41,UVxx:User,connected,102,a-full,a-100,['10/100/1000BaseTX'],yes,0c85.253e.0c68,"Cisco Systems, Inc"
Gi1/0/42,UVxx:User,connected,102,a-full,a-1000,['10/100/1000BaseTX'],yes,001d.45e9.6a43,"Cisco Systems, Inc"
Gi1/0/43,UVxx:User,connected,102,a-full,a-1000,['10/100/1000BaseTX'],yes,34e6.d767.264a,Dell Inc.
Gi1/0/44,UVxx:User,notconnect,102,auto,auto,['10/100/1000BaseTX'],no, , 
Gi1/0/45,**AP**,notconnect,308,auto,auto,['10/100/1000BaseTX'],no, , 
Gi1/0/46,**AP**,connected,308,a-full,a-1000,['10/100/1000BaseTX'],yes,006b.f10c.31a0,"Cisco Systems, Inc"
Gi1/0/47,**AP**,notconnect,308,full,100,['10/100/1000BaseTX'],no, , 
Gi1/0/48,**VG**,connected,101,full,100,['10/100/1000BaseTX'],yes,d0d0.fd48.210b,"Cisco Systems, Inc"
Te1/0/1,,notconnect,1,full,10G,"['Not', 'Present']",no, , 
Te1/0/2,**tosDLPRgua01**,connected,trunk,full,10G,['SFP-10GBase-CX1'],yes, , 
Gi2/0/1,UVxx:User,notconnect,102,auto,auto,['10/100/1000BaseTX'],no,0041.d2f9.72b6,"Cisco Systems, Inc"
Gi2/0/2,UVxx:User,notconnect,102,auto,auto,['10/100/1000BaseTX'],no,0004.f2eb.4041,Polycom
Gi2/0/3,UVxx:User,connected,102,a-full,a-100,['10/100/1000BaseTX'],yes,0041.d2f8.b38c,"Cisco Systems, Inc"
Gi2/0/4,UVxx:User,connected,102,a-full,a-1000,['10/100/1000BaseTX'],yes,0041.d2f9.880c,"Cisco Systems, Inc"
Gi2/0/5,UVxx:User,notconnect,102,auto,auto,['10/100/1000BaseTX'],yes, , 
Gi2/0/6,UVxx:User,notconnect,102,auto,auto,['10/100/1000BaseTX'],no, , 
Gi2/0/7,UVxx:User,connected,102,a-full,a-100,['10/100/1000BaseTX'],yes,1833.9d14.1610,"Cisco Systems, Inc"
Gi2/0/8,UVxx:User,notconnect,102,auto,auto,['10/100/1000BaseTX'],no, , 
Gi2/0/9,UVxx:User,notconnect,102,auto,auto,['10/100/1000BaseTX'],no, , 
Gi2/0/10,UVxx:User,connected,102,a-full,a-100,['10/100/1000BaseTX'],yes,ecc8.8211.d667,
Gi2/0/11,UVxx:User,connected,102,a-full,a-100,['10/100/1000BaseTX'],yes,1833.9d14.1831,"Cisco Systems, Inc"
Gi2/0/12,UVxx:User,connected,102,a-full,a-1000,['10/100/1000BaseTX'],yes,0041.d2f9.72b6,"Cisco Systems, Inc"
Gi2/0/13,UVxx:User,connected,102,a-full,a-1000,['10/100/1000BaseTX'],yes,e089.9dfb.a00a,"Cisco Systems, Inc"
Gi2/0/14,UVxx:User,connected,102,a-full,a-100,['10/100/1000BaseTX'],yes,24b6.57b0.ea6d,
Gi2/0/15,,notconnect,1,auto,auto,['10/100/1000BaseTX'],no, , 
Gi2/0/16,UVxx:User,connected,102,a-full,a-1000,['10/100/1000BaseTX'],yes,9c93.4e69.ac37,
Gi2/0/17,UVxx:User,connected,102,a-full,a-100,['10/100/1000BaseTX'],yes,ecc8.82b0.1d0b,"Cisco Systems, Inc"
Gi2/0/18,UVxx:User,connected,102,a-full,a-1000,['10/100/1000BaseTX'],yes,e089.9dfb.83e6,
Gi2/0/19,UVxx:User,notconnect,102,auto,auto,['10/100/1000BaseTX'],no, , 
Gi2/0/20,UVxx:User,connected,102,a-full,a-1000,['10/100/1000BaseTX'],yes,9c93.4e99.59ea,
Gi2/0/21,KronosClock,connected,102,a-full,a-100,['10/100/1000BaseTX'],yes,0040.5809.0694,"KRONOS, INC."
Gi2/0/22,UVxx:User,connected,102,a-full,a-100,['10/100/1000BaseTX'],yes,0c85.25a6.eb81,"Cisco Systems, Inc"
Gi2/0/23,UVxx:User,connected,102,a-full,a-100,['10/100/1000BaseTX'],yes,0040.9d6a.9084,"DIGIBOARD, INC."
Gi2/0/24,UVxx:User,notconnect,102,auto,auto,['10/100/1000BaseTX'],no, , 
Gi2/0/25,UVxx:User,notconnect,102,auto,auto,['10/100/1000BaseTX'],no, , 
Gi2/0/26,UVxx:User,notconnect,102,auto,auto,['10/100/1000BaseTX'],no, , 
Gi2/0/27,**AP**,connected,308,a-full,a-1000,['10/100/1000BaseTX'],yes,0896.adaf.e1c0,"Cisco Systems, Inc"
Gi2/0/28,UVxx:User,connected,102,a-full,a-100,['10/100/1000BaseTX'],yes,0004.f2eb.4041,Polycom
Gi2/0/29,UVxx:User,notconnect,102,auto,auto,['10/100/1000BaseTX'],no, , 
Gi2/0/30,UVxx:User,notconnect,102,auto,auto,['10/100/1000BaseTX'],no, , 
Gi2/0/31,UVxx:User,notconnect,102,auto,auto,['10/100/1000BaseTX'],no, , 
Gi2/0/32,UVxx:User,connected,102,a-full,a-100,['10/100/1000BaseTX'],yes,1833.9d14.16b3,"Cisco Systems, Inc"
Gi2/0/33,UVxx:User,notconnect,102,auto,auto,['10/100/1000BaseTX'],no, , 
Gi2/0/34,UVxx:User,notconnect,102,auto,auto,['10/100/1000BaseTX'],no, , 
Gi2/0/35,UVxx:User,connected,102,a-full,a-100,['10/100/1000BaseTX'],yes,f025.7278.fbba,"Cisco Systems, Inc"
Gi2/0/36,UVxx:User,connected,102,a-full,a-100,['10/100/1000BaseTX'],yes,f025.7279.03ae,"Cisco Systems, Inc"
Gi2/0/37,**TP**,connected,102,a-full,a-1000,['10/100/1000BaseTX'],yes,e4c7.2260.64ed,
Gi2/0/38,UVxx:User,connected,102,a-full,a-100,['10/100/1000BaseTX'],yes,e8ed.f3b5.ed86,"Cisco Systems, Inc"
Gi2/0/39,**TP**,notconnect,102,auto,auto,['10/100/1000BaseTX'],no, , 
Gi2/0/40,UVxx:User,notconnect,102,auto,auto,['10/100/1000BaseTX'],no, , 
Gi2/0/41,UVxx:User,notconnect,102,auto,auto,['10/100/1000BaseTX'],no, , 
Gi2/0/42,UVxx:User,notconnect,102,auto,auto,['10/100/1000BaseTX'],no, , 
Gi2/0/43,**VG**,notconnect,101,auto,auto,['10/100/1000BaseTX'],no, , 
Gi2/0/44,UVxx:User,notconnect,102,auto,auto,['10/100/1000BaseTX'],no, , 
Gi2/0/45,UVxx:User,notconnect,102,auto,auto,['10/100/1000BaseTX'],no, , 
Gi2/0/46,UVxx:User,notconnect,102,auto,auto,['10/100/1000BaseTX'],no, , 
Gi2/0/47,**VG**,connected,101,full,100,['10/100/1000BaseTX'],yes,5475.d026.7dd0,"Cisco Systems, Inc"
Gi2/0/48,**VG**,notconnect,101,auto,auto,['10/100/1000BaseTX'],no, , 
Te2/0/1,,notconnect,1,full,10G,"['Not', 'Present']",no, , 
Gi3/0/1,UVxx:User,notconnect,102,auto,auto,['10/100/1000BaseTX'],no,ecc8.8211.480a,"Cisco Systems, Inc"
Gi3/0/2,**Switchnon-Standard-CasetaNorte***,connected,102,full,100,['10/100/1000BaseTX'],yes,6cb0.ce1d.0a04,
Gi3/0/3,UVxx:User,notconnect,102,auto,auto,['10/100/1000BaseTX'],no,0c85.25a6.eafb,"Cisco Systems, Inc"
Gi3/0/4,UVxx:User,notconnect,102,auto,auto,['10/100/1000BaseTX'],no,d0d0.fd48.20f2,"Cisco Systems, Inc"
Gi3/0/5,UVxx:User,notconnect,102,auto,auto,['10/100/1000BaseTX'],no, , 
Gi3/0/6,UVxx:User,notconnect,102,auto,auto,['10/100/1000BaseTX'],no, , 
Gi3/0/7,UVxx:User,notconnect,102,auto,auto,['10/100/1000BaseTX'],no, , 
Gi3/0/8,UVxx:User,notconnect,102,auto,auto,['10/100/1000BaseTX'],no, , 
Gi3/0/9,UVxx:User,notconnect,102,auto,auto,['10/100/1000BaseTX'],no, , 
Gi3/0/10,UVxx:User,notconnect,102,auto,auto,['10/100/1000BaseTX'],no, , 
Gi3/0/11,UVxx:User,notconnect,102,auto,auto,['10/100/1000BaseTX'],no, , 
Gi3/0/12,UVxx:User,notconnect,102,auto,auto,['10/100/1000BaseTX'],no, , 
Gi3/0/13,UVxx:User,notconnect,102,auto,auto,['10/100/1000BaseTX'],no, , 
Gi3/0/14,UVxx:User,notconnect,102,auto,auto,['10/100/1000BaseTX'],no, , 
Gi3/0/15,UVxx:User,notconnect,102,auto,auto,['10/100/1000BaseTX'],no, , 
Gi3/0/16,UVxx:User,notconnect,102,auto,auto,['10/100/1000BaseTX'],no, , 
Gi3/0/17,UVxx:User,connected,102,a-full,a-100,['10/100/1000BaseTX'],yes,ecc8.8211.480a,"Cisco Systems, Inc"
Gi3/0/18,UVxx:User,notconnect,102,auto,auto,['10/100/1000BaseTX'],no, , 
Gi3/0/19,UVxx:User,notconnect,102,auto,auto,['10/100/1000BaseTX'],no, , 
Gi3/0/20,UVxx:User,notconnect,102,auto,auto,['10/100/1000BaseTX'],no, , 
Gi3/0/21,UVxx:User,notconnect,102,auto,auto,['10/100/1000BaseTX'],no, , 
Gi3/0/22,UVxx:User,notconnect,102,auto,auto,['10/100/1000BaseTX'],no, , 
Gi3/0/23,UVxx:User,notconnect,102,auto,auto,['10/100/1000BaseTX'],no, , 
Gi3/0/24,UVxx:User,notconnect,102,auto,auto,['10/100/1000BaseTX'],no, , 
Gi3/0/25,UVxx:User,notconnect,102,auto,auto,['10/100/1000BaseTX'],no, , 
Gi3/0/26,UVxx:User,notconnect,102,auto,auto,['10/100/1000BaseTX'],no, , 
Gi3/0/27,UVxx:User,notconnect,102,auto,auto,['10/100/1000BaseTX'],no, , 
Gi3/0/28,UVxx:User,notconnect,102,auto,auto,['10/100/1000BaseTX'],no, , 
Gi3/0/29,UVxx:User,notconnect,102,auto,auto,['10/100/1000BaseTX'],no, , 
Gi3/0/30,UVxx:User,notconnect,102,auto,auto,['10/100/1000BaseTX'],no, , 
Gi3/0/31,UVxx:User,notconnect,102,auto,auto,['10/100/1000BaseTX'],no, , 
Gi3/0/32,UVxx:User,notconnect,102,auto,auto,['10/100/1000BaseTX'],no, , 
Gi3/0/33,UVxx:User,notconnect,102,auto,auto,['10/100/1000BaseTX'],no, , 
Gi3/0/34,UVxx:User,notconnect,102,auto,auto,['10/100/1000BaseTX'],no, , 
Gi3/0/35,UVxx:User,notconnect,102,auto,auto,['10/100/1000BaseTX'],no, , 
Gi3/0/36,UVxx:User,notconnect,102,auto,auto,['10/100/1000BaseTX'],no, , 
Gi3/0/37,UVxx:User,notconnect,102,auto,auto,['10/100/1000BaseTX'],no, , 
Gi3/0/38,UVxx:User,connected,102,a-full,a-100,['10/100/1000BaseTX'],yes,0c85.25a6.eafb,"Cisco Systems, Inc"
Gi3/0/39,UVxx:User,notconnect,102,auto,auto,['10/100/1000BaseTX'],no, , 
Gi3/0/40,UVxx:User,notconnect,102,auto,auto,['10/100/1000BaseTX'],no, , 
Gi3/0/41,UVxx:User,notconnect,102,auto,auto,['10/100/1000BaseTX'],no, , 
Gi3/0/42,UVxx:User,notconnect,102,auto,auto,['10/100/1000BaseTX'],no, , 
Gi3/0/43,UVxx:User,notconnect,102,auto,auto,['10/100/1000BaseTX'],no, , 
Gi3/0/44,UVxx:User,notconnect,102,auto,auto,['10/100/1000BaseTX'],no, , 
Gi3/0/45,UVxx:User,notconnect,102,auto,auto,['10/100/1000BaseTX'],no, , 
Gi3/0/46,UVxx:User,notconnect,102,auto,auto,['10/100/1000BaseTX'],no, , 
Gi3/0/47,**VG**,connected,101,full,100,['10/100/1000BaseTX'],yes,d0d0.fd48.20f2,"Cisco Systems, Inc"
Gi3/0/48,AccessPoint,notconnect,308,auto,auto,['10/100/1000BaseTX'],no, , 
Te3/0/1,,notconnect,1,full,10G,"['Not', 'Present']",no, , 
Te3/0/2,**tosDLPRgua01**,connected,trunk,full,10G,['SFP-10GBase-CX1'],yes, , 
Po2,**tosDLPRgua01**,connected,trunk,a-full,10G,[],yes, , 
Fa0,,notconnect,routed,auto,auto,['10/100BaseTX'],no, , 
