Interface,Description,Status,Vlan,Duplex,Speed,Type,Used,MACD,Vendor
Gi1/0/1,UVxx:User,notconnect,106,auto,auto,['10/100/1000BaseTX'],no,18db.f250.69cb,Dell Inc.
Gi1/0/2,UVxx:User,connected,106,a-full,a-100,['10/100/1000BaseTX'],yes,1065.30d6.2078,Dell Inc.
Gi1/0/3,UVxx:User,connected,106,a-full,a-1000,['10/100/1000BaseTX'],yes,0002.6519.5376,Virditech Co. Ltd.
Gi1/0/4,UVxx:User,connected,106,a-full,a-1000,['10/100/1000BaseTX'],yes,6c2b.59e8.0c0a,Dell Inc.
Gi1/0/5,UVxx:User,notconnect,106,auto,auto,['10/100/1000BaseTX'],no, , 
Gi1/0/6,UVxx:User,connected,106,a-full,a-1000,['10/100/1000BaseTX'],yes,28f1.0e0f.c44e,
Gi1/0/7,UVxx:User,notconnect,106,auto,auto,['10/100/1000BaseTX'],no, , 
Gi1/0/8,UVxx:User,notconnect,106,auto,auto,['10/100/1000BaseTX'],no, , 
Gi1/0/9,UVxx:User,notconnect,106,auto,auto,['10/100/1000BaseTX'],yes, , 
Gi1/0/10,UVxx:User,connected,106,a-full,a-100,['10/100/1000BaseTX'],yes,18db.f250.69cb,Dell Inc.
Gi1/0/11,UVxx:User,notconnect,106,auto,auto,['10/100/1000BaseTX'],no, , 
Gi1/0/12,UVxx:User,connected,106,a-full,a-100,['10/100/1000BaseTX'],yes,ecc8.8211.4eb9,"Cisco Systems, Inc"
Gi1/0/13,UVxx:User,notconnect,106,auto,auto,['10/100/1000BaseTX'],no, , 
Gi1/0/14,UVxx:User,connected,106,a-full,a-1000,['10/100/1000BaseTX'],yes,9c93.4e69.ff7d,Xerox Corporation
Gi1/0/15,UVxx:User,connected,106,a-full,a-100,['10/100/1000BaseTX'],yes,f47f.35a3.ed4a,"Cisco Systems, Inc"
Gi1/0/16,UVxx:User,connected,106,a-full,a-100,['10/100/1000BaseTX'],yes,ecc8.8211.d644,"Cisco Systems, Inc"
Gi1/0/17,UVxx:User,connected,106,a-full,a-1000,['10/100/1000BaseTX'],yes,6c2b.59e8.2e73,Dell Inc.
Gi1/0/18,UVxx:User,connected,106,a-full,a-100,['10/100/1000BaseTX'],yes, , 
Gi1/0/19,UVxx:User,connected,106,a-full,a-1000,['10/100/1000BaseTX'],yes,c4b3.6a35.969e,"Cisco Systems, Inc"
Gi1/0/20,UVxx:User,notconnect,106,auto,auto,['10/100/1000BaseTX'],no, , 
Gi1/0/21,UVxx:User,notconnect,106,auto,auto,['10/100/1000BaseTX'],no, , 
Gi1/0/22,UVxx:User,connected,106,a-full,a-100,['10/100/1000BaseTX'],yes,d89e.f383.922d,Dell Inc.
Gi1/0/23,UVxx:User,connected,106,a-full,a-1000,['10/100/1000BaseTX'],yes,6c2b.59e8.0f65,Dell Inc.
Gi1/0/24,UVxx:User,connected,106,a-full,a-100,['10/100/1000BaseTX'],yes,ecc8.8211.7444,"Cisco Systems, Inc"
Gi1/0/25,UVxx:User,connected,106,a-full,a-1000,['10/100/1000BaseTX'],yes,6c2b.59e8.2db5,Dell Inc.
Gi1/0/26,UVxx:User,connected,106,a-full,a-100,['10/100/1000BaseTX'],yes,484d.7ed4.dbc4,
Gi1/0/27,UVxx:User,connected,106,a-full,a-100,['10/100/1000BaseTX'],yes,6c2b.59e8.6b31,Dell Inc.
Gi1/0/28,UVxx:User,connected,106,a-full,a-100,['10/100/1000BaseTX'],yes,f47f.35a2.4df3,"Cisco Systems, Inc"
Gi1/0/29,UVxx:User,connected,106,a-full,a-100,['10/100/1000BaseTX'],yes,1866.da06.4ef6,Dell Inc.
Gi1/0/30,UVxx:User,notconnect,106,auto,auto,['10/100/1000BaseTX'],no, , 
Gi1/0/31,UVxx:User,notconnect,106,auto,auto,['10/100/1000BaseTX'],yes, , 
Gi1/0/32,UVxx:User,notconnect,106,auto,auto,['10/100/1000BaseTX'],no, , 
Gi1/0/33,UVxx:User,connected,106,a-full,a-100,['10/100/1000BaseTX'],yes,1ce6.c773.94d1,"Cisco Systems, Inc"
Gi1/0/34,UVxx:User,connected,106,a-full,a-100,['10/100/1000BaseTX'],yes,0004.f2eb.4071,Polycom
Gi1/0/35,UVxx:User,notconnect,106,auto,auto,['10/100/1000BaseTX'],no, , 
Gi1/0/36,UVxx:User,connected,106,a-full,a-100,['10/100/1000BaseTX'],yes,484d.7ed4.c074,Dell Inc.
Gi1/0/37,UVxx:User,connected,106,a-full,a-100,['10/100/1000BaseTX'],yes,0002.6519.5376,Virditech Co. Ltd.
Gi1/0/38,**AP**,connected,308,a-full,a-100,['10/100/1000BaseTX'],yes,0004.f2eb.3ec8,Polycom
Gi1/0/39,UVxx:User,notconnect,106,auto,auto,['10/100/1000BaseTX'],no, , 
Gi1/0/40,UVxx:User,notconnect,106,auto,auto,['10/100/1000BaseTX'],no, , 
Gi1/0/41,UVxx:User,connected,106,a-full,a-100,['10/100/1000BaseTX'],yes,0c85.25a6.edd6,"Cisco Systems, Inc"
Gi1/0/42,**AP**,connected,308,a-full,a-1000,['10/100/1000BaseTX'],yes,a03d.6f12.f9d4,
Gi1/0/43,UVxx:User,connected,106,a-full,a-1000,['10/100/1000BaseTX'],yes,6c2b.59e8.0fc1,Dell Inc.
Gi1/0/44,UVxx:User,connected,106,a-full,a-1000,['10/100/1000BaseTX'],yes,6c2b.59e8.68c4,
Gi1/0/45,**AP**,connected,308,a-full,a-1000,['10/100/1000BaseTX'],yes,a03d.6f12.f704,"Cisco Systems, Inc"
Gi1/0/46,UVxx:User,notconnect,106,auto,auto,['10/100/1000BaseTX'],no, , 
Gi1/0/47,**AP**,connected,308,a-full,a-100,['10/100/1000BaseTX'],yes,f80b.cb77.de1c,"Cisco Systems, Inc"
Gi1/0/48,**AP**,connected,308,a-full,a-100,['10/100/1000BaseTX'],yes,f80b.cb7e.d410,
Gi1/0/50,**tosDLPRgua01**,connected,trunk,a-full,a-1000,"['1000BaseSX', 'SFP']",yes, , 
Te1/0/1,,notconnect,1,full,10G,"['Not', 'Present']",no, , 
Gi2/0/1,UVxx:User,notconnect,106,auto,auto,['10/100/1000BaseTX'],no, , 
Gi2/0/2,UVxx:User,notconnect,106,auto,auto,['10/100/1000BaseTX'],no, , 
Gi2/0/3,UVxx:User,notconnect,106,auto,auto,['10/100/1000BaseTX'],no, , 
Gi2/0/4,UVxx:User,notconnect,106,auto,auto,['10/100/1000BaseTX'],no, , 
Gi2/0/5,UVxx:User,notconnect,106,auto,auto,['10/100/1000BaseTX'],no, , 
Gi2/0/6,UVxx:User,notconnect,106,auto,auto,['10/100/1000BaseTX'],no, , 
Gi2/0/7,UVxx:User,notconnect,106,auto,auto,['10/100/1000BaseTX'],no, , 
Gi2/0/8,UVxx:User,notconnect,106,auto,auto,['10/100/1000BaseTX'],no, , 
Gi2/0/9,UVxx:User,notconnect,106,auto,auto,['10/100/1000BaseTX'],no, , 
Gi2/0/10,UVxx:User,notconnect,106,auto,auto,['10/100/1000BaseTX'],no, , 
Gi2/0/11,UVxx:User,notconnect,106,auto,auto,['10/100/1000BaseTX'],no, , 
Gi2/0/12,UVxx:User,notconnect,106,auto,auto,['10/100/1000BaseTX'],no, , 
Gi2/0/13,UVxx:User,notconnect,106,auto,auto,['10/100/1000BaseTX'],no, , 
Gi2/0/14,UVxx:User,notconnect,106,auto,auto,['10/100/1000BaseTX'],no, , 
Gi2/0/15,UVxx:User,notconnect,106,auto,auto,['10/100/1000BaseTX'],no, , 
Gi2/0/16,UVxx:User,notconnect,106,auto,auto,['10/100/1000BaseTX'],no, , 
Gi2/0/17,UVxx:User,notconnect,106,auto,auto,['10/100/1000BaseTX'],no, , 
Gi2/0/18,UVxx:User,notconnect,106,auto,auto,['10/100/1000BaseTX'],no, , 
Gi2/0/19,UVxx:User,notconnect,106,auto,auto,['10/100/1000BaseTX'],no, , 
Gi2/0/20,UVxx:User,notconnect,106,auto,auto,['10/100/1000BaseTX'],no, , 
Gi2/0/21,UVxx:User,notconnect,106,auto,auto,['10/100/1000BaseTX'],no, , 
Gi2/0/22,UVxx:User,notconnect,106,auto,auto,['10/100/1000BaseTX'],no, , 
Gi2/0/23,UVxx:User,notconnect,106,auto,auto,['10/100/1000BaseTX'],no, , 
Gi2/0/24,UVxx:User,notconnect,106,auto,auto,['10/100/1000BaseTX'],no, , 
Gi2/0/25,UVxx:User,notconnect,106,auto,auto,['10/100/1000BaseTX'],no, , 
Gi2/0/26,UVxx:User,notconnect,106,auto,auto,['10/100/1000BaseTX'],no, , 
Gi2/0/27,UVxx:User,notconnect,106,auto,auto,['10/100/1000BaseTX'],no, , 
Gi2/0/28,UVxx:User,notconnect,106,auto,auto,['10/100/1000BaseTX'],no, , 
Gi2/0/29,UVxx:User,notconnect,106,auto,auto,['10/100/1000BaseTX'],no, , 
Gi2/0/30,UVxx:User,notconnect,106,auto,auto,['10/100/1000BaseTX'],no, , 
Gi2/0/31,UVxx:User,notconnect,106,auto,auto,['10/100/1000BaseTX'],no, , 
Gi2/0/32,UVxx:User,notconnect,106,auto,auto,['10/100/1000BaseTX'],no, , 
Gi2/0/33,UVxx:User,notconnect,106,auto,auto,['10/100/1000BaseTX'],no, , 
Gi2/0/34,UVxx:User,notconnect,106,auto,auto,['10/100/1000BaseTX'],no, , 
Gi2/0/35,UVxx:User,notconnect,106,auto,auto,['10/100/1000BaseTX'],no, , 
Gi2/0/36,UVxx:User,notconnect,106,auto,auto,['10/100/1000BaseTX'],no, , 
Gi2/0/37,UVxx:User,notconnect,106,auto,auto,['10/100/1000BaseTX'],no, , 
Gi2/0/38,UVxx:User,notconnect,106,auto,auto,['10/100/1000BaseTX'],no, , 
Gi2/0/39,UVxx:User,notconnect,106,auto,auto,['10/100/1000BaseTX'],no, , 
Gi2/0/40,UVxx:User,notconnect,106,auto,auto,['10/100/1000BaseTX'],no, , 
Gi2/0/41,UVxx:User,notconnect,106,auto,auto,['10/100/1000BaseTX'],no, , 
Gi2/0/42,UVxx:User,notconnect,106,auto,auto,['10/100/1000BaseTX'],no, , 
Gi2/0/43,UVxx:User,notconnect,106,auto,auto,['10/100/1000BaseTX'],no, , 
Gi2/0/44,UVxx:User,notconnect,106,auto,auto,['10/100/1000BaseTX'],no, , 
Gi2/0/45,UVxx:User,notconnect,106,auto,auto,['10/100/1000BaseTX'],no, , 
Gi2/0/46,UVxx:User,notconnect,106,auto,auto,['10/100/1000BaseTX'],no, , 
Gi2/0/47,UVxx:User,notconnect,106,auto,auto,['10/100/1000BaseTX'],no, , 
Gi2/0/48,UVxx:User,notconnect,106,auto,auto,['10/100/1000BaseTX'],no, , 
Gi2/0/50,**tosDLPRgua01--Ten1/1/4**,connected,trunk,a-full,a-1000,"['1000BaseSX', 'SFP']",yes, , 
Te2/0/1,,notconnect,1,full,10G,"['Not', 'Present']",no, , 
Po4,**tosDLPRgua01**,connected,trunk,a-full,a-1000,[],yes, , 
