Interface,Description,Status,Vlan,Duplex,Speed,Type,Used,MACD,Vendor
Te1/0/1,**ServerConnection**,connected,30,a-full,a-1000,['100/1000/2.5G/5G/10GBaseTX'],yes,001b.9051.510f,"Cisco Systems, Inc"
Te1/0/2,**ServerConnection**,notconnect,30,auto,auto,['100/1000/2.5G/5G/10GBaseTX'],no, , 
Te1/0/3,**ServerConnection**,connected,30,a-full,a-100,['100/1000/2.5G/5G/10GBaseTX'],yes,5cf3.fcef.f998,Vendor not found
Te1/0/4,**ServerConnection**,connected,30,a-full,a-100,['100/1000/2.5G/5G/10GBaseTX'],yes,8894.7116.f890,"Brocade Communications Systems, Inc."
Te1/0/5,**ServerConnection**,connected,30,a-full,a-10G,['100/1000/2.5G/5G/10GBaseTX'],yes,b026.285d.3077,Broadcom Limited
Te1/0/6,**ServerConnection**,connected,30,a-full,a-1000,['100/1000/2.5G/5G/10GBaseTX'],yes,0894.ef2a.13fc,Wistron Infocomm (Zhongshan) Corporation
Te1/0/7,**ServerConnection**,connected,30,a-full,a-1000,['100/1000/2.5G/5G/10GBaseTX'],yes,000c.29e7.76b4,Vendor not found
Te1/0/8,**ServerConnection**,connected,30,a-full,a-1000,['100/1000/2.5G/5G/10GBaseTX'],yes,0050.568a.2e59,"VMware, Inc."
Te1/0/9,**ServerConnection**,connected,30,a-full,a-1000,['100/1000/2.5G/5G/10GBaseTX'],yes,0050.568a.3768,"VMware, Inc."
Te1/0/10,**ServerConnection**,notconnect,30,auto,auto,['100/1000/2.5G/5G/10GBaseTX'],no, , 
Te1/0/11,**ServerConnection**,notconnect,30,auto,auto,['100/1000/2.5G/5G/10GBaseTX'],no, , 
Te1/0/12,**ServerConnection**,notconnect,30,auto,auto,['100/1000/2.5G/5G/10GBaseTX'],no, , 
Te1/0/13,**ServerConnection**,connected,30,a-full,a-1000,['100/1000/2.5G/5G/10GBaseTX'],yes,f848.97ce.8b70,"Hitachi, Ltd."
Te1/0/14,**ServerConnection**,notconnect,30,auto,auto,['100/1000/2.5G/5G/10GBaseTX'],yes, , 
Te1/0/16,**ServerConnection**,connected,30,a-full,a-1000,['100/1000/2.5G/5G/10GBaseTX'],yes, , 
Te1/0/17,**ServerConnection**,connected,30,a-full,a-1000,['100/1000/2.5G/5G/10GBaseTX'],yes, , 
Te1/0/18,**ServerConnection**,connected,30,a-full,a-1000,['100/1000/2.5G/5G/10GBaseTX'],yes, , 
Te1/0/19,PRGABAK003-File/Backup/SCCMServer,notconnect,60,auto,auto,['100/1000/2.5G/5G/10GBaseTX'],yes, , 
Te1/0/20,**Stchportaccessvlan60,notconnect,1,auto,auto,['100/1000/2.5G/5G/10GBaseTX'],no, , 
Te1/0/21,**ServerConnection**,notconnect,60,auto,auto,['100/1000/2.5G/5G/10GBaseTX'],yes, , 
Te1/0/22,**ServerConnection**,connected,70,a-full,a-1000,['100/1000/2.5G/5G/10GBaseTX'],yes, , 
Te1/0/23,**ServerConnection**,connected,70,a-full,a-1000,['100/1000/2.5G/5G/10GBaseTX'],yes, , 
Te1/0/24,**ServerConnection**,connected,70,a-full,a-1000,['100/1000/2.5G/5G/10GBaseTX'],yes, , 
Gi1/1/1,,notconnect,1,auto,auto,['unknown'],no, , 
Gi1/1/2,,notconnect,1,auto,auto,['unknown'],no, , 
Te1/1/3,,notconnect,1,auto,auto,['unknown'],no, , 
Te1/1/4,**tosDLPRgua01**,connected,trunk,full,10G,['SFP-10GBase-LRM'],yes, , 
Te2/0/1,**ServerConnection**,notconnect,30,auto,auto,['100/1000/2.5G/5G/10GBaseTX'],yes,f403.4342.0a6a,Vendor not found
Te2/0/2,**ServerConnection**,notconnect,30,auto,auto,['100/1000/2.5G/5G/10GBaseTX'],no, , 
Te2/0/3,**ServerConnection**,notconnect,30,auto,auto,['100/1000/2.5G/5G/10GBaseTX'],yes, , 
Te2/0/4,**ServerConnection**,connected,30,a-full,a-100,['100/1000/2.5G/5G/10GBaseTX'],yes,8894.7117.19c0,"Brocade Communications Systems, Inc."
Te2/0/5,**ServerConnection**,connected,30,a-full,a-10G,['100/1000/2.5G/5G/10GBaseTX'],yes,b026.285d.3076,Vendor not found
Te2/0/6,**ServerConnection**,connected,30,a-full,a-1000,['100/1000/2.5G/5G/10GBaseTX'],yes,3cec.ef6c.8b90,"Super Micro Computer, Inc."
Te2/0/7,**ServerConnection**,connected,30,a-full,a-1000,['100/1000/2.5G/5G/10GBaseTX'],yes,f403.4350.30d0,Vendor not found
Te2/0/8,**ServerConnection**,connected,30,a-full,a-1000,['100/1000/2.5G/5G/10GBaseTX'],yes,f403.4350.400c,Vendor not found
Te2/0/9,**ServerConnection**,connected,30,a-full,a-1000,['100/1000/2.5G/5G/10GBaseTX'],yes,0050.568a.64ed,"VMware, Inc."
Te2/0/10,**ServerConnection**,connected,30,a-full,a-1000,['100/1000/2.5G/5G/10GBaseTX'],yes,f403.4342.f954,Hewlett Packard Enterprise
Te2/0/11,**ServerConnection**,connected,30,a-full,a-1000,['100/1000/2.5G/5G/10GBaseTX'],yes,f403.4342.f972,Hewlett Packard Enterprise
Te2/0/12,**ServerConnection**,connected,30,a-full,a-1000,['100/1000/2.5G/5G/10GBaseTX'],yes,f403.4342.0a6a,Hewlett Packard Enterprise
Te2/0/13,**ServerConnection**,connected,30,a-full,a-1000,['100/1000/2.5G/5G/10GBaseTX'],yes,f848.97ce.8c90,"Hitachi, Ltd."
Te2/0/14,**ServerConnection**,notconnect,30,auto,auto,['100/1000/2.5G/5G/10GBaseTX'],yes, , 
Te2/0/15,**ServerConnection**,notconnect,30,auto,auto,['100/1000/2.5G/5G/10GBaseTX'],yes, , 
Te2/0/16,**ServerConnection**,connected,30,a-full,a-1000,['100/1000/2.5G/5G/10GBaseTX'],yes, , 
Te2/0/17,**ServerConnection**,connected,30,a-full,a-1000,['100/1000/2.5G/5G/10GBaseTX'],yes, , 
Te2/0/18,**ServerConnection**,connected,30,a-full,a-1000,['100/1000/2.5G/5G/10GBaseTX'],yes, , 
Te2/0/19,**ServerConnection**,notconnect,60,auto,auto,['100/1000/2.5G/5G/10GBaseTX'],no, , 
Te2/0/20,**ServerConnection**,notconnect,60,auto,auto,['100/1000/2.5G/5G/10GBaseTX'],yes, , 
Te2/0/21,**ServerConnection**,notconnect,60,auto,auto,['100/1000/2.5G/5G/10GBaseTX'],yes, , 
Te2/0/22,**ServerConnection**,connected,70,a-full,a-1000,['100/1000/2.5G/5G/10GBaseTX'],yes, , 
Te2/0/23,**ServerConnection**,connected,70,a-full,a-1000,['100/1000/2.5G/5G/10GBaseTX'],yes, , 
Te2/0/24,**ServerConnection**,connected,70,a-full,a-100,['100/1000/2.5G/5G/10GBaseTX'],yes, , 
Gi2/1/1,,notconnect,1,auto,auto,['unknown'],no, , 
Gi2/1/2,,notconnect,1,auto,auto,['unknown'],no, , 
Te2/1/3,,notconnect,1,auto,auto,['unknown'],no, , 
Te2/1/4,**tosDLPRgua01**,connected,trunk,full,10G,['SFP-10GBase-LRM'],yes, , 
Po13,**tosDLPRgua01**,connected,trunk,a-full,a-10G,[],yes, , 
