Interface,Description,Status,Vlan,Duplex,Speed,Type,Used,MACD,Vendor
Gi1/0/1,UVxx:User,connected,104,a-full,a-1000,['10/100/1000BaseTX'],yes,484d.7ed4.c2cf,Dell Inc.
Gi1/0/2,KronosClock,connected,104,a-full,a-100,['10/100/1000BaseTX'],yes,0041.d2f9.7f82,
Gi1/0/3,UVxx:User,notconnect,104,auto,auto,['10/100/1000BaseTX'],no,1065.30d6.20b7,Dell Inc.
Gi1/0/4,UVxx:User,notconnect,104,auto,auto,['10/100/1000BaseTX'],no,40b0.34a3.77d2,Hewlett Packard
Gi1/0/5,UVxx:User,connected,104,a-full,a-100,['10/100/1000BaseTX'],yes,e454.e84e.d84c,Dell Inc.
Gi1/0/6,UVxx:User,connected,104,a-full,a-100,['10/100/1000BaseTX'],yes, , 
Gi1/0/7,UVxx:User,connected,104,a-full,a-1000,['10/100/1000BaseTX'],yes,0003.2d3b.f6d6,"IBASE Technology, Inc."
Gi1/0/8,UVxx:User,connected,104,a-full,a-100,['10/100/1000BaseTX'],yes,e454.e84e.e41f,
Gi1/0/9,UVxx:User,connected,104,a-full,a-100,['10/100/1000BaseTX'],yes,e454.e84e.d863,Dell Inc.
Gi1/0/10,UVxx:User,notconnect,104,auto,auto,['10/100/1000BaseTX'],no, , 
Gi1/0/11,UVxx:User,notconnect,104,auto,auto,['10/100/1000BaseTX'],no, , 
Gi1/0/12,UVxx:User,connected,104,a-full,a-1000,['10/100/1000BaseTX'],yes,c4b3.6a35.d2e8,"Cisco Systems, Inc"
Gi1/0/13,UVxx:User,connected,104,a-full,a-1000,['10/100/1000BaseTX'],yes, , 
Gi1/0/14,UVxx:User,connected,104,a-full,a-1000,['10/100/1000BaseTX'],yes,6c2b.59e8.6a86,
Gi1/0/15,UVxx:User,connected,104,a-full,a-1000,['10/100/1000BaseTX'],yes,c4b3.6aca.404a,"Cisco Systems, Inc"
Gi1/0/16,UVxx:User,notconnect,104,auto,auto,['10/100/1000BaseTX'],no, , 
Gi1/0/17,UVxx:User,connected,104,a-full,a-100,['10/100/1000BaseTX'],yes,484d.7ed4.c2cf,Dell Inc.
Gi1/0/18,UVxx:User,notconnect,104,auto,auto,['10/100/1000BaseTX'],no, , 
Gi1/0/19,UVxx:User,connected,104,a-full,a-100,['10/100/1000BaseTX'],yes,c472.9551.dbf9,
Gi1/0/20,UVxx:User,connected,104,a-full,a-100,['10/100/1000BaseTX'],yes,1833.9d14.1620,"Cisco Systems, Inc"
Gi1/0/21,UVxx:User,notconnect,104,auto,auto,['10/100/1000BaseTX'],yes, , 
Gi1/0/22,UVxx:User,connected,104,a-full,a-100,['10/100/1000BaseTX'],yes,689c.e2e6.0eb5,
Gi1/0/23,UVxx:User,connected,104,a-full,a-100,['10/100/1000BaseTX'],yes,1833.9d14.ed2c,"Cisco Systems, Inc"
Gi1/0/24,UVxx:User,connected,104,a-full,a-1000,['10/100/1000BaseTX'],yes,c4b3.6a35.8f4a,"Cisco Systems, Inc"
Gi1/0/25,UVxx:User,connected,104,a-full,a-1000,['10/100/1000BaseTX'],yes,c4b3.6a35.9084,
Gi1/0/26,UVxx:User,notconnect,104,auto,auto,['10/100/1000BaseTX'],no, , 
Gi1/0/27,UVxx:User,connected,104,a-full,a-1000,['10/100/1000BaseTX'],yes,0041.d2f9.7f82,"Cisco Systems, Inc"
Gi1/0/28,UVxx:User,notconnect,104,auto,auto,['10/100/1000BaseTX'],no, , 
Gi1/0/29,UVxx:User,connected,104,a-full,a-100,['10/100/1000BaseTX'],yes,0cd9.9690.04c7,"Cisco Systems, Inc"
Gi1/0/30,UVxx:User,connected,104,a-full,a-100,['10/100/1000BaseTX'],yes,1833.9d14.1612,"Cisco Systems, Inc"
Gi1/0/31,UVxx:User,connected,104,a-full,a-100,['10/100/1000BaseTX'],yes,d8d0.9036.dff3,
Gi1/0/32,UVxx:User,notconnect,104,auto,auto,['10/100/1000BaseTX'],no, , 
Gi1/0/33,UVxx:User,connected,104,a-full,a-100,['10/100/1000BaseTX'],yes,8c04.ba60.b51a,Dell Inc.
Gi1/0/34,UVxx:User,notconnect,104,auto,auto,['10/100/1000BaseTX'],no, , 
Gi1/0/35,UVxx:User,notconnect,104,auto,auto,['10/100/1000BaseTX'],no, , 
Gi1/0/36,UVxx:User,notconnect,104,auto,auto,['10/100/1000BaseTX'],no, , 
Gi1/0/37,UVxx:User,notconnect,104,auto,auto,['10/100/1000BaseTX'],no, , 
Gi1/0/38,UVxx:User,connected,104,a-full,a-1000,['10/100/1000BaseTX'],yes,9c93.4e99.4ebd,
Gi1/0/39,UVxx:User,connected,104,a-full,a-100,['10/100/1000BaseTX'],yes,1065.30d6.20b7,Dell Inc.
Gi1/0/40,UVxx:User,notconnect,104,auto,auto,['10/100/1000BaseTX'],no, , 
Gi1/0/41,UVxx:User,connected,104,a-full,a-100,['10/100/1000BaseTX'],yes,d89e.f383.9b6d,
Gi1/0/42,UVxx:User,notconnect,104,auto,auto,['10/100/1000BaseTX'],no, , 
Gi1/0/43,UVxx:User,connected,104,a-full,a-1000,['10/100/1000BaseTX'],yes,40b0.34a3.77d2,Hewlett Packard
Gi1/0/44,UVxx:User,connected,104,a-full,a-100,['10/100/1000BaseTX'],yes,0c85.25a6.ead4,"Cisco Systems, Inc"
Gi1/0/45,UVxx:User,connected,104,a-full,a-100,['10/100/1000BaseTX'],yes,ecc8.8211.da09,"Cisco Systems, Inc"
Gi1/0/46,UVxx:User,notconnect,104,auto,auto,['10/100/1000BaseTX'],no, , 
Gi1/0/47,APInterface,connected,308,a-full,a-1000,['10/100/1000BaseTX'],yes,00d7.8f31.e184,
Gi1/0/48,APInterface,notconnect,308,auto,auto,['10/100/1000BaseTX'],no, , 
Te1/0/1,,notconnect,1,full,10G,"['Not', 'Present']",no, , 
Te1/0/2,**tosDLPRgua01**,connected,trunk,full,10G,['SFP-10GBase-LRM'],yes, , 
Gi2/0/1,UVxx:User,connected,104,a-full,a-100,['10/100/1000BaseTX'],yes,18db.f250.69c4,Dell Inc.
Gi2/0/2,UVxx:User,connected,104,a-full,a-100,['10/100/1000BaseTX'],yes,0001.e6ad.d882,Hewlett Packard
Gi2/0/3,UVxx:User,connected,104,a-full,a-100,['10/100/1000BaseTX'],yes,0007.4d3c.8916,Zebra Technologies Corp.
Gi2/0/4,UVxx:User,connected,104,a-full,a-100,['10/100/1000BaseTX'],yes,18db.f250.69c7,Dell Inc.
Gi2/0/5,UVxx:User,connected,104,a-full,a-100,['10/100/1000BaseTX'],yes,c472.9551.ddbe,"Cisco Systems, Inc"
Gi2/0/6,UVxx:User,connected,104,a-full,a-1000,['10/100/1000BaseTX'],yes,9c93.4e69.adfb,Xerox Corporation
Gi2/0/7,UVxx:User,notconnect,104,auto,auto,['10/100/1000BaseTX'],no, , 
Gi2/0/8,UVxx:User,connected,104,a-full,a-100,['10/100/1000BaseTX'],yes,f47f.35a2.4cf1,"Cisco Systems, Inc"
Gi2/0/9,UVxx:User,connected,104,a-full,a-100,['10/100/1000BaseTX'],yes,ecc8.8211.bcfc,"Cisco Systems, Inc"
Gi2/0/10,UVxx:User,notconnect,104,auto,auto,['10/100/1000BaseTX'],no, , 
Gi2/0/11,UVxx:User,connected,104,a-full,a-100,['10/100/1000BaseTX'],yes,5478.1a1d.8aaf,"Cisco Systems, Inc"
Gi2/0/12,UVxx:User,notconnect,104,auto,auto,['10/100/1000BaseTX'],no, , 
Gi2/0/13,UVxx:User,connected,104,a-full,a-100,['10/100/1000BaseTX'],yes,1833.9d14.ed56,
Gi2/0/14,UVxx:User,notconnect,104,auto,auto,['10/100/1000BaseTX'],no, , 
Gi2/0/15,UVxx:User,notconnect,104,auto,auto,['10/100/1000BaseTX'],no, , 
Gi2/0/16,UVxx:User,connected,104,a-full,a-100,['10/100/1000BaseTX'],yes,f47f.353d.dc57,"Cisco Systems, Inc"
Gi2/0/17,UVxx:User,connected,104,a-full,a-100,['10/100/1000BaseTX'],yes,ec9a.7464.6505,Hewlett Packard
Gi2/0/18,UVxx:User,notconnect,104,auto,auto,['10/100/1000BaseTX'],yes, , 
Gi2/0/19,UVxx:User,notconnect,104,auto,auto,['10/100/1000BaseTX'],no, , 
Gi2/0/20,UVxx:User,connected,104,a-full,a-1000,['10/100/1000BaseTX'],yes,d89e.f39a.2868,
Gi2/0/21,UVxx:User,connected,104,a-full,a-100,['10/100/1000BaseTX'],yes,64d8.14a4.7bc8,
Gi2/0/22,UVxx:User,connected,104,a-full,a-100,['10/100/1000BaseTX'],yes,0001.e6ad.d882,Hewlett Packard
Gi2/0/23,UVxx:User,notconnect,104,auto,auto,['10/100/1000BaseTX'],no, , 
Gi2/0/24,UVxx:User,connected,104,a-full,a-100,['10/100/1000BaseTX'],yes,ecc8.8211.297f,"Cisco Systems, Inc"
Gi2/0/25,UVxx:User,connected,104,a-full,a-1000,['10/100/1000BaseTX'],yes, , 
Gi2/0/26,UVxx:User,connected,104,a-full,a-100,['10/100/1000BaseTX'],yes,1065.30dc.048f,Dell Inc.
Gi2/0/27,UVxx:User,connected,104,a-full,a-100,['10/100/1000BaseTX'],yes,1833.9d14.a0ea,"Cisco Systems, Inc"
Gi2/0/28,UVxx:User,connected,104,a-full,a-100,['10/100/1000BaseTX'],yes,9c93.4e69.abe2,
Gi2/0/29,UVxx:User,notconnect,104,auto,auto,['10/100/1000BaseTX'],no, , 
Gi2/0/30,UVxx:User,connected,104,a-full,a-100,['10/100/1000BaseTX'],yes,0007.4d3c.8916,Zebra Technologies Corp.
Gi2/0/31,UVxx:User,notconnect,104,auto,auto,['10/100/1000BaseTX'],no, , 
Gi2/0/32,UVxx:User,connected,104,a-full,a-100,['10/100/1000BaseTX'],yes,d89e.f383.9b7c,Dell Inc.
Gi2/0/33,UVxx:User,notconnect,104,auto,auto,['10/100/1000BaseTX'],no, , 
Gi2/0/34,UVxx:User,connected,104,a-full,a-100,['10/100/1000BaseTX'],yes,1833.9d14.174e,"Cisco Systems, Inc"
Gi2/0/35,UVxx:User,connected,104,a-full,a-1000,['10/100/1000BaseTX'],yes,9c93.4e69.aee6,Xerox Corporation
Gi2/0/36,UVxx:User,connected,104,a-full,a-100,['10/100/1000BaseTX'],yes,d89e.f383.924e,
Gi2/0/37,UVxx:User,connected,104,a-full,a-1000,['10/100/1000BaseTX'],yes, , 
Gi2/0/38,UVxx:User,connected,104,a-full,a-100,['10/100/1000BaseTX'],yes,1833.9d14.1777,"Cisco Systems, Inc"
Gi2/0/39,UVxx:User,connected,104,a-full,a-100,['10/100/1000BaseTX'],yes,1833.9d14.1737,"Cisco Systems, Inc"
Gi2/0/40,UVxx:User,connected,104,a-full,a-1000,['10/100/1000BaseTX'],yes,6c2b.59e8.163f,
Gi2/0/41,UVxx:User,connected,104,a-full,a-100,['10/100/1000BaseTX'],yes,1833.9d14.a31f,"Cisco Systems, Inc"
Gi2/0/42,UVxx:User,notconnect,104,auto,auto,['10/100/1000BaseTX'],no, , 
Gi2/0/43,UVxx:User,notconnect,104,auto,auto,['10/100/1000BaseTX'],yes, , 
Gi2/0/44,**AP**,connected,308,a-full,a-1000,['10/100/1000BaseTX'],yes,a03d.6faf.e578,"Cisco Systems, Inc"
Gi2/0/45,UVxx:User,connected,104,a-full,a-100,['10/100/1000BaseTX'],yes,18db.f250.69c7,Dell Inc.
Gi2/0/46,UVxx:User,notconnect,104,auto,auto,['10/100/1000BaseTX'],no, , 
Gi2/0/47,**AP**,connected,308,a-full,a-1000,['10/100/1000BaseTX'],yes,00fc.badb.0cd8,
Gi2/0/48,**AP**,connected,308,a-full,a-1000,['10/100/1000BaseTX'],yes,a03d.6faf.e568,
Te2/0/1,,notconnect,1,full,10G,"['Not', 'Present']",no, , 
Te2/0/2,,notconnect,1,full,10G,"['Not', 'Present']",no, , 
Gi3/0/1,UVxx:User,notconnect,104,auto,auto,['10/100/1000BaseTX'],no,84a9.3e6d.bcbb,Hewlett Packard
Gi3/0/2,UVxx:User,notconnect,104,auto,auto,['10/100/1000BaseTX'],no, , 
Gi3/0/3,UVxx:User,notconnect,104,auto,auto,['10/100/1000BaseTX'],no, , 
Gi3/0/4,UVxx:User,notconnect,104,auto,auto,['10/100/1000BaseTX'],no,0896.adaf.e100,"Cisco Systems, Inc"
Gi3/0/5,UVxx:User,notconnect,104,auto,auto,['10/100/1000BaseTX'],no, , 
Gi3/0/6,UVxx:User,notconnect,104,auto,auto,['10/100/1000BaseTX'],no, , 
Gi3/0/7,UVxx:User,notconnect,104,auto,auto,['10/100/1000BaseTX'],no, , 
Gi3/0/8,UVxx:User,connected,104,a-full,a-1000,['10/100/1000BaseTX'],yes,9c93.4e69.ad09,Xerox Corporation
Gi3/0/9,UVxx:User,connected,104,a-full,a-1000,['10/100/1000BaseTX'],yes,0077.8dad.8cca,
Gi3/0/10,UVxx:User,notconnect,104,auto,auto,['10/100/1000BaseTX'],no, , 
Gi3/0/11,UVxx:User,notconnect,104,auto,auto,['10/100/1000BaseTX'],no, , 
Gi3/0/12,UVxx:User,notconnect,104,auto,auto,['10/100/1000BaseTX'],no, , 
Gi3/0/13,UVxx:User,connected,104,a-full,a-1000,['10/100/1000BaseTX'],yes,84a9.3e6d.bcbb,Hewlett Packard
Gi3/0/14,UVxx:User,notconnect,104,auto,auto,['10/100/1000BaseTX'],no, , 
Gi3/0/15,UVxx:User,notconnect,104,auto,auto,['10/100/1000BaseTX'],no, , 
Gi3/0/16,UVxx:User,notconnect,104,auto,auto,['10/100/1000BaseTX'],no, , 
Gi3/0/17,UVxx:User,notconnect,104,auto,auto,['10/100/1000BaseTX'],no, , 
Gi3/0/18,UVxx:User,notconnect,104,auto,auto,['10/100/1000BaseTX'],no, , 
Gi3/0/19,UVxx:User,notconnect,104,auto,auto,['10/100/1000BaseTX'],no, , 
Gi3/0/20,UVxx:User,notconnect,104,auto,auto,['10/100/1000BaseTX'],no, , 
Gi3/0/21,UVxx:User,notconnect,104,auto,auto,['10/100/1000BaseTX'],no, , 
Gi3/0/22,UVxx:User,notconnect,104,auto,auto,['10/100/1000BaseTX'],no, , 
Gi3/0/23,UVxx:User,notconnect,104,auto,auto,['10/100/1000BaseTX'],no, , 
Gi3/0/24,UVxx:User,notconnect,104,auto,auto,['10/100/1000BaseTX'],no, , 
Gi3/0/25,UVxx:User,notconnect,104,auto,auto,['10/100/1000BaseTX'],no, , 
Gi3/0/26,UVxx:User,notconnect,104,auto,auto,['10/100/1000BaseTX'],no, , 
Gi3/0/27,UVxx:User,notconnect,104,auto,auto,['10/100/1000BaseTX'],no, , 
Gi3/0/28,UVxx:User,notconnect,104,auto,auto,['10/100/1000BaseTX'],no, , 
Gi3/0/29,UVxx:User,notconnect,104,auto,auto,['10/100/1000BaseTX'],no, , 
Gi3/0/30,UVxx:User,notconnect,104,auto,auto,['10/100/1000BaseTX'],no, , 
Gi3/0/31,UVxx:User,notconnect,104,auto,auto,['10/100/1000BaseTX'],no, , 
Gi3/0/32,UVxx:User,notconnect,104,auto,auto,['10/100/1000BaseTX'],no, , 
Gi3/0/33,UVxx:User,notconnect,104,auto,auto,['10/100/1000BaseTX'],no, , 
Gi3/0/34,UVxx:User,notconnect,104,auto,auto,['10/100/1000BaseTX'],no, , 
Gi3/0/35,UVxx:User,notconnect,104,auto,auto,['10/100/1000BaseTX'],no, , 
Gi3/0/36,UVxx:User,notconnect,104,auto,auto,['10/100/1000BaseTX'],no, , 
Gi3/0/37,UVxx:User,notconnect,104,auto,auto,['10/100/1000BaseTX'],no, , 
Gi3/0/38,UVxx:User,notconnect,104,auto,auto,['10/100/1000BaseTX'],no, , 
Gi3/0/39,UVxx:User,notconnect,104,auto,auto,['10/100/1000BaseTX'],no, , 
Gi3/0/40,UVxx:User,notconnect,104,auto,auto,['10/100/1000BaseTX'],no, , 
Gi3/0/41,UVxx:User,notconnect,104,auto,auto,['10/100/1000BaseTX'],no, , 
Gi3/0/42,UVxx:User,notconnect,104,auto,auto,['10/100/1000BaseTX'],no, , 
Gi3/0/43,UVxx:User,notconnect,104,auto,auto,['10/100/1000BaseTX'],no, , 
Gi3/0/44,UVxx:User,notconnect,104,auto,auto,['10/100/1000BaseTX'],no, , 
Gi3/0/45,UVxx:User,notconnect,104,auto,auto,['10/100/1000BaseTX'],no, , 
Gi3/0/46,UVxx:User,notconnect,104,auto,auto,['10/100/1000BaseTX'],no, , 
Gi3/0/47,APInterface,notconnect,308,auto,auto,['10/100/1000BaseTX'],no, , 
Gi3/0/48,**AP**,connected,308,a-full,a-1000,['10/100/1000BaseTX'],yes,0896.adaf.e100,"Cisco Systems, Inc"
Te3/0/1,,notconnect,1,full,10G,"['Not', 'Present']",no, , 
Te3/0/2,**tosDLPRgua01**,connected,trunk,full,10G,['SFP-10GBase-LRM'],yes, , 
