Interface,Description,Status,Vlan,Duplex,Speed,Type,Used,MACD,Vendor
Te1/1/1,downlinktosALPRgua01-1/0/1,connected,trunk,full,10G,['10GBase-LRM'],yes,0100.0ccc.ccce,
Te1/1/2,downlinktosALPRgua02-1/0/1,connected,trunk,full,10G,"['10GBase-CU', '1M']",yes, , 
Te1/1/3,downlinktosALPRgua03-1/0/1,connected,trunk,full,10G,['10GBase-LRM'],yes, , 
Te1/1/4,downlinktosALPRgua04-1/0/1,connected,trunk,full,a-1000,['1000BaseSX'],yes, , 
Te1/1/5,downlinktosALPRgua05-1/0/1,connected,trunk,full,a-1000,['1000BaseLH'],yes, , 
Te1/1/6,downlinktosALPRgua06-1/0/1,connected,trunk,full,a-1000,['1000BaseSX'],yes, , 
Te1/1/7,downlinktosALPRgua07-1/0/1,connected,trunk,full,10G,['10GBase-LRM'],yes, , 
Te1/1/8,downlinktosALPRgua08-1/0/1,connected,trunk,full,a-1000,['1000BaseSX'],yes, , 
Te1/1/9,downlinktosALPRgua09-1/0/1,connected,trunk,full,a-1000,['1000BaseLH'],yes, , 
Te1/1/10,downlinktosALPRgua10-1/0/1,connected,trunk,full,a-1000,['1000BaseLH'],yes, , 
Te1/1/11,**torAWPRgua01G0/0/0**,connected,trunk,full,a-1000,['1000BaseSX'],yes,0100.0ccc.ccce,
Te1/1/12,VSLT2/1/12,connected,trunk,full,10G,"['10GBase-CU', '1M']",yes, , 
Te1/1/13,ConnectiontozALPRgua01-NEW,connected,trunk,full,a-1000,['1000BaseSX'],yes,0100.0ccc.ccce,
Te1/1/14,VSLT2/1/14,connected,trunk,full,10G,"['10GBase-CU', '1M']",yes, , 
Te1/1/15,**tosALPRgua12(ServersAdminRoom)**,connected,trunk,full,10G,"['10GBase-CU', '2M']",yes, , 
Te1/1/16,VSLFast-HelloT2/1/16,connected,1,full,a-1000,['1000BaseT'],yes, , 
Te1/2/1,**tosALPRgua13**,connected,trunk,full,10G,['10GBase-LRM'],yes, , 
Te1/2/2,**tosALPRgua13**,connected,trunk,full,10G,['10GBase-LRM'],yes, , 
Te1/2/3,,notconnect,1,full,auto,"['No', 'XCVR']",no, , 
Te1/2/4,,notconnect,1,full,auto,"['No', 'XCVR']",no, , 
Te1/2/5,,notconnect,1,full,auto,"['No', 'XCVR']",no, , 
Te1/2/6,,notconnect,1,full,auto,"['No', 'XCVR']",no, , 
Te1/2/7,**VSSVirtualLink**,notconnect,trunk,full,auto,"['No', 'XCVR']",no, , 
Te1/2/8,**VSSVirtualLink**,notconnect,trunk,full,auto,"['No', 'XCVR']",no, , 
Te2/1/1,downlinktosALPRgua01-1/0/1,connected,trunk,full,10G,['10GBase-LRM'],yes,ffff.ffff.ffff,
Te2/1/2,downlinktosALPRgua02-1/0/1,connected,trunk,full,10G,"['10GBase-CU', '1M']",yes, , 
Te2/1/3,downlinktosALPRgua03-1/0/1,connected,trunk,full,10G,['10GBase-LRM'],yes, , 
Te2/1/4,downlinktosALPRgua04-1/0/1,connected,trunk,full,a-1000,['1000BaseSX'],yes, , 
Te2/1/5,downlinktosALPRgua05-1/0/1,connected,trunk,full,a-1000,['1000BaseLH'],yes, , 
Te2/1/6,downlinktosALPRgua06-1/0/1,connected,trunk,full,a-1000,['1000BaseSX'],yes, , 
Te2/1/7,downlinktosALPRgua07-1/0/1,connected,trunk,full,10G,['10GBase-LRM'],yes, , 
Te2/1/8,downlinktosALPRgua08-1/0/1,connected,trunk,full,a-1000,['1000BaseSX'],yes, , 
Te2/1/9,downlinktosALPRgua09-1/0/1,connected,trunk,full,a-1000,['1000BaseLH'],yes, , 
Te2/1/10,downlinktosALPRgua10-1/0/1,connected,trunk,full,a-1000,['1000BaseLH'],yes, , 
Te2/1/11,ConnectedtorAWPRgua99,connected,trunk,full,a-1000,['1000BaseSX'],yes,ffff.ffff.ffff,
Te2/1/12,VSLT1/1/12,connected,trunk,full,10G,"['10GBase-CU', '1M']",yes, , 
Te2/1/13,ConnectiontozALPRgua01-NEW,connected,trunk,full,a-1000,['1000BaseSX'],yes,ffff.ffff.ffff,
Te2/1/14,VSLT1/1/14,connected,trunk,full,10G,"['10GBase-CU', '1M']",yes, , 
Te2/1/15,**tosALPRgua12(ServersAdminRoom)**,connected,trunk,full,10G,"['10GBase-CU', '2M']",yes, , 
Te2/1/16,VSLFast-HelloT1/1/16,connected,1,full,a-1000,['1000BaseT'],yes, , 
Po1,**VSSVirtualLink**,connected,trunk,a-full,10G,[],yes,0100.0ccc.ccce,
Po2,**VSSVirtualLink**,connected,trunk,a-full,10G,[],yes, , 
Po13,ConnectiontozALPRgua01-NEW,notconnect,0,auto,auto,[],no, , 
Po14,gMLPRguy01-P,notconnect,0,auto,auto,[],no, , 
Po101,EtherchanneltosALPRgua01,connected,trunk,a-full,10G,[],yes,ffff.ffff.ffff,
Po102,EtherchanneltosALPRgua02,connected,trunk,a-full,10G,[],yes, , 
Po103,EtherchanneltosALPRgua03,connected,trunk,a-full,10G,[],yes, , 
Po104,EtherchanneltosALPRgua04,connected,trunk,a-full,a-1000,[],yes, , 
Po105,EtherchanneltosALPRgua05,connected,trunk,a-full,a-1000,[],yes, , 
Po106,EtherchanneltosALPRgua06,connected,trunk,a-full,a-1000,[],yes,ffff.ffff.ffff,
Po107,EtherchanneltosALPRgua07,connected,trunk,a-full,10G,[],yes, , 
Po108,EtherchanneltosALPRgua08,connected,trunk,a-full,a-1000,[],yes,ffff.ffff.ffff,
Po109,EtherchanneltosALPRgua09,connected,trunk,a-full,a-1000,[],yes,ffff.ffff.ffff,
Po110,EtherchanneltosALPRgua10,connected,trunk,a-full,a-1000,[],yes,ffff.ffff.ffff,
Po111,EtherchanneltorAWPRgua02,notconnect,0,auto,auto,[],no, , 
Po112,**tosALPRgua12**,connected,trunk,a-full,10G,[],yes,0100.0ccc.ccce,
Po113,**tosALPRgua13**,connected,trunk,a-full,10G,[],yes,0100.0ccc.ccce,
Po127,linktogMLPRguy01-FO,notconnect,0,auto,auto,[],no, , 
Po129,EtherchanneltogMLPRguy01-P,notconnect,0,auto,auto,[],no, , 
Po199,ConnectedtorAWPRgua99,notconnect,0,auto,auto,[],no, , 
