Interface,Description,Status,Vlan,Duplex,Speed,Type,Used,MACD,Vendor
Gi1/0/1,UVxx:User,notconnect,114,auto,auto,['10/100/1000BaseTX'],no,0030.af00.224f,Honeywell GmbH
Gi1/0/2,UVxx:User,connected,114,a-full,a-100,['10/100/1000BaseTX'],yes,1866.da06.218e,
Gi1/0/3,UVxx:User,notconnect,114,auto,auto,['10/100/1000BaseTX'],no,000a.f704.37d5,Broadcom
Gi1/0/4,UVxx:User,notconnect,114,auto,auto,['10/100/1000BaseTX'],no,1866.da06.22a2,Dell Inc.
Gi1/0/5,UVxx:User,connected,114,a-full,a-1000,['10/100/1000BaseTX'],yes,c4b3.6aca.405a,
Gi1/0/6,UVxx:User,notconnect,114,auto,auto,['10/100/1000BaseTX'],no, , 
Gi1/0/7,UVxx:User,notconnect,114,auto,auto,['10/100/1000BaseTX'],no, , 
Gi1/0/8,UVxx:User,notconnect,114,auto,auto,['10/100/1000BaseTX'],no, , 
Gi1/0/9,UVxx:User,notconnect,114,auto,auto,['10/100/1000BaseTX'],no, , 
Gi1/0/10,UVxx:User,connected,114,a-full,a-1000,['10/100/1000BaseTX'],yes,78f2.9efc.2ba9,
Gi1/0/11,UVxx:User,connected,114,a-full,a-100,['10/100/1000BaseTX'],yes,0cd9.9690.0520,"Cisco Systems, Inc"
Gi1/0/12,UVxx:User,connected,114,a-full,a-100,['10/100/1000BaseTX'],yes,24b6.5745.1cbf,"Cisco Systems, Inc"
Gi1/0/13,UVxx:User,connected,114,a-full,a-1000,['10/100/1000BaseTX'],yes,1065.304b.09da,Dell Inc.
Gi1/0/14,UVxx:User,notconnect,114,auto,auto,['10/100/1000BaseTX'],no, , 
Gi1/0/15,UVxx:User,connected,114,a-full,a-1000,['10/100/1000BaseTX'],yes,9c93.4e99.58b0,Xerox Corporation
Gi1/0/16,UVxx:User,notconnect,114,auto,auto,['10/100/1000BaseTX'],no, , 
Gi1/0/17,UVxx:User,connected,114,a-full,a-100,['10/100/1000BaseTX'],yes,484d.7ed4.dc9d,Dell Inc.
Gi1/0/18,UVxx:User,connected,114,a-full,a-100,['10/100/1000BaseTX'],yes,1833.9d14.edce,
Gi1/0/19,UVxx:User,connected,114,a-half,a-10,['10/100/1000BaseTX'],yes,0030.af00.224f,Honeywell GmbH
Gi1/0/20,UVxx:User,notconnect,114,auto,auto,['10/100/1000BaseTX'],no, , 
Gi1/0/21,UVxx:User,notconnect,114,auto,auto,['10/100/1000BaseTX'],no, , 
Gi1/0/22,UVxx:User,notconnect,114,auto,auto,['10/100/1000BaseTX'],no, , 
Gi1/0/23,UVxx:User,notconnect,114,auto,auto,['10/100/1000BaseTX'],no, , 
Gi1/0/24,UVxx:User,connected,114,a-full,a-100,['10/100/1000BaseTX'],yes,0cd9.9691.433e,"Cisco Systems, Inc"
Gi1/0/25,UVxx:User,notconnect,114,auto,auto,['10/100/1000BaseTX'],no, , 
Gi1/0/26,UVxx:User,notconnect,114,auto,auto,['10/100/1000BaseTX'],no, , 
Gi1/0/27,UVxx:User,notconnect,114,auto,auto,['10/100/1000BaseTX'],no, , 
Gi1/0/28,UVxx:User,notconnect,114,auto,auto,['10/100/1000BaseTX'],no, , 
Gi1/0/29,UVxx:User,notconnect,114,auto,auto,['10/100/1000BaseTX'],no, , 
Gi1/0/30,UVxx:User,connected,114,a-full,a-100,['10/100/1000BaseTX'],yes,1833.9d14.9f8d,"Cisco Systems, Inc"
Gi1/0/31,UVxx:User,notconnect,114,auto,auto,['10/100/1000BaseTX'],no, , 
Gi1/0/32,UVxx:User,notconnect,114,auto,auto,['10/100/1000BaseTX'],no, , 
Gi1/0/33,UVxx:User,connected,114,a-full,a-100,['10/100/1000BaseTX'],yes,18db.f250.6ae1,
Gi1/0/34,UVxx:User,notconnect,114,auto,auto,['10/100/1000BaseTX'],no, , 
Gi1/0/35,UVxx:User,connected,114,a-full,a-1000,['10/100/1000BaseTX'],yes,484d.7ed4.bece,Dell Inc.
Gi1/0/36,UVxx:User,connected,114,a-full,a-100,['10/100/1000BaseTX'],yes,000a.f704.37d5,Broadcom
Gi1/0/37,UVxx:User,connected,114,a-full,a-100,['10/100/1000BaseTX'],yes,9c93.4e55.98e0,Xerox Corporation
Gi1/0/38,UVxx:User,connected,114,a-full,a-1000,['10/100/1000BaseTX'],yes,484d.7ed4.db68,
Gi1/0/39,UVxx:User,connected,114,a-full,a-100,['10/100/1000BaseTX'],yes,64d8.14a4.7a39,"Cisco Systems, Inc"
Gi1/0/40,UVxx:User,notconnect,114,auto,auto,['10/100/1000BaseTX'],no, , 
Gi1/0/41,UVxx:User,notconnect,114,auto,auto,['10/100/1000BaseTX'],no, , 
Gi1/0/42,UVxx:User,connected,114,a-full,a-1000,['10/100/1000BaseTX'],yes,1866.da06.22a2,Dell Inc.
Gi1/0/43,UVxx:User,connected,114,a-full,a-100,['10/100/1000BaseTX'],yes,1833.9d14.1739,"Cisco Systems, Inc"
Gi1/0/44,UVxx:User,notconnect,114,auto,auto,['10/100/1000BaseTX'],no, , 
Gi1/0/45,**AP**,connected,308,a-full,a-1000,['10/100/1000BaseTX'],yes,f80b.cb77.dcc4,"Cisco Systems, Inc"
Gi1/0/46,**AP**,connected,308,a-full,a-1000,['10/100/1000BaseTX'],yes,f80b.cb77.ddc8,"Cisco Systems, Inc"
Gi1/0/47,**AP**,connected,308,a-full,a-1000,['10/100/1000BaseTX'],yes,f80b.cb77.dd64,"Cisco Systems, Inc"
Gi1/0/48,**AP**,connected,308,a-full,a-1000,['10/100/1000BaseTX'],yes,f80b.cb7e.d23c,"Cisco Systems, Inc"
Gi1/0/49,***tosDLPRgua01***,connected,trunk,a-full,a-1000,"['1000BaseSX', 'SFP']",yes, , 
Gi1/0/50,***tosDLPRgua01***,connected,trunk,a-full,a-1000,"['1000BaseSX', 'SFP']",yes, , 
Po8,**tosDLPRgua01**,connected,trunk,a-full,a-1000,[],yes, , 
Fa0,,notconnect,routed,auto,auto,['10/100BaseTX'],no, , 
