Interface,Description,Status,Vlan,Duplex,Speed,Type,Used,MACD,Vendor
Gi1/0/1,UVxx:User,notconnect,116,auto,auto,['10/100/1000BaseTX'],no,0030.af00.2084,Honeywell GmbH
Gi1/0/2,UVxx:User,notconnect,116,auto,auto,['10/100/1000BaseTX'],no, , 
Gi1/0/3,UVxx:User,notconnect,116,auto,auto,['10/100/1000BaseTX'],no, , 
Gi1/0/4,UVxx:User,connected,116,a-full,a-1000,['10/100/1000BaseTX'],yes, , 
Gi1/0/5,UVxx:User,notconnect,116,auto,auto,['10/100/1000BaseTX'],no, , 
Gi1/0/6,UVxx:User,notconnect,116,auto,auto,['10/100/1000BaseTX'],no, , 
Gi1/0/7,UVxx:User,notconnect,116,auto,auto,['10/100/1000BaseTX'],no, , 
Gi1/0/8,UVxx:User,connected,116,a-full,a-100,['10/100/1000BaseTX'],yes,1833.9d14.a1e8,"Cisco Systems, Inc"
Gi1/0/9,UVxx:User,connected,116,a-full,a-1000,['10/100/1000BaseTX'],yes,000d.5d17.8699,"Raritan Computer, Inc"
Gi1/0/10,UVxx:User,notconnect,116,auto,auto,['10/100/1000BaseTX'],no, , 
Gi1/0/11,UVxx:User,connected,116,a-full,a-1000,['10/100/1000BaseTX'],yes,54b2.038b.2c76,PEGATRON CORPORATION
Gi1/0/12,UVxx:User,notconnect,116,auto,auto,['10/100/1000BaseTX'],no, , 
Gi1/0/13,UVxx:User,notconnect,116,auto,auto,['10/100/1000BaseTX'],no, , 
Gi1/0/14,UVxx:User,connected,116,a-full,a-1000,['10/100/1000BaseTX'],yes,9c93.4e69.ad17,Xerox Corporation
Gi1/0/15,UVxx:User,notconnect,116,auto,auto,['10/100/1000BaseTX'],no, , 
Gi1/0/16,UVxx:User,connected,116,a-full,a-100,['10/100/1000BaseTX'],yes,6c2b.59e8.1298,Dell Inc.
Gi1/0/17,UVxx:User,notconnect,116,auto,auto,['10/100/1000BaseTX'],no, , 
Gi1/0/18,UVxx:User,connected,116,a-half,a-10,['10/100/1000BaseTX'],yes,0030.af00.2084,Honeywell GmbH
Gi1/0/19,UVxx:User,notconnect,116,auto,auto,['10/100/1000BaseTX'],yes, , 
Gi1/0/20,UVxx:User,notconnect,116,auto,auto,['10/100/1000BaseTX'],no, , 
Gi1/0/21,UVxx:User,notconnect,116,auto,auto,['10/100/1000BaseTX'],no, , 
Gi1/0/22,UVxx:User,notconnect,116,auto,auto,['10/100/1000BaseTX'],no, , 
Gi1/0/23,APInterface,notconnect,308,auto,auto,['10/100/1000BaseTX'],no, , 
Gi1/0/24,APInterface,notconnect,308,auto,auto,['10/100/1000BaseTX'],no, , 
Gi1/0/25,**tosDLPRgua01**,connected,trunk,a-full,a-1000,"['1000BaseLX', 'SFP']",yes, , 
Gi1/0/26,**tosDLPRgua01**,connected,trunk,a-full,a-1000,"['1000BaseLX', 'SFP']",yes, , 
Po9,**tosDLPRgua01**,connected,trunk,a-full,a-1000,[],yes, , 
Fa0,,notconnect,routed,auto,auto,['10/100BaseTX'],no, , 
