Interface,Description,Status,Vlan,Duplex,Speed,Type,Used,MACD,Vendor
Gi1/0/1,,connected,118,a-full,a-1000,['10/100/1000BaseTX'],yes,1866.da06.51a3,Dell Inc.
Gi1/0/2,,connected,118,a-full,a-100,['10/100/1000BaseTX'],yes,5006.041a.a460,
Gi1/0/3,,connected,118,a-full,a-1000,['10/100/1000BaseTX'],yes,0000.aad5.d0ba,
Gi1/0/4,,notconnect,118,auto,auto,['10/100/1000BaseTX'],yes, , 
Gi1/0/5,,notconnect,118,auto,auto,['10/100/1000BaseTX'],no, , 
Gi1/0/6,,notconnect,118,auto,auto,['10/100/1000BaseTX'],no, , 
Gi1/0/7,,notconnect,118,auto,auto,['10/100/1000BaseTX'],no, , 
Gi1/0/8,,notconnect,118,auto,auto,['10/100/1000BaseTX'],no, , 
Gi1/0/9,,notconnect,118,auto,auto,['10/100/1000BaseTX'],no, , 
Gi1/0/10,,notconnect,118,auto,auto,['10/100/1000BaseTX'],no, , 
Gi1/0/11,,connected,118,a-full,a-1000,['10/100/1000BaseTX'],yes,484d.7ed1.fbdb,Dell Inc.
Gi1/0/12,,connected,118,a-full,a-1000,['10/100/1000BaseTX'],yes,9c93.4e96.2a8a,Xerox Corporation
Gi1/0/13,,connected,118,a-full,a-100,['10/100/1000BaseTX'],yes,6c2b.59e8.0f18,
Gi1/0/14,,notconnect,118,auto,auto,['10/100/1000BaseTX'],no, , 
Gi1/0/15,,notconnect,118,auto,auto,['10/100/1000BaseTX'],no, , 
Gi1/0/16,,notconnect,118,auto,auto,['10/100/1000BaseTX'],no, , 
Gi1/0/17,,notconnect,118,auto,auto,['10/100/1000BaseTX'],no, , 
Gi1/0/18,,notconnect,118,auto,auto,['10/100/1000BaseTX'],no, , 
Gi1/0/19,,notconnect,118,auto,auto,['10/100/1000BaseTX'],no, , 
Gi1/0/20,,connected,118,a-full,a-1000,['10/100/1000BaseTX'],yes,c4b3.6aca.4c58,"Cisco Systems, Inc"
Gi1/0/21,,notconnect,118,auto,auto,['10/100/1000BaseTX'],no, , 
Gi1/0/22,,connected,118,a-full,a-1000,['10/100/1000BaseTX'],yes,a03d.6f12.a25c,
Gi1/0/23,APInterface,connected,308,a-full,a-1000,['10/100/1000BaseTX'],yes,5006.041a.dd80,"Cisco Systems, Inc"
Gi1/0/24,APInterface,connected,308,a-full,a-1000,['10/100/1000BaseTX'],yes,5006.041a.a460,"Cisco Systems, Inc"
Gi1/0/25,***tosDLPRgua01***,connected,trunk,a-full,a-1000,"['1000BaseLX', 'SFP']",yes, , 
Gi1/0/26,***tosDLPRgua01***,connected,trunk,a-full,a-1000,"['1000BaseLX', 'SFP']",yes, , 
Po10,,connected,trunk,a-full,a-1000,[],yes, , 
