Interface,Description,Status,Vlan,Duplex,Speed,Type,Used,MACD,Vendor
Gi1/0/1,**gMLPRguy01-Mgmt0/0**,connected,808,a-full,a-1000,['10/100/1000BaseTX'],yes,40f2.e969.8fd0,IBM
Gi1/0/2,**gMLPRguy01-Mgmt0/0**,notconnect,808,auto,auto,['10/100/1000BaseTX'],no, , 
Gi1/0/3,**gMLPRguy01-Gi0/0**,connected,trunk,a-full,a-1000,['10/100/1000BaseTX'],yes, , 
Gi1/0/4,**Server**,connected,trunk,a-full,a-1000,['10/100/1000BaseTX'],yes, , 
Gi1/0/5,**Server**,connected,30,a-full,a-1000,['10/100/1000BaseTX'],yes,98f2.b322.c010,Hewlett Packard Enterprise
Gi1/0/6,**Server**,notconnect,30,auto,auto,['10/100/1000BaseTX'],no, , 
Gi1/0/7,**Server**,connected,30,a-full,a-1000,['10/100/1000BaseTX'],yes, , 
Gi1/0/8,**Server**,notconnect,30,auto,auto,['10/100/1000BaseTX'],no, , 
Gi1/0/9,**Server**,connected,30,a-full,a-1000,['10/100/1000BaseTX'],yes,98f2.b328.ca22,Hewlett Packard Enterprise
Gi1/0/10,**Server**,notconnect,30,auto,auto,['10/100/1000BaseTX'],no, , 
Gi1/0/11,**Server**,connected,30,a-full,a-100,['10/100/1000BaseTX'],yes,40f2.e969.8fd4,IBM
Gi1/0/12,**Server**,notconnect,30,auto,auto,['10/100/1000BaseTX'],no, , 
Gi1/0/13,**Server**,connected,30,a-full,a-1000,['10/100/1000BaseTX'],yes,40f2.e969.8fd0,IBM
Gi1/0/14,**Server**,notconnect,30,auto,auto,['10/100/1000BaseTX'],no, , 
Gi1/0/15,**Server**,notconnect,30,auto,auto,['10/100/1000BaseTX'],no, , 
Gi1/0/16,**Server**,notconnect,30,auto,auto,['10/100/1000BaseTX'],no, , 
Gi1/0/17,**Server**,notconnect,30,auto,auto,['10/100/1000BaseTX'],no, , 
Gi1/0/18,**Server**,notconnect,30,auto,auto,['10/100/1000BaseTX'],no, , 
Gi1/0/19,**Server**,connected,30,a-full,a-1000,['10/100/1000BaseTX'],yes,40f2.e994.9792,IBM
Gi1/0/20,**Server**,notconnect,30,auto,auto,['10/100/1000BaseTX'],no, , 
Gi1/0/21,**Server**,notconnect,30,auto,auto,['10/100/1000BaseTX'],no, , 
Gi1/0/22,**Server**,notconnect,30,auto,auto,['10/100/1000BaseTX'],no, , 
Gi1/0/23,**Server**,notconnect,30,auto,auto,['10/100/1000BaseTX'],no, , 
Gi1/0/24,**Server**,notconnect,30,auto,auto,['10/100/1000BaseTX'],no, , 
Gi1/1/1,,notconnect,1,auto,auto,['unknown'],no, , 
Gi1/1/2,,notconnect,1,auto,auto,['unknown'],no, , 
Te1/1/3,,notconnect,1,auto,auto,['unknown'],no, , 
Te1/1/4,**tosDLPRgua01**,connected,trunk,full,10G,['SFP-10GBase-CX1'],yes, , 
Gi2/0/1,**togMLPRguy02-Mgmt0/0**,connected,808,a-full,a-1000,['10/100/1000BaseTX'],yes,a285.9100.0002,Vendor not found
Gi2/0/2,**togMLPRguy02-Mgmt0/0**,notconnect,808,auto,auto,['10/100/1000BaseTX'],no, , 
Gi2/0/3,**togMLPRguy02-G0/0**,connected,trunk,a-full,a-1000,['10/100/1000BaseTX'],yes, , 
Gi2/0/4,**togMLPRguy02-G0/0**,connected,trunk,a-full,a-1000,['10/100/1000BaseTX'],yes, , 
Gi2/0/5,**Server**,connected,30,a-full,a-1000,['10/100/1000BaseTX'],yes,98f2.b328.ca21,Hewlett Packard Enterprise
Gi2/0/6,**Server**,connected,30,a-full,a-1000,['10/100/1000BaseTX'],yes,b026.2855.1faa,Broadcom Limited
Gi2/0/7,**Server**,notconnect,30,auto,auto,['10/100/1000BaseTX'],no, , 
Gi2/0/8,**Server**,notconnect,30,auto,auto,['10/100/1000BaseTX'],no, , 
Gi2/0/9,**Server**,connected,30,a-full,a-1000,['10/100/1000BaseTX'],yes,0015.5d5a.6000,Microsoft Corporation
Gi2/0/10,**Server**,notconnect,30,auto,auto,['10/100/1000BaseTX'],no, , 
Gi2/0/11,**Server**,notconnect,30,auto,auto,['10/100/1000BaseTX'],no, , 
Gi2/0/12,**Server**,notconnect,30,auto,auto,['10/100/1000BaseTX'],no, , 
Gi2/0/13,**Server**,notconnect,30,auto,auto,['10/100/1000BaseTX'],no, , 
Gi2/0/14,**Server**,notconnect,30,auto,auto,['10/100/1000BaseTX'],no, , 
Gi2/0/15,**Server**,notconnect,30,auto,auto,['10/100/1000BaseTX'],no, , 
Gi2/0/16,**Server**,notconnect,30,auto,auto,['10/100/1000BaseTX'],no, , 
Gi2/0/17,**Server**,notconnect,30,auto,auto,['10/100/1000BaseTX'],no, , 
Gi2/0/18,**Server**,notconnect,30,auto,auto,['10/100/1000BaseTX'],no, , 
Gi2/0/19,**Server**,notconnect,30,auto,auto,['10/100/1000BaseTX'],no, , 
Gi2/0/20,**Server**,notconnect,30,auto,auto,['10/100/1000BaseTX'],no, , 
Gi2/0/21,**Server**,notconnect,30,auto,auto,['10/100/1000BaseTX'],no, , 
Gi2/0/22,VZW_New_MPLS_guayama-pr-pri_c3016089,notconnect,1,auto,auto,['10/100/1000BaseTX'],no, , 
Gi2/0/23,**Server**,connected,30,a-full,a-1000,['10/100/1000BaseTX'],yes, , 
Gi2/0/24,**Server**,connected,30,a-full,a-1000,['10/100/1000BaseTX'],yes, , 
Gi2/1/1,,notconnect,1,auto,auto,['unknown'],no, , 
Gi2/1/2,,notconnect,1,auto,auto,['unknown'],no, , 
Te2/1/3,,notconnect,1,auto,auto,['unknown'],no, , 
Te2/1/4,**tosDLPRgua01**,connected,trunk,full,10G,['SFP-10GBase-CX1'],yes, , 
Po13,**tosDLPRgua01**,connected,trunk,a-full,a-10G,[],yes, , 
Po27,"**togMLPRguy02-G0/0,G0/1**",connected,trunk,a-full,a-1000,[],yes, , 
Po29,"**togMLPRguy01-G0/0,G0/1**",connected,trunk,a-full,a-1000,[],yes, , 
