Interface,Description,Status,Vlan,Duplex,Speed,Type,Used,MACD,Vendor
Gi1/0/1,UVxx:User,connected,100,a-full,a-100,['10/100/1000BaseTX'],yes,9c93.4e69.abdc,Xerox Corporation
Gi1/0/2,UVxx:User,connected,100,a-full,a-1000,['10/100/1000BaseTX'],yes,000b.82dc.99f4,
Gi1/0/3,UVxx:User,notconnect,100,auto,auto,['10/100/1000BaseTX'],no,000c.290a.58e5,
Gi1/0/4,UVxx:User,connected,100,a-full,a-100,['10/100/1000BaseTX'],yes,0026.0b0b.0e20,"Cisco Systems, Inc"
Gi1/0/5,UVxx:User,notconnect,110,auto,auto,['10/100/1000BaseTX'],no, , 
Gi1/0/6,UVxx:User,notconnect,110,auto,auto,['10/100/1000BaseTX'],yes, , 
Gi1/0/7,UVxx:User,connected,110,a-full,a-100,['10/100/1000BaseTX'],yes,e454.e8b2.9846,Dell Inc.
Gi1/0/8,UVxx:User,connected,110,a-full,a-100,['10/100/1000BaseTX'],yes, , 
Gi1/0/9,UVxx:User,notconnect,110,auto,auto,['10/100/1000BaseTX'],no, , 
Gi1/0/10,UVxx:User,notconnect,110,auto,auto,['10/100/1000BaseTX'],yes, , 
Gi1/0/11,UVxx:User,connected,110,a-full,a-100,['10/100/1000BaseTX'],yes,6c50.4d57.26f4,"Cisco Systems, Inc"
Gi1/0/12,UVxx:User,notconnect,110,auto,auto,['10/100/1000BaseTX'],no, , 
Gi1/0/13,UVxx:User,notconnect,110,auto,auto,['10/100/1000BaseTX'],no, , 
Gi1/0/14,UVxx:User,connected,110,a-full,a-100,['10/100/1000BaseTX'],yes, , 
Gi1/0/15,UVxx:User,notconnect,110,auto,auto,['10/100/1000BaseTX'],yes, , 
Gi1/0/16,UVxx:User,notconnect,110,auto,auto,['10/100/1000BaseTX'],no, , 
Gi1/0/17,UVxx:User,notconnect,110,auto,auto,['10/100/1000BaseTX'],yes, , 
Gi1/0/18,UVxx:User,connected,110,a-full,a-1000,['10/100/1000BaseTX'],yes,9c93.4e69.abdc,Xerox Corporation
Gi1/0/19,UVxx:User,connected,110,a-full,a-1000,['10/100/1000BaseTX'],yes,c4b3.6a35.d1d2,"Cisco Systems, Inc"
Gi1/0/20,UVxx:User,connected,110,a-full,a-1000,['10/100/1000BaseTX'],yes,d89e.f383.a891,
Gi1/0/21,UVxx:User,notconnect,110,auto,auto,['10/100/1000BaseTX'],no, , 
Gi1/0/22,UVxx:User,connected,110,a-full,a-1000,['10/100/1000BaseTX'],yes,18db.f233.0e89,Dell Inc.
Gi1/0/23,UVxx:User,notconnect,110,auto,auto,['10/100/1000BaseTX'],no, , 
Gi1/0/24,UVxx:User,notconnect,100,auto,auto,['10/100/1000BaseTX'],yes, , 
Gi1/0/25,UVxx:User,connected,110,a-full,a-100,['10/100/1000BaseTX'],yes,1833.9d14.9ffe,"Cisco Systems, Inc"
Gi1/0/26,UVxx:User,notconnect,110,auto,auto,['10/100/1000BaseTX'],yes, , 
Gi1/0/27,UVxx:User,connected,110,a-half,a-100,['10/100/1000BaseTX'],yes, , 
Gi1/0/28,UVxx:User,connected,110,a-full,a-1000,['10/100/1000BaseTX'],yes,d89e.f383.9fca,Dell Inc.
Gi1/0/29,UVxx:User,connected,110,a-full,a-100,['10/100/1000BaseTX'],yes,000b.82dc.99f4,"Grandstream Networks, Inc."
Gi1/0/30,UVxx:User,notconnect,110,auto,auto,['10/100/1000BaseTX'],yes, , 
Gi1/0/31,**AP**,connected,308,a-full,a-1000,['10/100/1000BaseTX'],yes,dc8c.373e.f41e,"Cisco Systems, Inc"
Gi1/0/32,UVxx:User,notconnect,110,auto,auto,['10/100/1000BaseTX'],yes, , 
Gi1/0/33,UVxx:User,notconnect,110,auto,auto,['10/100/1000BaseTX'],yes, , 
Gi1/0/34,UVxx:User,connected,110,a-full,a-1000,['10/100/1000BaseTX'],yes,d89e.f383.168b,Dell Inc.
Gi1/0/35,UVxx:User,notconnect,110,auto,auto,['10/100/1000BaseTX'],no, , 
Gi1/0/36,UVxx:User,notconnect,110,auto,auto,['10/100/1000BaseTX'],yes, , 
Gi1/0/37,UVxx:User,connected,110,a-full,a-100,['10/100/1000BaseTX'],yes,0004.f2eb.3f27,Polycom
Gi1/0/38,UVxx:User,notconnect,110,auto,auto,['10/100/1000BaseTX'],yes, , 
Gi1/0/39,UVxx:User,connected,110,a-full,a-1000,['10/100/1000BaseTX'],yes,000c.290a.58e5,"VMware, Inc."
Gi1/0/40,UVxx:User,notconnect,110,auto,auto,['10/100/1000BaseTX'],no, , 
Gi1/0/41,,connected,110,full,100,['10/100/1000BaseTX'],yes,0026.0b0b.0e70,"Cisco Systems, Inc"
Gi1/0/42,UVxx:User,notconnect,110,auto,auto,['10/100/1000BaseTX'],yes, , 
Gi1/0/43,**Non-StandardSwitchMainEntrancePhone4415229**,connected,110,a-full,a-1000,['10/100/1000BaseTX'],yes,0026.0b0b.0e20,"Cisco Systems, Inc"
Gi1/0/44,UVxx:User,notconnect,110,auto,auto,['10/100/1000BaseTX'],yes, , 
Gi1/0/45,**AP**,notconnect,308,auto,auto,['10/100/1000BaseTX'],no, , 
Gi1/0/46,**AP**,notconnect,308,auto,auto,['10/100/1000BaseTX'],no, , 
Gi1/0/47,**AP**,connected,308,a-full,a-1000,['10/100/1000BaseTX'],yes,a03d.6f34.8af4,"Cisco Systems, Inc"
Gi1/0/48,**AP**,connected,308,a-full,a-1000,['10/100/1000BaseTX'],yes,b026.80c2.5e34,
Gi1/0/49,**tosDLPRgua01**,connected,trunk,a-full,a-1000,"['1000BaseSX', 'SFP']",yes, , 
Gi1/0/50,**tosDLPRgua01**,connected,trunk,a-full,a-1000,"['1000BaseSX', 'SFP']",yes, , 
Po6,**tosDLPRgua01**,connected,trunk,a-full,a-1000,[],yes, , 
